name,denomination,address
Crossbridge Community Church Of San Antonio,,"25700 OVERLOOK PKWY, SAN ANTONIO, TX 78260-2599"
Christ Redeeming Community Church,,"787 G ST, SAN ANTONIO, TX 78220-4215"
Galilea Church,,"1060 DONALDSON AVE, SAN ANTONIO, TX 78228-5159"
Mt Horeb International Prayer Camp Ministries Inc,Christian / General,"PO BOX 10938, SAN ANTONIO, TX 78210-0938"
Lively Stone International Christian Church,Christian / General,"1639 DAWSON ST, SAN ANTONIO, TX 78202-2403"
New Evangelist Ministries International,Christian / General,"PO BOX 700355, SAN ANTONIO, TX 78270-0355"
Gospel Of Truth Church Of The Living God International Inc,,"7043 BANDERA RD, SAN ANTONIO, TX 78238-1266"
Mercy Church San Antonio,,"8311 S ZARZAMORA ST, SAN ANTONIO, TX 78224-1757"
Triumphant Word Christian Center,Christian / General,"7042 ALAMO DOWNS PKWY STE 600, SAN ANTONIO, TX 78238-4523"
Redeeming Grace African Methodist Episcopal Cion Church,Methodist,"1690 RIGSBY AVE, SAN ANTONIO, TX 78210-3215"
Genesis Church Of San Antonio,,"414 MISSION ST, SAN ANTONIO, TX 78210-1742"
Servants Of Servants Ministries,Christian / General,"1624 SANTA FE TRAIL DR, SAN ANTONIO, TX 78232-6103"
Mamrock Ministries Inc,Christian / General,"17503 LA CANTERA PRKWY STE 104193, SAN ANTONIO, TX 78257-8207"
Resurrection Cemetery Administry Of The Cordi-Marian Sisters,Christian / General,"11624 W FM 471 OFC 501, SAN ANTONIO, TX 78253-9337"
Romanian Media Ministries Inc,Christian / General,"PO BOX 700368, SAN ANTONIO, TX 78270-0368"
Edem Hopeson Ministries,Christian / General,"PO BOX 10077, SAN ANTONIO, TX 78210-0077"
St Anthony Catholic High School Texas Inc,Catholic,"3200 MCCULLOUGH AVE, SAN ANTONIO, TX 78212-3021"
Corazon Ministries Inc,Christian / General,"126 GONZALES ST STE 200, SAN ANTONIO, TX 78205-4402"
Grace Church Of San Antonio,,"239 N LOOP 1604 W, SAN ANTONIO, TX 78232-1027"
Iron Sharpens Iron Ministries Inc,Christian / General,"7800 W INTERSTATE 10 STE 505, SAN ANTONIO, TX 78230-4723"
Living Word World Ministries,Christian / General,"3802 CROSSETTE DR, SAN ANTONIO, TX 78228-2005"
Hope House Ministries,Christian / General,"430 N CHERRY ST, SAN ANTONIO, TX 78202-2211"
Confraternidad De Iglesias Cristianas Hispana Usa,,"5642 MONTEREY ST, SAN ANTONIO, TX 78237-1884"
St George Indian Orthodox Church,Orthodox,"PO BOX 692174, SAN ANTONIO, TX 78269-2174"
His Greater Works Ministry,Christian / General,"3122 CLEARFIELD DR, SAN ANTONIO, TX 78230-3414"
All Nations Church-Onnuri At San Antonio,,"1250 HOLBROOK, SAN ANTONIO, TX 78218-3327"
Church Of Living God The Pillar And Ground Of The Truth Of Richmond,,"7307 BIRCH STAGE, SAN ANTONIO, TX 78244-2341"
Sword Of Truth Church Of God And Christ,Church of God,"4444 WALZEM RD STE 201, SAN ANTONIO, TX 78218-2043"
Journey Church San Antonio,,"12758 CIMARRON PATH, SAN ANTONIO, TX 78249-3426"
Grace International Churches And Ministries Inc,Christian / General,"251 ALTITUDE DR, SAN ANTONIO, TX 78227-3305"
Gathering Of His Grace Church Inc,,"102 SPRINGVALE DR, SAN ANTONIO, TX 78227-4448"
Sion Romanian Baptist Church,Baptist,"5047 DE ZAVALA RD, SAN ANTONIO, TX 78249-2024"
Davila Family Ministries,Christian / General,"10715 RIVERA CV, SAN ANTONIO, TX 78249-3918"
Christ Healing Center Ministries,Christian / General,"PO BOX 12778, SAN ANTONIO, TX 78212-0778"
My Fathers House Church Inc,,"PO BOX 34313, SAN ANTONIO, TX 78265-4313"
Elisa Riebeling Ministries Inc,Christian / General,"PO BOX 681252, SAN ANTONIO, TX 78268-1252"
Soul Harvest Church,,"102 WOLEY DR, SAN ANTONIO, TX 78228-5931"
Radiance Ministries,Christian / General,"822 LONE WOLF TRL, SAN ANTONIO, TX 78232-2756"
Shiloah Covenant Church,,"PO BOX 18481, SAN ANTONIO, TX 78218-0481"
Cedar Gap Family Church,,"13903 DOVE HOLLOW DR, SAN ANTONIO, TX 78232-5402"
Cufi Church Association,,"18410 SONTERRA PL STE 100, SAN ANTONIO, TX 78258-4785"
Greater Love Ministries Inc,Christian / General,"1534 PECK AVE, SAN ANTONIO, TX 78210-3322"
International Association Ofevangelical Chaplains Inc,Protestant / Evangelical,"8831 PINERIDGE RD, SAN ANTONIO, TX 78217-5831"
New Life Presbyterian Church,Presbyterian,"6311 KINGS CROWN ST, SAN ANTONIO, TX 78233-4714"
Chapter Three Ministries,Christian / General,"PO BOX 690152, SAN ANTONIO, TX 78269-0152"
Pastor Assist Ministries Inc,Christian / General,"24165 IH-10 W STE 217-631, SAN ANTONIO, TX 78257-1160"
Breakthrough Sa Church Inc,,"12403 NACOGDOCHES ROAD, SAN ANTONIO, TX 78217-2141"
Northwest Calvary Chapel,,"9107 MARBACH RD STE 225, SAN ANTONIO, TX 78245-1833"
Rock Hills Church,,"807 ARTISAN WAY, SAN ANTONIO, TX 78260-4377"
Genesis Hotwells Bible Baptist Church,Baptist,"301HOTWELLSBIVD, SAN ANTONIO, TX 78223-0000"
Louis Vivenzio Ministry,Christian / General,"18615 REDROCK WOODS, SAN ANTONIO, TX 78259-3311"
Mars Hill Christian Fellowship Church,Christian / General,"3435 MARTIN LUTHER KING DR, SAN ANTONIO, TX 78220-2323"
Americans United For Separation Of Church And State,,"345 ARGYLE AVE, SAN ANTONIO, TX 78209-5608"
Christ Fellowship Church Of San Antonio,Christian / General,"5440 VANCE JACKSON RD, SAN ANTONIO, TX 78230-4130"
Churches Of Christ Restoration Inc,,"711 GILLESPIE ST, SAN ANTONIO, TX 78212-3702"
Saved By Grace Gospel Church,,"1326 PLEASANTON RD, SAN ANTONIO, TX 78214-1943"
Peace Community Church,,"PO BOX 681757, SAN ANTONIO, TX 78268-1757"
Memorial Christian Church A New Testament Church Of Christ,Church of Christ,"213 SEELING BLVD, SAN ANTONIO, TX 78228-5037"
Church Of Truth,,"3834 DEERFIELD DR, SAN ANTONIO, TX 78218-2414"
Maranatha Bible Church,,"415 LULA MAE, SAN ANTONIO, TX 78219-3319"
Alamo City Bible Church,,"2800 NE LOOP 410 STE 111, SAN ANTONIO, TX 78218-1525"
Bethany Baptist Church,Baptist,"PO BOX 33758, SAN ANTONIO, TX 78265-3758"
Faith Lutheran Church Of San Antonio,Lutheran,"14819 JONES MALTSBERGER RD, SAN ANTONIO, TX 78247-3715"
Moussa Temple No 106 Ancient Egyptian Arabic Order,,"PO BOX 202119, SAN ANTONIO, TX 78220-9119"
Catholic Life Insurance,Catholic,"1635 NE LOOP 410, SAN ANTONIO, TX 78209-1625"
Catholic Life Insurance,Catholic,"1635 NE LOOP 410, SAN ANTONIO, TX 78209-1625"
Catholic Life Insurance - 3 Westphalia,Catholic,"1635 NE LOOP 410, SAN ANTONIO, TX 78209-1625"
Catholic Life Insurance,Catholic,"1635 NE LOOP 410, SAN ANTONIO, TX 78209-1625"
Catholic Life Insurance - 5 Weimar,Catholic,"1635 NE LOOP 410, SAN ANTONIO, TX 78209-1625"
Catholic Life Insurance,Catholic,"1635 NE LOOP 410, SAN ANTONIO, TX 78209-1625"
Catholic Life Insurance,Catholic,"1635 NE LOOP 410, SAN ANTONIO, TX 78209-1625"
Catholic Life Insurance - 9 New Braunfels,Catholic,"1635 NE LOOP 410, SAN ANTONIO, TX 78209-1625"
Catholic Life Insurance - 10 Rhineland - Seymour,Catholic,"1635 NE LOOP 410, SAN ANTONIO, TX 78209-1625"
Catholic Life Insurance - 11 Frelsburg,Catholic,"1635 NE LOOP 410, SAN ANTONIO, TX 78209-1625"
Catholic Life Insurance,Catholic,"1635 NE LOOP 410, SAN ANTONIO, TX 78209-1625"
Catholic Life Insurance,Catholic,"1635 NE LOOP 410, SAN ANTONIO, TX 78209-1625"
Catholic Life Insurance,Catholic,"1635 NE LOOP 410, SAN ANTONIO, TX 78209-1625"
Catholic Life Insurance - 15 Nada,Catholic,"1635 NE LOOP 410, SAN ANTONIO, TX 78209-1625"
Catholic Life Insurance - 16 Moulton-Flatonia,Catholic,"1635 NE LOOP 410, SAN ANTONIO, TX 78209-1625"
Catholic Life Insurance - 17 Castroville,Catholic,"1635 NE LOOP 410, SAN ANTONIO, TX 78209-1625"
Catholic Life Insurance-18 Muenster,Catholic,"1635 NE LOOP 410, SAN ANTONIO, TX 78209-1625"
Catholic Life Insurance - 22 Hallettsville,Catholic,"1635 NE LOOP 410, SAN ANTONIO, TX 78209-1625"
Catholic Life Insurance,Catholic,"1635 NE LOOP 410, SAN ANTONIO, TX 78209-1625"
Catholic Life Insurance - 26 Olfen,Catholic,"1635 NE LOOP 410, SAN ANTONIO, TX 78209-1625"
Catholic Life Insurance - 28 Wall,Catholic,"1635 NE LOOP 410, SAN ANTONIO, TX 78209-1625"
Catholic Life Insurance,Catholic,"1635 NE LOOP 410, SAN ANTONIO, TX 78209-1625"
Catholic Life Insurance,Catholic,"1635 NE LOOP 410, SAN ANTONIO, TX 78209-1625"
Catholic Life Insurance,Catholic,"1635 NE LOOP 410, SAN ANTONIO, TX 78209-1625"
Catholic Life Insurance,Catholic,"1635 NE LOOP 410, SAN ANTONIO, TX 78209-1625"
Catholic Life Insurance,Catholic,"1635 NE LOOP 410, SAN ANTONIO, TX 78209-1625"
Catholic Life Insurance - 36 Scotland,Catholic,"1635 NE LOOP 410, SAN ANTONIO, TX 78209-1625"
Catholic Life Insurance - 38 Honey Creek,Catholic,"1635 NE LOOP 410, SAN ANTONIO, TX 78209-1625"
Catholic Life Insurance - 40 Rowena,Catholic,"1635 NE LOOP 410, SAN ANTONIO, TX 78209-1625"
Catholic Life Insurance - 42 Nc Houston,Catholic,"1635 NE LOOP 410, SAN ANTONIO, TX 78209-1625"
Catholic Life Insurance,Catholic,"1635 NE LOOP 410, SAN ANTONIO, TX 78209-1625"
Catholic Life Insurance -45 La Coste- Devine,Catholic,"1635 NE LOOP 410, SAN ANTONIO, TX 78209-1625"
Catholic Life Insurance-51 Victoria,Catholic,"1635 NE LOOP 410, SAN ANTONIO, TX 78209-1625"
Catholic Life Insurance,Catholic,"1635 NE LOOP 410, SAN ANTONIO, TX 78209-1625"
Catholic Life Insurance-54 Hereford,Catholic,"1635 NE LOOP 410, SAN ANTONIO, TX 78209-1625"
Catholic Life Insurance - 55 Port Lavaca,Catholic,"1635 NE LOOP 410, SAN ANTONIO, TX 78209-1625"
Catholic Life Insurance,Catholic,"1635 NE LOOP 410, SAN ANTONIO, TX 78209-1625"
Catholic Life Insurance - 57 Panna Maria,Catholic,"1635 NE LOOP 410, SAN ANTONIO, TX 78209-1625"
Catholic Life Insurance - 58 Nw Houston,Catholic,"1635 NE LOOP 410, SAN ANTONIO, TX 78209-1625"
Catholic Life Insurance,Catholic,"1635 NE LOOP 410, SAN ANTONIO, TX 78209-1625"
Catholic Life Insurance,Catholic,"1635 NE LOOP 410, SAN ANTONIO, TX 78209-1625"
Catholic Life Insurance,Catholic,"1635 NE LOOP 410, SAN ANTONIO, TX 78209-1625"
Catholic Life Insurance - 69 Gonzales,Catholic,"1635 NE LOOP 410, SAN ANTONIO, TX 78209-1625"
Catholic Life Insurance - 73 St Hedwig,Catholic,"1635 NE LOOP 410, SAN ANTONIO, TX 78209-1625"
Catholic Life Insurance - 74 Kosciusko,Catholic,"1635 NE LOOP 410, SAN ANTONIO, TX 78209-1625"
Catholic Life Insurance-75 Harper,Catholic,"1635 NE LOOP 410, SAN ANTONIO, TX 78209-1625"
Catholic Life Insurance - 76 Floresville,Catholic,"1635 NE LOOP 410, SAN ANTONIO, TX 78209-1625"
Catholic Life Insurance - 80 Hondo,Catholic,"1635 NE LOOP 410, SAN ANTONIO, TX 78209-1625"
Catholic Life Insurance-81 Wichita Falla,Catholic,"1635 NE LOOP 410, SAN ANTONIO, TX 78209-1625"
Catholic Life Insurance-87 Greater Houston,Catholic,"1635 NE LOOP 410, SAN ANTONIO, TX 78209-1625"
Catholic Life Insurance - 88 Poth,Catholic,"1635 NE LOOP 410, SAN ANTONIO, TX 78209-1625"
Catholic Life Insurance-91 Yorktown,Catholic,"1635 NE LOOP 410, SAN ANTONIO, TX 78209-1625"
Catholic Life Insurance,Catholic,"1635 NE LOOP 410, SAN ANTONIO, TX 78209-1625"
Catholic Life Insurance - 97 Edna - Ganado,Catholic,"1635 NE LOOP 410, SAN ANTONIO, TX 78209-1625"
Catholic Life Insurance - 101 Nw San Antonio,Catholic,"1635 NE LOOP 410, SAN ANTONIO, TX 78209-1625"
Catholic Life Insurance-104 George West,Catholic,"1635 NE LOOP 410, SAN ANTONIO, TX 78209-1625"
Catholic Life Insurance,Catholic,"1635 NE LOOP 410, SAN ANTONIO, TX 78209-1625"
Catholic Life Insurance - 114 San Angelo,Catholic,"1635 NE LOOP 410, SAN ANTONIO, TX 78209-1625"
Catholic Life Insurance,Catholic,"1635 NE LOOP 410, SAN ANTONIO, TX 78209-1625"
Catholic Life Insurance - 116 Stonewall,Catholic,"1635 NE LOOP 410, SAN ANTONIO, TX 78209-1625"
Catholic Life Insurance - 117 Nc San Antonio,Catholic,"1635 NE LOOP 410, SAN ANTONIO, TX 78209-1625"
Catholic Life Insurance,Catholic,"1635 NE LOOP 410, SAN ANTONIO, TX 78209-1625"
Catholic Life Insurance-126 Baytown,Catholic,"1635 NE LOOP 410, SAN ANTONIO, TX 78209-1625"
Catholic Life Insurance - 131 Ballinger,Catholic,"1635 NE LOOP 410, SAN ANTONIO, TX 78209-1625"
Catholic Life Insurance,Catholic,"1635 NE LOOP 410, SAN ANTONIO, TX 78209-1625"
Catholic Life Insurance - 150 Se Houston,Catholic,"1635 NE LOOP 410, SAN ANTONIO, TX 78209-1625"
Catholic Life Insurance - 155 Dallas,Catholic,"1635 NE LOOP 410, SAN ANTONIO, TX 78209-1625"
Catholic Life Insurance - 200 St Benedict,Catholic,"1635 NE LOOP 410, SAN ANTONIO, TX 78209-1625"
Catholic Life Insurance - 202 Pecan Valley,Catholic,"1635 NE LOOP 410, SAN ANTONIO, TX 78209-1625"
The Oasis At Faith Worship Center San Antonio Inc,,"11502 BIG MESA DR, SAN ANTONIO, TX 78245-2257"
Believers United Christian Ministries Inc,Christian / General,"2226 E COMMERCE ST, SAN ANTONIO, TX 78203-1902"
Acts Missions Chapter Of Brownsville Diocese,,"7711 MADONNA, SAN ANTONIO, TX 78216-6620"
Life Synagogue Temple Of Truth Inc,Jewish,"5810 WAYVIEW ST, SAN ANTONIO, TX 78220-1925"
H R Church Inc,,"1110 TEMPLE SQ, SAN ANTONIO, TX 78245-1430"
Life Point Church Of San Antonio Inc,,"8098 FM 1560 N, SAN ANTONIO, TX 78254-9531"
Mission Church Of San Antonio,,"7700 TORINO DR, SAN ANTONIO, TX 78229-2329"
Reaching East African Lives For Christ Ministries,Christian / General,"6422 BANDERA RD 134, SAN ANTONIO, TX 78238-1511"
Westover Hills Assembly Of God Foundation,,"9340 WESTOVER HILLS BLVD, SAN ANTONIO, TX 78251-2703"
Iglesia Jesucristo Es Mi Refugio De San Antonio,,"6108 S FLORES ST, SAN ANTONIO, TX 78214-2159"
Life Family Church Of San Antonio Inc,,"9226 PROCLAMATION DR, SAN ANTONIO, TX 78240-2841"
St Anthony Catholic School Foundation,Catholic,"205 W HUISACHE AVE, SAN ANTONIO, TX 78212-2909"
Iglesia Familia Cristiana,,"9819 DARTMOOR PONY, SAN ANTONIO, TX 78254-4707"
North Central Christian Church,Christian / General,"22307 LAVACA CRK, SAN ANTONIO, TX 78258-4324"
Kbc Ministries Inc,Christian / General,"PO BOX 593076, SAN ANTONIO, TX 78259-0203"
Moment Of Truth Ministries,Christian / General,"1730 E COMMERCE ST, SAN ANTONIO, TX 78203-1102"
Iglesia Cristiana Herederos Del Reino Inc,,"4922 CASA ORO ST, SAN ANTONIO, TX 78233-6427"
Lids Christian Center,Christian / General,"7923 MEADOW STAR, SAN ANTONIO, TX 78227-1655"
Christian Family Church Windsor Park,Christian / General,"PO BOX 143, SAN ANTONIO, TX 78291-0143"
Revelation International Ministries,Christian / General,"PO BOX 200072, SAN ANTONIO, TX 78220-0072"
Apostolic Words Of Life Inc,Apostolic,"6603 FIVE PALMS DR, SAN ANTONIO, TX 78242-1001"
Justin Graves Ministries,Christian / General,"PO BOX 701312, SAN ANTONIO, TX 78270-1312"
St Lukes Episcopal School Permanent Endowment Fund,Episcopal,"15 SAINT LUKES LN, SAN ANTONIO, TX 78209-4445"
Alexander Wright Ministry Inc,Christian / General,"24711 CORRAL GABLES, SAN ANTONIO, TX 78261-2467"
Walking In Pure Victory Ministry,Christian / General,"1021 N HAMILTON ST, SAN ANTONIO, TX 78207-1435"
Believers Home Fellowship,Christian / General,"15002 OLD CREEK ST, SAN ANTONIO, TX 78217-1165"
Temple Of God Full Gospel Church,,"PO BOX 23361, SAN ANTONIO, TX 78223-0361"
Church At Faith Walk Fellowship,Christian / General,"18011 REDRIVER SKY, SAN ANTONIO, TX 78259-3580"
His Life Ministries,Christian / General,"12000 HUEBNER RD, SAN ANTONIO, TX 78230-1213"
Verse By Verse Ministry Of San Antonio,Christian / General,"2110 PARHAVEN DR, SAN ANTONIO, TX 78232-1654"
Christian Family Church International Of San Diego,Christian / General,"10650 CULEBRA RD STE 104-PMB 109, SAN ANTONIO, TX 78251-4949"
Clarion Call Christian Center,Christian / General,"17655 HENDERSON PASS APT 1025, SAN ANTONIO, TX 78232-1558"
Hindu Temple Of San Antonio Foundation,,"CO MKRCPA 4831 WESLEYAN ST, SAN ANTONIO, TX 78249-0000"
Lords House Christian Church Inc,Christian / General,"1250 S TRINITY ST, SAN ANTONIO, TX 78207-6144"
Templo Magdiel Full Gospel Church Inc,,"8023 SOMERSET RD, SAN ANTONIO, TX 78211-3845"
Mighty Redeemer Ministries Inc,Christian / General,"13026 MAPLE PARK DR, SAN ANTONIO, TX 78249-4311"
Kathleen Whitten Ministries,Christian / General,"8610 N NEW BRAUNFELS AVE STE 605, SAN ANTONIO, TX 78217-6454"
Worship Tools Ministry,Christian / General,"7800 IH 10 WEST SUITE 505, SAN ANTONIO, TX 78230-4723"
Rechurch210,,"9718 ASTIN PL, SAN ANTONIO, TX 78251-3728"
Zack Cherian International Ministries Usa Inc,Christian / General,"25725 COMANCHE CRK, SAN ANTONIO, TX 78261-4411"
Ministry Of The Third Cross Inc,Christian / General,"14207 SPOTTED CEDAR, SAN ANTONIO, TX 78249-1029"
Greater Heights Fellowship,Christian / General,"411 SPRUCEWOOD LN, SAN ANTONIO, TX 78216-6417"
Heights Community Church,,"324 HARMON DR, SAN ANTONIO, TX 78209-4830"
Treasures Of Hope Fellowship Inc,Christian / General,"500 NAVARRO ST 2ND FLOOR PMB 7064, SAN ANTONIO, TX 78205-1833"
Apostolic Latin American Missionary Projects Inc,Apostolic,"9302 TIMBER PATH, SAN ANTONIO, TX 78250-4911"
Grace Avenue Church,,"14546 BROOK HOLLOW BLVD 266, SAN ANTONIO, TX 78232-3810"
Ofb Ministries Inc,Christian / General,"2430 FREEDOM DR, SAN ANTONIO, TX 78217-4423"
Park Community Church,,"PO BOX 781669, SAN ANTONIO, TX 78278-1669"
Higher Ground Christian Worship Center,Christian / General,"PO BOX 340733, SAN ANTONIO, TX 78234-0733"
Community Bible Church Northwest,,"8118 TEZEL RD, SAN ANTONIO, TX 78250-3032"
Empowering Uplifting & Motivating Ministries Inc,Christian / General,"20659 STONE OAK PKWY APT 503, SAN ANTONIO, TX 78258-7492"
Community Bible Church Schertz Cibolo,,"20711 WILD SPRINGS DR, SAN ANTONIO, TX 78258-7425"
Alamo Community Church - San Antonio,,"5354 TALLEY RD, SAN ANTONIO, TX 78253-4139"
Redeemed Christian Church Of God Restoration Chapel San Antonio,Church of God,"2515 NACOGDOCHES ROAD STE 5, SAN ANTONIO, TX 78217-6010"
Iglesia Cristiana Jehova Shammah,,"1013 TEXAS AVE, SAN ANTONIO, TX 78201-0000"
Living Waters Romanian Pentecostal Church,Pentecostal,"17030 DARIEN WING, SAN ANTONIO, TX 78247-5856"
Covenant Life Christian Church Inc,Christian / General,"PO BOX 762322, SAN ANTONIO, TX 78245-7322"
Iron Sharpens Iron Church Inc,,"1514 W OLMOS DR, SAN ANTONIO, TX 78201-4152"
Go For The Harvest Church Of God,Church of God,"PO BOX 14020, SAN ANTONIO, TX 78214-0020"
New Creation Church,,"PO BOX 591064, SAN ANTONIO, TX 78259-0103"
Javier Galvan Ministries,Christian / General,"515 W CRESTLINE DR, SAN ANTONIO, TX 78228-1962"
Three Streams Church,,"7295 E EVANS RD, SAN ANTONIO, TX 78266-2805"
Grace Community Church San Antonio,,"5415 BANDERA RD STE 501, SAN ANTONIO, TX 78238-1958"
Blessed Kingdom Ministries,Christian / General,"32 BADGERS HLS, SAN ANTONIO, TX 78238-1374"
Covenant Keepers Ministry Inc,Christian / General,"12114 TOWER FRST, SAN ANTONIO, TX 78253-6716"
Grove Avenue Church Of Christ,Church of Christ,"119 GROVE AVE, SAN ANTONIO, TX 78210-2817"
True Life Church- Iglesia Vida Verdadera,,"9611 NUECES CYN, SAN ANTONIO, TX 78251-3578"
Sos 3 Ministries Inc,Christian / General,"2606 CANON PERDIDO, SAN ANTONIO, TX 78261-2759"
Last Chance Ministries,Christian / General,"404 BRADY BLVD, SAN ANTONIO, TX 78207-8036"
Javier Galvan Ministries,Christian / General,"515 W CRESTLINE DR, SAN ANTONIO, TX 78228-1962"
Starlight Baptist Church,Baptist,"24165 IH 10 WEST SUITE 217223, SAN ANTONIO, TX 78257-1449"
Air Force Village I Catholic Chapel Association,Catholic,"4917 RAVENSWOOD DR APT 114, SAN ANTONIO, TX 78227-4338"
San Antonio Pentecostal Church,Pentecostal,"2330 PINN RD, SAN ANTONIO, TX 78227-3626"
Grace Ministries Church,Christian / General,"10915 VANCE JACKSON RD, SAN ANTONIO, TX 78230-2505"
The Romanian Orthodox Archdiocese In America And Canada,Orthodox,"1801 THORAIN BLVD, SAN ANTONIO, TX 78201-2935"
Wildaplat Christian Fellowship Inc,Christian / General,"PO BOX 780248, SAN ANTONIO, TX 78278-0248"
Casting Vision Ministries,Christian / General,"3515 CANYON PKWY APT 9208, SAN ANTONIO, TX 78259-2466"
Iglesia Cristiana Bajo La Sombra De L Arbol De La Vida Inc,,"419 GARDINA ST, SAN ANTONIO, TX 78201-2905"
Call To Holiness,,"13407 ELM FORREST, SAN ANTONIO, TX 78253-4930"
Gateway Fellowship Assembly Of God Church,Christian / General,"10907 W LOOP 1604 N, SAN ANTONIO, TX 78254-3300"
Spirit & Life Fellowship,Christian / General,"6210 STABLE POINT DR, SAN ANTONIO, TX 78249-4616"
Templo La Tierra Prometida,,"159 ALICIA AVE, SAN ANTONIO, TX 78228-5802"
Vision On Fire Ministries Inc,Christian / General,"2203 LEE HALL, SAN ANTONIO, TX 78201-3452"
Mission City Fellowship,Christian / General,"3134 SABLE XING, SAN ANTONIO, TX 78232-4105"
Rio Grande Native American Church,,"PO BOX 460346, SAN ANTONIO, TX 78246-0346"
Solid Rock Church Of San Antonio,,"9402 SYCAMORE BRK, SAN ANTONIO, TX 78254-6919"
San Antonio Catholic Worker Community Housing Trust Of 1992,Catholic,"4711 DIETRICH ROAD BLDG 10, SAN ANTONIO, TX 78219-2873"
Butler African Methodist Episcopal Church,Methodist,"3618 HOWARD ST, SAN ANTONIO, TX 78212-1944"
Iglesia Pentecostal Torre De Santidad Inc,Pentecostal,"10929 NACOGDOCHES RD STE 14, SAN ANTONIO, TX 78217-2873"
Mission City Bible Church,,"4114 DESERT VIEW DR, SAN ANTONIO, TX 78217-3516"
Iglesia Cristiana El Sembrador,,"1422 RICHLAND HILLS, SAN ANTONIO, TX 78251-2983"
Providence Church San Antonio,,"11527 WINDTREE, SAN ANTONIO, TX 78253-6117"
Iglesia Pentecostal Unida Hispana 1 Inc,Pentecostal,"854 KENDALIA AVE, SAN ANTONIO, TX 78221-1318"
Church Strong,,"3606 MARLARK PASS, SAN ANTONIO, TX 78261-2714"
Inspired Word Church,,"20770 US HIGHWAY 281 N STE 108, SAN ANTONIO, TX 78258-7500"
Sisters In Christ Outreach Ministry Inc,Christian / General,"10355 FORT DAVIS TRL, SAN ANTONIO, TX 78245-3162"
Grace Mosaic Mission Church,,"6391 DE ZAVALA RD STE 106, SAN ANTONIO, TX 78249-2144"
Iglesia Gracia Y Verdad San Antonio,,"12834 COUNTRY RDG, SAN ANTONIO, TX 78216-2324"
Life Spring Ministries,Christian / General,"14413 GOLD RUSH PASS, SAN ANTONIO, TX 78254-4469"
Klema Life Church,,"1253 CRYSTAL, SAN ANTONIO, TX 78211-1621"
Churchill Spirit Club,,"12049 BLANCO RD, SAN ANTONIO, TX 78216-2411"
Noonday Farms Ministry,Christian / General,"404 HARMON DR, SAN ANTONIO, TX 78209-4832"
Logos Christian Reformed Church,Christian / General,"9739 HUEBNER RD, SAN ANTONIO, TX 78240-3163"
5 Crowns Church Inc,,"12203 COAL MINE RISE, SAN ANTONIO, TX 78245-3576"
Press Start Ministries Inc,Christian / General,"14317 POTRANCO RD PMB 1053, SAN ANTONIO, TX 78253-7125"
Vital Seed Ministries International Inc,Christian / General,"8418 BEAR TREE CIRCLE 100, SAN ANTONIO, TX 78255-3625"
Acts Hiv-Aids Ministry,Christian / General,"1819 NEVADA ST, SAN ANTONIO, TX 78203-1735"
Blueprint Ministries Inc,Christian / General,"2926 S PRESA ST, SAN ANTONIO, TX 78210-3916"
Baptist Health Foundation Of San Antonio,Baptist,"755 E MULBERRY AVE STE 320, SAN ANTONIO, TX 78212-3129"
Church Of Scientology,,"244 W OLMOS DR, SAN ANTONIO, TX 78212-1956"
St Pauls Episcopal Montessori School,Episcopal,"1018 E GRAYSON ST, SAN ANTONIO, TX 78208-1224"
Victory Worship Center Inc,,"102 SPRINGVALE DR, SAN ANTONIO, TX 78227-4448"
Unsearchable Riches Of Christ Ministries,Christian / General,"19540 S US HIGHWAY 281, SAN ANTONIO, TX 78221-9729"
Iglesia Luterana San Pablo,,"2903 NACOGDOCHES RD, SAN ANTONIO, TX 78217-4522"
Souls Host Ministries Inc,Christian / General,"11704 HWY 181 S LOT 73, SAN ANTONIO, TX 78223-0000"
Church Under The Bridge,,"PO BOX 34421, SAN ANTONIO, TX 78265-4421"
Fountain Of Living Water Apostolic Church,Apostolic,"411 FARGO AVE, SAN ANTONIO, TX 78220-1215"
Lutheran Campus Ministry-San Antonio,Lutheran,"10407 LUZON DR, SAN ANTONIO, TX 78217-3918"
El Shaddai Ministries Inc,Christian / General,"66 MCLENNAN OAK, SAN ANTONIO, TX 78240-5203"
Care Ministry,Christian / General,"9631 PLEASANTON PL, SAN ANTONIO, TX 78221-3340"
Calvary Chapel South Side,,"PO BOX 14333, SAN ANTONIO, TX 78214-0333"
Voice Of Truth Christian Church,Christian / General,"446 GILBERT LN, SAN ANTONIO, TX 78213-3609"
Iglesia Camino Victorioso,,"10023 REGAL PT, SAN ANTONIO, TX 78254-6167"
Vertical Ministries,Christian / General,"4218 THOUSAND OAKS DR, SAN ANTONIO, TX 78217-1862"
Family Baptist Church,Baptist,"3950 EISENHAUER RD, SAN ANTONIO, TX 78218-3407"
Jesus Es El Cristo Ministries,Christian / General,"1706 RIGSBY AVE, SAN ANTONIO, TX 78210-3217"
New Spirit Baptist Church,Baptist,"7717 TEZEL RD, SAN ANTONIO, TX 78250-3039"
Acts 238 Ministries,Christian / General,"5666 CASTLE GLADE, SAN ANTONIO, TX 78218-2305"
Oasis Of Light Ministries,Christian / General,"25294 W INTERSTATE 10, SAN ANTONIO, TX 78257-9517"
Iglesia Casa De Restauracion,,"26302 TUSCAN PARK, SAN ANTONIO, TX 78261-2780"
Catholic Daughters Of The Americas,Catholic,"18018 CERCA AZUL DR, SAN ANTONIO, TX 78259-3510"
Espada Ministry,Christian / General,"7811 MIDWAY DEPOT, SAN ANTONIO, TX 78255-2148"
Esther Cancer Care Ministry,Christian / General,"8606 KALLISON ARBOR, SAN ANTONIO, TX 78254-4556"
Freedom Faith Fellowship,Christian / General,"12350 EDWARDS RD, SAN ANTONIO, TX 78252-2503"
South Texas New Life Ministries,Christian / General,"1902 TIPTOP ST, SAN ANTONIO, TX 78253-5172"
633 Ministries,Christian / General,"10823 VANDALE STE 101, SAN ANTONIO, TX 78216-3626"
Jjcc Ministries,Christian / General,"102 WESTLAKE DR, SAN ANTONIO, TX 78227-3546"
Westside Fellowship Church Inc,Christian / General,"321 N GENERAL MCMULLEN BUILDING 7, SAN ANTONIO, TX 78237-1525"
1 Touch Divine Intervention Ministries,Christian / General,"3400 NORTHEAST PKWY, SAN ANTONIO, TX 78218-3300"
Two Rivers Christian Church,Christian / General,"17915 REDRIVER SONG, SAN ANTONIO, TX 78259-3583"
Iglesia Bautista El Shaddai San Ant Onio Inc,,"403 W EMERSON AVE, SAN ANTONIO, TX 78226-1211"
Bear Through It Ministries Inc,Christian / General,"8415 BURWELL, SAN ANTONIO, TX 78254-2539"
Baptisms On The Beach Tacos And Tes Timonies Ministry,Christian / General,"21750 HARDY OAK BLVD STE 104 385048, SAN ANTONIO, TX 78258-4946"
Omni Spirit Ministries,Christian / General,"14202 PURPLE MARTIN, SAN ANTONIO, TX 78233-5359"
J-Jireh Ministries Inc,Christian / General,"6231 PEACE PIPE DR, SAN ANTONIO, TX 78238-3918"
Church And Politics Llc,,"7500 CALLAGHAN RD APT 239, SAN ANTONIO, TX 78229-2816"
Her Holy Walk Ministries,Christian / General,"2643 WALEETKA ST, SAN ANTONIO, TX 78210-5430"
Live Ministries-Living In Victoriou S Expectation In Christ,Christian / General,"16019 GAYE L LITTON, SAN ANTONIO, TX 78232-0000"
Bloom Womens Ministry,Christian / General,"3002 COMANCHE XING, SAN ANTONIO, TX 78224-2413"
La Gran Comision Church,,"6275 DEER VALLEY DR, SAN ANTONIO, TX 78242-1519"
Disciple Hands Ministry,Christian / General,"2055 CASSIOPEIA BND, SAN ANTONIO, TX 78245-4007"
Herstory Global Ministries,Christian / General,"550 PENNYSTONE AVE, SAN ANTONIO, TX 78223-1918"
Waypoint Church Satx,,"605 KENDALL ST, SAN ANTONIO, TX 78212-4071"
Redeemed Ministries Satx,Christian / General,"11444 VANCE JACKSON RD APT 1306, SAN ANTONIO, TX 78230-1853"
Ekklesia Kingdom House Outreach Chu Rch - Ekho Church,,"25603 SPIREA, SAN ANTONIO, TX 78261-2666"
Graced Up Ministries,Christian / General,"11235 BRANDING DEPOT, SAN ANTONIO, TX 78254-5752"
Center Of Hope Ministries,Christian / General,"3239 WEST GERALD, SAN ANTONIO, TX 78211-0000"
Legacy Of Faith Mobile Ministry,Christian / General,"11806 CARAWAY HL, SAN ANTONIO, TX 78245-4477"
Blessed Bees Global Ministry,Christian / General,"21750 HARDY OAK BLVD STE 104, SAN ANTONIO, TX 78258-4946"
Catholic Knights & Daughters,Catholic,"12415 CHENA LK, SAN ANTONIO, TX 78249-4572"
Barbara Mcclain Ministries,Christian / General,"8434 GREENHAM, SAN ANTONIO, TX 78239-2920"
Cooperative Baptist Fellowship Of Texas,Baptist,"PO BOX 15648, SAN ANTONIO, TX 78212-8848"
Fellowship Of San Antonio Inc,Christian / General,"23755 CANYON GOLF RD, SAN ANTONIO, TX 78258-4926"
Africa Renewal Ministries Inc,Christian / General,"16414 SAN PEDRO AVE STE 955, SAN ANTONIO, TX 78232-2207"
House Of Prayer Christian Ministries Inc,Christian / General,"317 GORMAN, SAN ANTONIO, TX 78202-2342"
Jesus Church,,"5726 MOBUD ST, SAN ANTONIO, TX 78238-1819"
Marianist Vocation Ministry,Christian / General,"520 FORDHAM AVE, SAN ANTONIO, TX 78228-4800"
Redeemer Presbyterian Church,Presbyterian,"903 N SAINT MARYS ST, SAN ANTONIO, TX 78215-2108"
First Korean Presbyterian Church Of San Antonio,Presbyterian,"4115 EISENHAUER RD, SAN ANTONIO, TX 78218-3412"
Living Water Faith Church,,"PO BOX 691761, SAN ANTONIO, TX 78269-1761"
Greg Lewis Ministries Inc,Christian / General,"8214 WAYSIDE CRK, SAN ANTONIO, TX 78255-3517"
El Arca Del Pacto Iglesia Del Nazareno,,"102 SAXON DR, SAN ANTONIO, TX 78213-4045"
Revive Ministries Of San Antonio Inc,Christian / General,"14419 MOUNTAINSIDE RDG, SAN ANTONIO, TX 78233-3815"
Family Community Fellowship San Antonio,Christian / General,"11923 CEDAR GREY, SAN ANTONIO, TX 78249-2453"
Infinite One Ministries,Christian / General,"1719 DEER RUN ST, SAN ANTONIO, TX 78232-4414"
Light Of The World Christian Fellowship,Christian / General,"4910 DAHLIA TER, SAN ANTONIO, TX 78218-2746"
Life Change Church Of San Antonio Tx A Domestic Nonprofit Corp,,"708 W SUMMIT AVE, SAN ANTONIO, TX 78212-2746"
Pueblo De Dios Iglesia Cristiana Inc,,"1527 SOMERSET RD, SAN ANTONIO, TX 78211-3041"
Hope For The Hurting Ministries Inc,Christian / General,"24510 OPEN RANGE RD, SAN ANTONIO, TX 78264-4513"
Spirit Of Life Worship Center San Antonio,,"9731 ALEXA PL, SAN ANTONIO, TX 78251-3736"
Journey Church Of Katy,,"6758 MONTGOMERY DR, SAN ANTONIO, TX 78239-3245"
Skybridge Community Church,,"PO BOX 18087, SAN ANTONIO, TX 78218-0087"
Whitestone Outpost Ministry Inc,Christian / General,"5211 GAVILAN DR, SAN ANTONIO, TX 78242-2433"
Hope Arise United Methodist Church,Methodist,"26108 OVERLOOK PKWY, SAN ANTONIO, TX 78260-6046"
St Marys Indian Orthodox Church Of San Antonio,Orthodox,"4990 VIEW DR, SAN ANTONIO, TX 78228-1732"
Fuente Viva Church,,"5378 SAN SIMEON DR, SAN ANTONIO, TX 78228-4437"
Refocus Today Ministry,Christian / General,"19141 STONE OAK PKWY STE 104, SAN ANTONIO, TX 78258-3367"
Bethel Covenant Assembly Of God,,"10802 W LOOP 1604 N, SAN ANTONIO, TX 78254-2749"
Solid Rock Christian Church Of Runge Texas,Christian / General,"11550 W INTERSTATE 10 STE 150, SAN ANTONIO, TX 78230-1035"
Universal Church Of Light,,"1627 N PAN AM EXPRESSWAY, SAN ANTONIO, TX 78208-1139"
Spirit Of Grace Christian Fellowship Inc,Christian / General,"3602 INVICTA DR, SAN ANTONIO, TX 78218-3309"
Aurizion International Ministries,Christian / General,"PO BOX 769833, SAN ANTONIO, TX 78245-9365"
St Jose Sanchez Del Rio Catholic School,Catholic,"21140 GATHERING OAK, SAN ANTONIO, TX 78260-3196"
Christian Family Church International--San Antonio,Christian / General,"3607 N LOOP 1604 E, SAN ANTONIO, TX 78247-2300"
Four Winds Christian Ministries Inc,Christian / General,"PO BOX 769380, SAN ANTONIO, TX 78245-9342"
Gathering Church,,"875 E ASHBY PL STE 1200, SAN ANTONIO, TX 78212-4119"
Spread Ministries,Christian / General,"1303 W MAYFIELD BLVD, SAN ANTONIO, TX 78211-3349"
Court 2661 Catholic Daughters Of The Americas,Catholic,"105 FLEETWOOD DR, SAN ANTONIO, TX 78232-2203"
In His Word Church Inc,,"11510 LONG TRIAL, SAN ANTONIO, TX 78245-0000"
Iglesia Del Dios Vivo Of San Antonio,,"8121 CULEBRA RS STE 2, SAN ANTONIO, TX 78251-0000"
Well Community Church-San Antonio,,"PO BOX 5382, SAN ANTONIO, TX 78201-0382"
Texas Unitarian Universalist Justice Ministry Education Network,Christian / General,"24348 CHERRY SPG, SAN ANTONIO, TX 78255-3447"
Winston Churchill High School Jrotc Booster Club,,"15606 HEIMER RD, SAN ANTONIO, TX 78232-4545"
Gods Inspiration Church International Gods Inspired,,"8004 CROSSCREEK, SAN ANTONIO, TX 78218-1619"
Ministry House Of Restoration San Antonio Church,Christian / General,"5150 BROADWAY STREET STE 401, SAN ANTONIO, TX 78209-5710"
All Nations Winners Church,,"5403 JACKWOOD DR SUITE C, SAN ANTONIO, TX 78238-1809"
The Bridge Church Of God,Church of God,"1201 W SOUTHCROSS BLVD, SAN ANTONIO, TX 78211-2526"
Reah Ministry,Christian / General,"18705 BROOKWOOD FRST, SAN ANTONIO, TX 78258-4443"
Calvary Cross Church Of The Assemblies Of God,,"7760 PRUE RD, SAN ANTONIO, TX 78249-4103"
A New Beginnings Ministries Inc,Christian / General,"2127 HARRY ST, SAN ANTONIO, TX 78224-2118"
South Point Church Assembly Of God,,"323 W THEO AVE, SAN ANTONIO, TX 78214-1044"
Shekina Glory Church,,"16402 ALWICK LN, SAN ANTONIO, TX 78247-5647"
Catalyst Church Of God,Church of God,"9739 HUEBNER RD, SAN ANTONIO, TX 78240-3163"
Kenya Real Ministries Inc,Christian / General,"12750 PRONGHORN OAK, SAN ANTONIO, TX 78253-5868"
Sts Joachim And Anna Orthodox Church,Orthodox,"4930 RESEARCH DR, SAN ANTONIO, TX 78240-5006"
Godchasers Community Church,,"13032 NACOGDOCHES RD, SAN ANTONIO, TX 78217-1981"
Sa Basic Ministries Inc,Christian / General,"4702 ESTERBROOK, SAN ANTONIO, TX 78238-3014"
Ibrahim Ministries Usa,Christian / General,"10903 WILD GRAPE DR, SAN ANTONIO, TX 78230-3458"
Augustine Fellowship Slaa Fellowship-Wide Services,Christian / General,"2411 NE LOOP 410 STE 122, SAN ANTONIO, TX 78217-6600"
Iglesia La Mies,,"6515 TEZEL RD, SAN ANTONIO, TX 78250-4450"
Mustard Seed Korean Methodist Church,Methodist,"722 ROBINHOOD PL, SAN ANTONIO, TX 78209-3400"
Covenant Restoration Christian Fellowship,Christian / General,"PO BOX 760952, SAN ANTONIO, TX 78245-0952"
Matt And Rose Siller Impact Ministries Inc,Christian / General,"829 E SUNSHINE DR, SAN ANTONIO, TX 78228-2518"
Westover Hills Assembly Of God Holdings,,"9340 WESTOVER HILLS BLVD, SAN ANTONIO, TX 78251-2703"
Ed Newton Ministries Inc,Christian / General,"PO BOX 591425, SAN ANTONIO, TX 78259-0121"
Texas Unitarian Universalist Justice Ministry Advocacy Network,Christian / General,"24348 CHERRY SPG, SAN ANTONIO, TX 78255-3447"
Diocese Of Mid-America,,"11919 ORSINGER LN, SAN ANTONIO, TX 78230-1409"
Redemption Church Of San Antonio,,"7727 POTRANCO RD APT 2302, SAN ANTONIO, TX 78251-2002"
Movement Church Of San Antonio,,"19314 US HWY 281 N 107, SAN ANTONIO, TX 78259-0000"
Christ Church Pca Of San Antonio,,"14515 OCONNOR RD, SAN ANTONIO, TX 78247-1818"
Charles Cole Ministries International Inc,Christian / General,"6943 FOREST PARK ST, SAN ANTONIO, TX 78240-3325"
Door Christian Fellowship Ss,Christian / General,"502 E SOUTHCROSS BLVD, SAN ANTONIO, TX 78214-2044"
Stdm Shut The Door Ministries Inc,Christian / General,"25518 THOMAS OAKS, SAN ANTONIO, TX 78261-2707"
Tobit Ministry,Christian / General,"36 ENCINOSO, SAN ANTONIO, TX 78261-2300"
Crossway Bible Church,,"15759 SAN PEDRO AVE, SAN ANTONIO, TX 78232-3726"
Oilfield Christian Fellowship Of San Antonio,Christian / General,"24622 FAIRWAY SPGS, SAN ANTONIO, TX 78260-4802"
New Beginnings Christian Community Church,Christian / General,"599 SPENCER LN, SAN ANTONIO, TX 78201-2030"
Luminous Church,,"26723 SHADOW PASS, SAN ANTONIO, TX 78260-5551"
El Shaddai Christian Church,Christian / General,"247 ROLLINS AVE, SAN ANTONIO, TX 78228-5506"
Stone Oak Bible Church,,"19141 STONE OAK PKWY STE 104 PMB P, SAN ANTONIO, TX 78258-3367"
Prosperity In Christ Church,,"339 W HUTCHINS PL, SAN ANTONIO, TX 78221-2745"
Sri Shirdi Sai Baba Temple Of San Antonio,,"PO BOX 690282, SAN ANTONIO, TX 78269-0282"
Open Road Bible Fellowship,Christian / General,"12414 TALLOW CIR, SAN ANTONIO, TX 78253-5253"
Upper Room Christian Fellowship,Christian / General,"4306 STETSON VW, SAN ANTONIO, TX 78223-5508"
Church Of The Colored People Of Gillespie County Inc,,"411 MCCAULEY BLVD, SAN ANTONIO, TX 78221-1328"
San Antonio Texas West End Baptist Church,Baptist,"925 CULEBRA RD, SAN ANTONIO, TX 78201-6118"
Trinity Korean Church,,"14223 YELLOW WARBLER, SAN ANTONIO, TX 78233-5375"
Iglesia De Dios Amory Gracia,,"12525 NACOGDOCHES RD, SAN ANTONIO, TX 78217-2130"
Manna From Heaven Ministries Inc,Christian / General,"815 FLANDERS AVE, SAN ANTONIO, TX 78211-1753"
Dennis Davila Ministries Inc,Christian / General,"24930 CRESCENT TRCE, SAN ANTONIO, TX 78258-2755"
Compassion Church San Antonio,,"14242 SAVANNAH PASS, SAN ANTONIO, TX 78216-7849"
Iglesia Pentecostal Impacto De Amor,Pentecostal,"6925 CRESTWAY RD, SAN ANTONIO, TX 78239-2343"
Mount Nebo Full Gospel Baptist Worship Center Inc,Baptist,"1302 N SABINAS ST, SAN ANTONIO, TX 78207-1211"
New Vessels Ministries-Iglesia Odres Nuevos,Christian / General,"8550 ADAMS HILL DR, SAN ANTONIO, TX 78227-2335"
Greater Works Ministries Of San Antonio Inc,Christian / General,"9431 PALOMINO PATH, SAN ANTONIO, TX 78254-6210"
Christian United Church,Christian / General,"7530 BANDERA RD 160, SAN ANTONIO, TX 78238-1267"
Saving Faith Outreach Church,,"257 TUFTED CRST, SAN ANTONIO, TX 78253-6364"
Greater Joy Temple Church Of God In Christ,Church of God,"407 LAVERNE AVE, SAN ANTONIO, TX 78237-2244"
St Mary Queen Of Heaven Anglican Church,,"24019 SEVEN WINDS, SAN ANTONIO, TX 78258-7266"
Triumph Church Of San Antonio Inc,,"4622 DEL MAR TRL, SAN ANTONIO, TX 78251-3559"
Reconnect Fellowship,Christian / General,"2109 SAN PEDRO AVE, SAN ANTONIO, TX 78212-3227"
Word A Flame Outreach Ministries Inc,Christian / General,"10434 OVERLAND CRK, SAN ANTONIO, TX 78245-2331"
Presentation Ministry Center,Christian / General,"2003 RUIZ ST, SAN ANTONIO, TX 78207-2056"
Psm Prodigal Son Mens Ministry,Christian / General,"1009 LOMBRANO ST, SAN ANTONIO, TX 78207-1116"
Kids Of The Kingdom Episcopal School,Episcopal,"11093 BANDERA RD, SAN ANTONIO, TX 78250-6814"
Iglesia Cristiana Tierra Prometida Inc,,"PO BOX 769554, SAN ANTONIO, TX 78245-9351"
San Antonio Citywide Baptist Brotherhood Union,Baptist,"12918 CHIPPER XING, SAN ANTONIO, TX 78221-1171"
Christ Embassy Church San-Antonio,,"24385 WILDERNESS OAK APT 8404, SAN ANTONIO, TX 78258-7766"
San Antonio Church Of Hope,,"14 COVE CREEK DR, SAN ANTONIO, TX 78254-5582"
John 3 16 Ministries Fdn,Christian / General,"PO BOX 2950, SAN ANTONIO, TX 78299-2950"
Clift Of The Rock Christian Community Church Inc,Christian / General,"1502 MCKINLEY AVE, SAN ANTONIO, TX 78210-0000"
Open Door Gospel Church,,"11107 VOLLMER LN, SAN ANTONIO, TX 78254-1792"
Church Of God Inc San Antonio Texas,Church of God,"PO BOX 20334, SAN ANTONIO, TX 78220-0334"
Catholic Life Insurance - 121 Brazosport,Catholic,"1635 NE LOOP 410, SAN ANTONIO, TX 78209-1625"
Catholic Life Insurance - 85 Port Arthur,Catholic,"1635 NE LOOP 410, SAN ANTONIO, TX 78209-1625"
Gospel Vision Music Ministries,Christian / General,"4835 LORD RD APT 2119, SAN ANTONIO, TX 78220-3545"
Atonement Lutheran Church American Lutheran Church,Lutheran,"735 CEDARHURST DR, SAN ANTONIO, TX 78227-4429"
Greater Evangelist Temple Church Of,,"2942 MARTIN LUTHER KING DR, SAN ANTONIO, TX 78220-3147"
Heart Of Praise Assembly Of God,,"5595 US HIGHWAY 87 E, SAN ANTONIO, TX 78222-1501"
Love Demonstrated Ministries International - Equity Dev Svcs,Christian / General,"3806 SUNSHINE RANCH RD, SAN ANTONIO, TX 78228-2042"
Holy Spirit Power Ministries,Christian / General,"PO BOX 701333, SAN ANTONIO, TX 78270-1333"
Sweet River Church,,"25631 WEIGELA, SAN ANTONIO, TX 78261-2821"
Word Of Faith Christian Center Church,Christian / General,"1928 BASSE RD, SAN ANTONIO, TX 78213-4608"
Redeemers Praise Church,,"107 S PINE ST, SAN ANTONIO, TX 78203-1128"
Agape Outreach International Worship Center,,"150 RIDGE DR, SAN ANTONIO, TX 78228-3754"
Land Of Calvary Church,,"2011 ENCINO ALTO ST, SAN ANTONIO, TX 78259-2409"
Saint Luke Baptist Church Of San Antonio,Baptist,"1903 W POPLAR ST, SAN ANTONIO, TX 78207-1134"
Templo Maranatha-San Anto,,"510 AARON ST, SAN ANTONIO, TX 78221-2111"
Christain Fellowship Ministries,Christian / General,"4827 LEGEND WELL DR, SAN ANTONIO, TX 78247-5611"
Iglesia Nueva Uncion,,"410 ROSA VERDE, SAN ANTONIO, TX 78207-5611"
Apostolic Assembly Of The Faith In Christ Jesus Inc,Apostolic,"PO BOX 240752, SAN ANTONIO, TX 78224-0752"
Abundance Ministries,Christian / General,"5024 PUNCH SHOT, SAN ANTONIO, TX 78261-2997"
Life Together Ministries Of Texas,Christian / General,"138 CABOT ST, SAN ANTONIO, TX 78213-4411"
San Antonio Temple Of Cao Dai Tay Ninh Inc,,"124 DINN DR, SAN ANTONIO, TX 78218-3711"
Buddhist Temple Of San Antonio Inc,,"6292 LOCKHILL RD, SAN ANTONIO, TX 78240-2015"
Friendship Church San Antonio,,"27930 ELM GRV, SAN ANTONIO, TX 78261-2001"
Catholic Cemeteries Of The Archdiocese Of San Antonio,Catholic,"746 CASTROVILLE RD, SAN ANTONIO, TX 78237-3133"
Pan American Ministries Inc,Christian / General,"PO BOX 380774, SAN ANTONIO, TX 78268-7774"
Cpr Ministries Inc,Christian / General,"419 RED QUILL NEST, SAN ANTONIO, TX 78253-5519"
International Bible Center Church,,"2369 BENRUS BLVD, SAN ANTONIO, TX 78228-2353"
Christian Resort Minitries Inc Aka Caring Resources Ministries In,Christian / General,"2186 JACKSON KELLER RD STE 2094, SAN ANTONIO, TX 78213-2723"
Saint Lukes Episcopal Church,Episcopal,"11 SAINT LUKES LN, SAN ANTONIO, TX 78209-4445"
Catholic Life Insurance,Catholic,"PO BOX 659527, SAN ANTONIO, TX 78265-9527"
St Josephs Roman Catholic Benevolent Assn,Catholic,"420 E CESAR E CHAVEZ BLVD, SAN ANTONIO, TX 78204-1310"
Archdiocese Of San Antonio,,"2718 W WOODLAWN AVE, SAN ANTONIO, TX 78228-5124"
Catholic Charities Archdiocese Of San Antonio Inc,Catholic,"202 W FRENCH PL, SAN ANTONIO, TX 78212-5818"
Council Of Churches Of Metropolitan San Antonio,,"285 OBLATE DR 326, SAN ANTONIO, TX 78216-6631"
St Cecilias Catholic Church,Catholic,"125 W WHITTIER ST, SAN ANTONIO, TX 78210-2852"
Alamo Heights Presbyterian Church,Presbyterian,"6201 BROADWAY, SAN ANTONIO, TX 78209-4562"
Grace Lutheran Church,Lutheran,"504 AVENUE E, SAN ANTONIO, TX 78215-1840"
St Agnes Church,,"804 RUIZ ST, SAN ANTONIO, TX 78207-1628"
Alamo Heights Methodist Church,Methodist,"825 E BASSE RD, SAN ANTONIO, TX 78209-1832"
Central Catholic High School,Catholic,"1403 N SAINT MARYS ST, SAN ANTONIO, TX 78215-1740"
Central Christian Church,Christian / General,"720 N MAIN AVE, SAN ANTONIO, TX 78205-1106"
Diocese Of West Texas,,"111 TORCIDO DR, SAN ANTONIO, TX 78209-5642"
St Lukes Episcopal Church,Episcopal,"11 SAINT LUKES LN, SAN ANTONIO, TX 78209-4445"
St Marks Episcopal Church,Episcopal,"315 E PECAN ST, SAN ANTONIO, TX 78205-1819"
St Mary Magdalens Church,,"1710 CLOWER, SAN ANTONIO, TX 78201-3540"
University United Methodist Church,Methodist,"5084 DE ZAVALA RD, SAN ANTONIO, TX 78249-2025"
St Patricks Roman Catholic Church,Catholic,"1114 WILLOW, SAN ANTONIO, TX 78208-1343"
St Lukes Episcopal School Of San,Episcopal,"15 SAINT LUKES LN, SAN ANTONIO, TX 78209-4445"
First Presbyterian Church Of San Antonio,Presbyterian,"404 N ALAMO ST, SAN ANTONIO, TX 78205-1918"
Christ Episcopal Church,Episcopal,"510 BELKNAP PL, SAN ANTONIO, TX 78212-3400"
Alamo Heights Baptist Church,Baptist,"6501 BROADWAY, SAN ANTONIO, TX 78209-4564"
Concordia Lutheran Church,Lutheran,"16801 HUEBNER RD, SAN ANTONIO, TX 78258-4456"
St Pauls Episcopal Church,Episcopal,"1018 E GRAYSON ST, SAN ANTONIO, TX 78208-1224"
St Philip Of Jesus Church,,"131 BANK ST, SAN ANTONIO, TX 78204-2206"
Congregation Beth-El,,"211 BELKNAP PL, SAN ANTONIO, TX 78212-5854"
Christ Lutheran Church,Lutheran,"6720 BROADWAY, SAN ANTONIO, TX 78209-3732"
St Davids Episcopal Church,Episcopal,"1300 WILTSHIRE AVE, SAN ANTONIO, TX 78209-6049"
University Presbyterian Church,Presbyterian,"300 BUSHNELL AVE, SAN ANTONIO, TX 78212-5334"
Harlandale United Methodist Church,Methodist,"6025 S FLORES, SAN ANTONIO, TX 78214-0000"
South San Antonio Baptist Church,Baptist,"2483 W SOUTHCROSS BLVD, SAN ANTONIO, TX 78211-1868"
Cjf Ministries,Christian / General,"611 BROADWAY ST, SAN ANTONIO, TX 78215-1823"
Santa Fe Episcopal Church,Episcopal,"1108 BRUNSWICK BLVD, SAN ANTONIO, TX 78211-1502"
Christ The King Church,,"2623 PEREZ ST, SAN ANTONIO, TX 78207-2443"
Methodist Healthcare Ministries Of South Texas Inc,Methodist,"4507 MEDICAL DR, SAN ANTONIO, TX 78229-4401"
Woodlawn Christian Church,Christian / General,"1744 W GRAMERCY PL, SAN ANTONIO, TX 78201-5001"
Presbyterian Church Usa,Presbyterian,"518 PIKE RD, SAN ANTONIO, TX 78209-3143"
Baptist Credit Union,Baptist,"5815 IH-10 WEST, SAN ANTONIO, TX 78201-2800"
United Presbyterian Church In The Usa,Presbyterian,"7201 BROADWAY STE 303, SAN ANTONIO, TX 78209-3774"
St Pius X Catholic Church,Catholic,"7734 ROBIN REST DR, SAN ANTONIO, TX 78209-3145"
St Lukes Lutheran Church,Lutheran,"514 SANTA MONICA, SAN ANTONIO, TX 78212-1838"
Mount Zion First Baptist Church,Baptist,"333 MARTIN LUTHER KING DR, SAN ANTONIO, TX 78203-1407"
Immaculate Heart Of Mary Church,,"617 S SANTA ROSA AVE, SAN ANTONIO, TX 78204-3112"
First Unitarian Universalist Church Of San Antonio,,"7150 W INTERSTATE 10, SAN ANTONIO, TX 78213-3465"
San Antonio Baptist Association,Baptist,"5807 IH 10 WEST, SAN ANTONIO, TX 78201-2800"
Congregation Agudas Achim,,"16550 HUEBNER RD, SAN ANTONIO, TX 78248-1695"
Watershed Church Fka The Northridge Park Baptist Church,Baptist,"9315 BROADWAY STE 101, SAN ANTONIO, TX 78217-5403"
Coker Methodist Church,Methodist,"14630 WURZBACH PKWY, SAN ANTONIO, TX 78216-5932"
Morningside Ministries,Christian / General,"137 W FRENCH PL, SAN ANTONIO, TX 78212-5804"
St Georges Episcopal Church,Episcopal,"6904 WEST AVE, SAN ANTONIO, TX 78213-1820"
Congregation Rodfei Sholom Bnai Israel,,"3003 SHOLOM DR, SAN ANTONIO, TX 78230-5400"
San Francesco Di Paola Church,,"205 PIAZZA ITALIA, SAN ANTONIO, TX 78207-3112"
Oxford United Methodist Church Of San Antonio,Methodist,"9739 HUEBNER RD, SAN ANTONIO, TX 78240-3163"
Emmanuel Church Revival Temple,,"8635 CALLAGHAN RD, SAN ANTONIO, TX 78230-4429"
Zion Lutheran Church Of Helotes,Lutheran,"9944 LESLIE RD, SAN ANTONIO, TX 78254-6401"
St Davids Episcopal School,Episcopal,"1300 WILTSHIRE AVE, SAN ANTONIO, TX 78209-6049"
Mount Olive Lutheran Church,Lutheran,"3200 W LOOP 1604 S, SAN ANTONIO, TX 78245-2778"
Brookhill Baptist Church,Baptist,"631 UTOPIA LN, SAN ANTONIO, TX 78223-3313"
Crossroads Community Church Of The Nazarene,,"5834 RAY ELLISON BLVD, SAN ANTONIO, TX 78242-2029"
Orthodox Ecumenical Church Inc,Orthodox,"41-8-VILLITA STREET BUILDING 1300, SAN ANTONIO, TX 78205-0000"
Chapel Hill United Methodist Church,Methodist,"4114 SW LOOP 410, SAN ANTONIO, TX 78227-4443"
King Of Kings Lutheran Church,Lutheran,"13888 DREAMWOOD DR, SAN ANTONIO, TX 78233-4960"
Marbach Christian Church Inc,Christian / General,"8023 MARBACH RD, SAN ANTONIO, TX 78227-1615"
Grace Orthodox Presbyterian Church,Presbyterian,"5602 UTEX BLVD, SAN ANTONIO, TX 78249-1611"
Laurel Street Church Of Christ,Church of Christ,"1747 W LAUREL, SAN ANTONIO, TX 78201-6126"
Palm Heights Baptist Church,Baptist,"1106 W MALONE AVE, SAN ANTONIO, TX 78225-1833"
Trinity Assembly Church Inc,,"5415 N LOOP 1604 E, SAN ANTONIO, TX 78247-4691"
Valley Hi Assembly Of God,,"4424 SW LOOP 410, SAN ANTONIO, TX 78227-4400"
Medical Center Church,,"7015 WURZBACH RD, SAN ANTONIO, TX 78240-3835"
West End Baptist Church San Antonio,Baptist,"6800 PARK TEN BLVD APT 184-W, SAN ANTONIO, TX 78213-4204"
Valley-Hi First Baptist Church,Baptist,"6623 SW LOOP 410, SAN ANTONIO, TX 78227-4817"
Shepherd Of The Hills Lutheran Church,Lutheran,"6914 WURZBACH RD, SAN ANTONIO, TX 78240-3832"
Travis Park United Methodist Church Foundation Inc,Methodist,"230 E TRAVIS ST, SAN ANTONIO, TX 78205-1702"
New Jewish Congregation,,"KELLISON TOWER SUITE 819, SAN ANTONIO, TX 78212-0000"
Church Of Reconciliation,,"8900 STARCREST DR, SAN ANTONIO, TX 78217-4741"
Oak Hills Church Inc,,"19595 IH-10 W, SAN ANTONIO, TX 78257-9520"
Evangelical Assemblies Inc,Protestant / Evangelical,"425 W MAYFIELD BLVD, SAN ANTONIO, TX 78211-4336"
Macarthur Park Church Of Christ,Church of Christ,"1907 NE LOOP 410, SAN ANTONIO, TX 78217-5321"
St Francis Episcopal Church,Episcopal,"4242 BLUEMEL RD, SAN ANTONIO, TX 78240-1063"
Cooperative Ministries In Higher Education Inc,Christian / General,"6720 BROADWAY, SAN ANTONIO, TX 78209-3732"
San Antonio Friends Chapel Inc,,"314 S PARK BLVD, SAN ANTONIO, TX 78204-2439"
Radiant Church,,"603 COSGROVE ST, SAN ANTONIO, TX 78210-5532"
Mexican American Catholic College,Catholic,"3115 W ASHBY PL, SAN ANTONIO, TX 78228-5100"
Alliance Bible Church Of The Christian And Missionary Alliance,Christian / General,"9310 PALOMINO PATH, SAN ANTONIO, TX 78254-6209"
St George Episcopal Day School Inc,Episcopal,"6900 WEST AVE, SAN ANTONIO, TX 78213-1820"
Unity Church Of San Antonio,,"8103 BROADWAY STE 210, SAN ANTONIO, TX 78209-1970"
Place Of Grace Fellowship,Christian / General,"2938 NACOGDOCHES RD, SAN ANTONIO, TX 78217-5019"
Our Savior Evangelical Lutheran Church Of San Antonio,Lutheran,"11503 VANCE JACKSON RD, SAN ANTONIO, TX 78230-1808"
Gateway Baptist Church,Baptist,"6623 FIVE PALMS DR, SAN ANTONIO, TX 78242-1001"
St Thomas Episcopal Church & School,Episcopal,"1416 N LOOP 1604 E, SAN ANTONIO, TX 78232-1427"
First Baptist Church Of Leon Springs,Baptist,"24133 BOERNE STAGE RD, SAN ANTONIO, TX 78255-9517"
Western Hills Christian Church,Christian / General,"8535 HUEBNER RD, SAN ANTONIO, TX 78240-1804"
Faith Assembly Of God,,"8023 HUEBNER RD, SAN ANTONIO, TX 78240-2206"
Prospect Hill Church Of God,Church of God,"1806 SAUNDERS AVE, SAN ANTONIO, TX 78207-4230"
Maranatha Baptist Church Of Bexar County Texas,Baptist,"PO BOX 29291, SAN ANTONIO, TX 78229-0291"
Echoes Of Truth Full Gospel Church,,"139 DENVER BLVD, SAN ANTONIO, TX 78210-1839"
St Mark The Evangelist Catholic Church,Catholic,"1602 THOUSAND OAKS DR, SAN ANTONIO, TX 78232-2338"
Saint Andrews Episcopal Church Of San Antonio,Episcopal,"6110 NW LOOP 410, SAN ANTONIO, TX 78238-3305"
Friends Of Israel Messianic Church,,"6936 SAN PEDRO, SAN ANTONIO, TX 78216-6205"
Chapel Of The Way Inc,,"7231 MARBLE CREEK DR, SAN ANTONIO, TX 78238-2721"
The Guadalupe Baptist Theological Seminary,Baptist,"PO BOX 200104, SAN ANTONIO, TX 78220-0104"
Believers Bible Fellowship,Christian / General,"5059 LANCELOT DR, SAN ANTONIO, TX 78218-2739"
Chrysalis Ministries,Christian / General,"509 SAN PEDRO AVE, SAN ANTONIO, TX 78212-5076"
Alamo Heights United Methodist Church Foundation Inc,Methodist,"825 E BASSE RD, SAN ANTONIO, TX 78209-1832"
University Baptist Church San Antonio,Baptist,"6465 BABCOCK RD, SAN ANTONIO, TX 78249-2955"
Divine Science Church Of Today,,"PO BOX 591475, SAN ANTONIO, TX 78259-0123"
San Antonio Pecan Valley Foursquare Church,,"3302 E SOUTHCROSS BLVD, SAN ANTONIO, TX 78223-1922"
Ariel Ministries,Christian / General,"11926 RADIUM ST, SAN ANTONIO, TX 78216-2713"
Sherman Chapel Ame Church,,"8326 MEADOW FOREST ST, SAN ANTONIO, TX 78251-2307"
Hope Lutheran Day Care Center,Lutheran,"5714 CALLAGHAN RD, SAN ANTONIO, TX 78228-1101"
Madison Hills Baptist Church,Baptist,"15413 OCONNOR RD, SAN ANTONIO, TX 78247-1702"
Camelot Christian Center Of The Assemblies Of God,Christian / General,"7620 RAY BON DR, SAN ANTONIO, TX 78218-2800"
Believers Fellowship Of San Antonio,Christian / General,"13714 LOOKOUT RD, SAN ANTONIO, TX 78233-4518"
Christian Assistance Ministry Inc,Christian / General,"110 MCCULLOUGH AVE, SAN ANTONIO, TX 78215-1829"
Church Of The Lord Jesus Christ,,"6134 BIRCH VALLEY DR, SAN ANTONIO, TX 78242-1510"
Calvary Chapel Incorporated,,"PO BOX 6780, SAN ANTONIO, TX 78209-0780"
Spiritual Church Of Innerlight,,"223 WEST MAYFIELD, SAN ANTONIO, TX 78221-1204"
Northwest Church Of Christ Of San Antonio Texas,Church of Christ,"9681 W LOOP 1604 N, SAN ANTONIO, TX 78254-5303"
Life Family Church,,"9226 PROCLAMATION DR, SAN ANTONIO, TX 78240-2841"
St Josephs Roman Catholic Benevolent Cemetary Care Fund,Catholic,"420 E CESAR E CHAVEZ BLVD, SAN ANTONIO, TX 78204-1310"
La Iglesia Del Senor Inc-The Church Of The Lord Inc,,"3502 WEST AVE, SAN ANTONIO, TX 78213-3600"
Southeast San Antonio Cooperative Presbyterian Ministry,Presbyterian,"1602 GOLIAD RD, SAN ANTONIO, TX 78223-2722"
Primera Iglesia Cristiana De San Antonio Un Nuevo Comienzo,,"PO BOX 33651, SAN ANTONIO, TX 78265-3651"
Calvary Baptist Church,Baptist,"6142 FM 78, SAN ANTONIO, TX 78244-1032"
Antioch Missionary Baptist Church,Baptist,"1001 N WALTERS, SAN ANTONIO, TX 78202-2555"
St Anthony The Great Orthodox Church,Orthodox,"103 CAROLINA ST, SAN ANTONIO, TX 78210-1509"
All Is Possible Chapel Inc,,"126 CHICKERING AVE, SAN ANTONIO, TX 78210-5648"
Templo Gozo Nuevo Inc,,"3311 S FLORES ST, SAN ANTONIO, TX 78204-2806"
Shavano Baptist Church San Antonio,Baptist,"5047 DE ZAVALA RD, SAN ANTONIO, TX 78249-2024"
St Anthonys Anglican Catholic Church,Catholic,"47 PECAN VALLEY CIR, SAN ANTONIO, TX 78223-1671"
Westridge Park First Baptistchurch,Baptist,"522 SW 42ND ST, SAN ANTONIO, TX 78237-2211"
Church Of The Good Shepherd Orthodox Order Of St Benedict In A,Orthodox,"517 BURNET, SAN ANTONIO, TX 78202-1940"
Shepherd Of The Hills Lutheran School,Lutheran,"6914 WURZBACH RD, SAN ANTONIO, TX 78240-3832"
Rolling Oaks Christian Church,Christian / General,"13777 JUDSON RD STE 110, SAN ANTONIO, TX 78233-4552"
First Mexican Baptist Church,Baptist,"201 MEREDITH DR, SAN ANTONIO, TX 78228-3231"
Church Of Natural Hygienic Living,,"815 S BROWNLEAF ST, SAN ANTONIO, TX 78227-1258"
Bethesda Church Inc,,"527 MENEFEE BLVD, SAN ANTONIO, TX 78207-7835"
Discipleship Tape Ministries Inc,Christian / General,"PO BOX 782256, SAN ANTONIO, TX 78278-2256"
Church Of The Holy Spirit,,"11093 BANDERA RD, SAN ANTONIO, TX 78250-6814"
Seedtime & Harvest Ministries Inc,Christian / General,"8635 CALLAGHAN RD, SAN ANTONIO, TX 78230-4429"
Harmony Baptist Church,Baptist,"12088 OLD CORPUS CHRISTI HWY, SAN ANTONIO, TX 78223-9314"
Atonement Lutheran Church,Lutheran,"735 CEDARHURST DR, SAN ANTONIO, TX 78227-4429"
Christ Redeemer Church,,"16875 JONES MALTSBERGER RD, SAN ANTONIO, TX 78247-2807"
Non-Denominational Temple Of Christ,,"115 CONNELLY STREET, SAN ANTONIO, TX 78203-1705"
St Philips Episcopal Church,Episcopal,"1310 PECAN VALLEY DR, SAN ANTONIO, TX 78210-3416"
Bethany Missionary Baptist Church,Baptist,"153 LAWTON ST, SAN ANTONIO, TX 78237-3245"
Catholic Life Insurance - 47 Taylor,Catholic,"1635 NE LOOP 410, SAN ANTONIO, TX 78209-1625"
Kingdom Life Fellowship,Christian / General,"PO BOX 65057, SAN ANTONIO, TX 78265-5057"
Calvary Temple Assembly Of God Church,,"14335 OCONNOR RD, SAN ANTONIO, TX 78247-1815"
Woodlake Baptist Church,Baptist,"6980 WOODLAKE CLUB DR, SAN ANTONIO, TX 78244-1307"
Calvary Fellowship,Christian / General,"381 E RAMSEY RD, SAN ANTONIO, TX 78216-4636"
El Salvador Assembly Of God,,"201 ODELL ST, SAN ANTONIO, TX 78212-1649"
Church Of God Of Prophecy,Church of God,"718 W PYRON AVE, SAN ANTONIO, TX 78221-1213"
El Sendero De La Cruz Assembly Of God,,"5408 DAUGHTRY DR, SAN ANTONIO, TX 78238-1957"
Greater Corinth Baptist Church,Baptist,"500 S NEW BRAUNFELS AVE, SAN ANTONIO, TX 78203-1739"
Oasis Of Life Church,,"PO BOX 37252, SAN ANTONIO, TX 78237-0252"
Our Lady Of Fatima Roman Catholic Chapel,Catholic,"2203 GREENCREST DR, SAN ANTONIO, TX 78213-4443"
St Margarets Episcopal Church,Episcopal,"5310 STAHL RD, SAN ANTONIO, TX 78247-1522"
The Transformation Place Worship Center,,"903 S PALMETTO AVE, SAN ANTONIO, TX 78210-2037"
First Assembly Of God,,"13435 WEST AVE, SAN ANTONIO, TX 78216-2006"
Born Again Temple Inc,,"3802 W SALINAS ST, SAN ANTONIO, TX 78207-2719"
Crown Of Life Lutheran Church,Lutheran,"19291 STONE OAK PKWY, SAN ANTONIO, TX 78258-3254"
Northeast Baptist Church,Baptist,"2930 MACARTHUR VW, SAN ANTONIO, TX 78217-4506"
San Antonio Metropolitan Ministry Inc,Christian / General,"1919 NW LOOP 410 STE 100A, SAN ANTONIO, TX 78213-2307"
La Trinidad Assemblies Of God Church,,"PO BOX 100141, SAN ANTONIO, TX 78201-1441"
Abiding Presence Lutheran Church,Lutheran,"14700 SAN PEDRO AVE, SAN ANTONIO, TX 78232-4352"
Las Misione District Of The Rio Texas Conference United Methodist,Methodist,"16400 HUEBNER RD, SAN ANTONIO, TX 78248-1693"
Expect A Miracle Church,,"2707 DAY CRK, SAN ANTONIO, TX 78251-2374"
Jefferson United Methodist Church Foundation Inc,Methodist,"423 S HAMILTON ST, SAN ANTONIO, TX 78207-4739"
Rehoboth Temple No 2 Church Of Our Lord Jesus Christ,,"407 CRESWELL DR, SAN ANTONIO, TX 78220-2607"
Bellaire Church Of Christ,Church of Christ,"BOX 21327, SAN ANTONIO, TX 78221-0327"
Christian Methodist Episcopal Church,Methodist,"817 IOWA ST, SAN ANTONIO, TX 78203-1609"
Iglesia Bethel Ministries Inc,Christian / General,"8916 CHILMARK PATH, SAN ANTONIO, TX 78263-2007"
Hindu Temple Of San Antonio,,"4831 WESLEYAN ST, SAN ANTONIO, TX 78249-1753"
Mount Gilead Baptist Church,Baptist,"1319 E CROCKETT ST, SAN ANTONIO, TX 78202-2906"
San Antonio Christian Church,Christian / General,"6487 WHITBY RD, SAN ANTONIO, TX 78240-2131"
Armenian Church Of San Antonio,,"13807 LAUREL HOLLOW, SAN ANTONIO, TX 78232-5410"
Word Of Life Bible Church,,"5430 SCHERTZ RD # 32, SAN ANTONIO, TX 78233-6023"
Wayside Chapel Evangelical Free Church,Protestant / Evangelical,"1705 NW LOOP 410, SAN ANTONIO, TX 78213-2423"
Lilly Of The Valley Missionary Baptist Church,Baptist,"134 CARDIFF AVE, SAN ANTONIO, TX 78220-1307"
Catholic Center For Charismatic Renewal,Catholic,"1707 S FLORES ST, SAN ANTONIO, TX 78204-1926"
Northwest Assembly Of God,,"2714 HUNTERS GREEN ST, SAN ANTONIO, TX 78231-1613"
Mt Sinai Baptist Church,Baptist,"2157 BURNET ST, SAN ANTONIO, TX 78202-2602"
New Testament Apostolic Church Incorporated,Apostolic,"147 DOOLITTLE ST, SAN ANTONIO, TX 78211-4107"
Nehemiah House Fellowship Ministry,Christian / General,"2222 RIVAS ST, SAN ANTONIO, TX 78228-6442"
Summit Christian Center,Christian / General,"2575 MARSHALL ROAD, SAN ANTONIO, TX 78259-1608"
Christian Bible Fellowship,Christian / General,"2119 FORT DONELSON DR, SAN ANTONIO, TX 78245-2009"
River City Living Church,,"702 DONALDSON AVE, SAN ANTONIO, TX 78201-4851"
Taiwanese Christian Church Of San Antonio,Christian / General,"4223 TALL ELM WOODS, SAN ANTONIO, TX 78249-2037"
Hope Center Church,,"4545 N LOOP 1604 W, SAN ANTONIO, TX 78249-1318"
Grace First Baptist Church,Baptist,"2514 OBSERVATION DR, SAN ANTONIO, TX 78227-3323"
Anointed Word Ministries Inc,Christian / General,"PO BOX 190009, SAN ANTONIO, TX 78220-7000"
Redeeming Life Church,,"26707 SAGITARIUS LN, SAN ANTONIO, TX 78260-2226"
St Anthony Catholic School,Catholic,"205 W HUISACHE AVE, SAN ANTONIO, TX 78212-2909"
Northwest Community Evangelical Free Church,Protestant / Evangelical,"8900 GUILBEAU RD, SAN ANTONIO, TX 78250-2650"
Iglesia Bautista La Gracia Of San Antonio Texas,,"524 RUIZ ST, SAN ANTONIO, TX 78207-1751"
New Life Assembly Ministries,Christian / General,"9965 KRIEWALD RD, SAN ANTONIO, TX 78245-2704"
Church Of The Revivist,,"PO BOX 17255, SAN ANTONIO, TX 78217-0255"
Templo Puerto Del Cielo Inc,,"139 H ST, SAN ANTONIO, TX 78210-2626"
The Church In San Antonio Inc,,"6193 BABCOCK RD, SAN ANTONIO, TX 78240-2511"
Japanese Bible Church Inc,,"2369 BENRUS BLVD, SAN ANTONIO, TX 78228-2353"
Fellowship Bible Church Of San Antonio,Christian / General,"8603 HUEBNER RD, SAN ANTONIO, TX 78240-1806"
Church Of Christ,Church of Christ,"5860 US HIGHWAY 87 E, SAN ANTONIO, TX 78222-1609"
The Truthseekers Universal Spiritualist Church Of San Antonio,,"10523 POSTHOUSE CIR, SAN ANTONIO, TX 78216-3724"
Bible Faith Christian Church,Christian / General,"12019 GRAPEVINE ST, SAN ANTONIO, TX 78245-3321"
St Anthony The Great Coptic Orthodox Church Of San Antonio,Orthodox,"PO BOX 13100, SAN ANTONIO, TX 78213-0100"
Air Force Village Protestant Church,,"4917 RAVENSWOOD DR, SAN ANTONIO, TX 78227-4320"
Star Of Hope Ministries,Christian / General,"6900 N VANDIVER RD APT H104, SAN ANTONIO, TX 78209-4323"
Mckinley Avenue United Methodist Church Foundation Inc,Methodist,"2926 S PRESA ST, SAN ANTONIO, TX 78210-3916"
Emmanuel Baptist Church,Baptist,"891 YUCCA ST, SAN ANTONIO, TX 78220-4242"
Dhammabucha Buddist Temple Of San Antonio,,"6201 SAWYER RD, SAN ANTONIO, TX 78238-2206"
The Shady Oaks Church Of Christ,Church of Christ,"25340 HWY 281 SOUTH, SAN ANTONIO, TX 78264-9212"
Church Of Christ Bible Chair And Student Center San Antonio College,Church of Christ,"301 W DEWEY PL, SAN ANTONIO, TX 78212-3931"
Visitation House Ministries,Christian / General,"830 W MULBERRY AVE, SAN ANTONIO, TX 78212-3261"
El Templo Cristiano Assembly Of God,,"2304 EI PASO ST, SAN ANTONIO, TX 78207-0000"
Christian Fellowship Church Of,Christian / General,"10814 MOUNT IDA, SAN ANTONIO, TX 78213-1741"
St Joseph Catholic School,Catholic,"535 NEW LAREDO HWY, SAN ANTONIO, TX 78211-0000"
Air Force Village Ii Protestant Church,,"5100 JOHN D RYAN BLVD, SAN ANTONIO, TX 78245-3527"
Templo Armonia Cristiana Church,,"2611 ARBOR PL, SAN ANTONIO, TX 78228-6409"
Abundant Life Church,,"5626 RANDOLPH BLVD STE 1, SAN ANTONIO, TX 78233-6191"
Alamo City Christian Fellowship Church,Christian / General,"6434 IH35 N, SAN ANTONIO, TX 78218-4405"
Word Of Faith Church Of San Antonio,,"3130 CATO BLVD, SAN ANTONIO, TX 78223-3706"
New Life Christian Ministry Inc,Christian / General,"6610 WEST US HWY 90, SAN ANTONIO, TX 78227-3702"
San Antonio Christ Fellowship,Christian / General,"6331 FOREST VLG, SAN ANTONIO, TX 78250-4070"
St Andrew Lutheran Church,Lutheran,"16320 HUEBNER RD, SAN ANTONIO, TX 78248-1690"
Church Of Acts Ministries,Christian / General,"9965 KRIEWALD RD, SAN ANTONIO, TX 78245-2704"
Full Gospel Korean Church Of San Antonio Assembly Of God Inc,,"2359 AUSTIN HWY, SAN ANTONIO, TX 78218-1982"
Congregation Church Od God Seventh Day,,"4619 DIETRICH RD 4-C, SAN ANTONIO, TX 78219-2823"
Faith Presbyterian Church,Presbyterian,"1307 BLANCO WOODS ST, SAN ANTONIO, TX 78248-1402"
Catholic Life Insurance,Catholic,"1635 NE LOOP 410, SAN ANTONIO, TX 78209-1625"
Catholic Life Insurance - 67 Sw San Antonio,Catholic,"1635 NE LOOP 410, SAN ANTONIO, TX 78209-1625"
Harvest City Church,,"4906 STAHL RD, SAN ANTONIO, TX 78217-1116"
City South Church Of The Assemblies Of God,,"503 MOURSUND BLVD, SAN ANTONIO, TX 78221-3938"
Spiritual Church Of The Open Doors,,"5446 ROOSEVELT AVE, SAN ANTONIO, TX 78214-3226"
Greater Ball Tabernacle A M F Church Inc,,"PO BOX 20082, SAN ANTONIO, TX 78220-0000"
Abundant Life Christian Church,Christian / General,"300 W QUILL DR, SAN ANTONIO, TX 78228-3815"
Redeeming Love Church,,"373 FENWICK DR, SAN ANTONIO, TX 78239-2420"
Graves Memorial I M E Church,,"1606 HAYS ST, SAN ANTONIO, TX 78202-1534"
Village Parkway Baptist Church Inc,Baptist,"3002 VILLAGE PKWY, SAN ANTONIO, TX 78251-1829"
Eastwood Community Missionary Baptist Church,Baptist,"207 UPLAND RD, SAN ANTONIO, TX 78220-1656"
Life Center Christian Fellowship,Christian / General,"12140 W US HIGHWAY 90, SAN ANTONIO, TX 78245-3633"
Westover Hills Assembly Of God,,"9340 WESTOVER HILLS BLVD, SAN ANTONIO, TX 78251-2703"
Ways Of Christ Church,,"1125 S ZARZAMORA ST, SAN ANTONIO, TX 78207-5853"
Hope Of Life Christian Church,Christian / General,"1424 SAN FERNANDO ST, SAN ANTONIO, TX 78207-5529"
Communion Chapel,,"5719 MOBUD ST, SAN ANTONIO, TX 78238-1820"
Redeeming Grace Christian Church,Christian / General,"4500 N FOSTER RD, SAN ANTONIO, TX 78244-1499"
Four Winds Ministries Of Texas Inc,Christian / General,"16614 WORTHINGTON, SAN ANTONIO, TX 78248-2212"
Fountains Of Living Water Christian Fellowship Inc,Christian / General,"PO BOX 291008, SAN ANTONIO, TX 78229-1608"
City Of Refuge Christian Fellowship,Christian / General,"1201 AUSTIN HWY 200, SAN ANTONIO, TX 78209-4858"
Alamo Heights United Methodist Church,Methodist,"825 E BASSE RD, SAN ANTONIO, TX 78209-1832"
Iglesia Pentecostes Cristo El Agua De Vida,,"231 KOEHLER CT, SAN ANTONIO, TX 78223-2523"
Community Bible Church,,"2477 N 1604 EAST, SAN ANTONIO, TX 78232-0000"
Make It Clear Ministries,Christian / General,"9810 SCENIC HILLS DR, SAN ANTONIO, TX 78255-3408"
Oasis Of Life City Fellowship Inc,Christian / General,"PO BOX 691683, SAN ANTONIO, TX 78269-1683"
New Beginnings Ministries Church Of God,Church of God,"2711 E COMMERCE ST, SAN ANTONIO, TX 78203-2111"
New Livingway House Of Prayer Christian Church,Christian / General,"2911 GUNSMOKE, SAN ANTONIO, TX 78227-4031"
R M Sanchez Ministries Inc,Christian / General,"5655 CARY GRANT DR, SAN ANTONIO, TX 78240-2423"
San Antonio Community Church,,"1222 COUNTRY PATH, SAN ANTONIO, TX 78216-2346"
Ekklasia Baptist Assembly,Baptist,"6130 ELM, SAN ANTONIO, TX 78242-1522"
Southeast Assembly Of God,,"347 HERMITAGE CT, SAN ANTONIO, TX 78223-2041"
Upon This Rock Ministries,Christian / General,"8826 TIMBER WALK, SAN ANTONIO, TX 78250-4133"
New Beginning Christian Church,Christian / General,"6703 WALNUT LAKE DR, SAN ANTONIO, TX 78244-1652"
Family Life Christian Church,Christian / General,"5814 RITTIMAN PLZ, SAN ANTONIO, TX 78218-5231"
Baptist University Of The Americas,Baptist,"2418 W ANSLEY BLVD, SAN ANTONIO, TX 78224-1438"
Church Of Reconciliation,,"PO BOX 6885, SAN ANTONIO, TX 78209-0885"
Mission Point Christian Church,Christian / General,"PO BOX 47789, SAN ANTONIO, TX 78265-8789"
Jesus Christ Lives Church,,"6639 TAHOKA ST, SAN ANTONIO, TX 78227-3022"
San Antonio Church Inc,,"PO BOX 461308, SAN ANTONIO, TX 78246-1308"
Mark Jones Ministries Inc,Christian / General,"11202 DISCO, SAN ANTONIO, TX 78216-2860"
Walter Dub Jones Ministries Inc,Christian / General,"13923 BROOK HOLLOW BLVD, SAN ANTONIO, TX 78232-4703"
Yeshuas Messianic Fellowship,Christian / General,"5002 PELICAN LN, SAN ANTONIO, TX 78217-1228"
Rose Of Sharon Christian Church,Christian / General,"1060 DONALDSON AVE, SAN ANTONIO, TX 78228-5159"
Catholic Life Insurance - 50 Corn Hill,Catholic,"1635 NE LOOP 410, SAN ANTONIO, TX 78209-1625"
Beth Simcha Messianic Synagogue,Jewish,"PO BOX 690981, SAN ANTONIO, TX 78269-0981"
Bob And Sylvia Greiner Ministries Incorporated,Christian / General,"16734 HENDERSON PASS, SAN ANTONIO, TX 78232-3236"
Hosanna Assembly Of God,,"PO BOX 761835, SAN ANTONIO, TX 78245-6835"
Congregation Of Divine Providence Inc,,"603 SW 24TH ST, SAN ANTONIO, TX 78207-4621"
Spirit Of Life Lutheran Church,Lutheran,"1060 DONALDSON AVE, SAN ANTONIO, TX 78228-5159"
The Turning Point Fellowship,Christian / General,"5730 MOBUD ST, SAN ANTONIO, TX 78238-1819"
Rudy Guerra Ministries Inc,Christian / General,"PO BOX 380226, SAN ANTONIO, TX 78268-7226"
Iglesia-Misian Bautista Cristo Jesus Peniel Inc,,"501 S HACKBERRY, SAN ANTONIO, TX 78203-1251"
Bandera Road Community Church,,"9355 BANDERA RD STE 124, SAN ANTONIO, TX 78250-2566"
Elevate Ministries,Christian / General,"130 SAIPAN PL, SAN ANTONIO, TX 78221-2927"
Wise Builder Ministry,Christian / General,"PO BOX 240875, SAN ANTONIO, TX 78224-0875"
Springs Fellowship,Christian / General,"21732 HYPERWOOD, SAN ANTONIO, TX 78259-0000"
East Commerce Church Of Christ,Church of Christ,"2706 E COMMERCE ST, SAN ANTONIO, TX 78203-2112"
Calvary Christian Center,Christian / General,"138 CABOT ST, SAN ANTONIO, TX 78213-4411"
Grace Tabernacle Ph Church,,"PO BOX 10238, SAN ANTONIO, TX 78210-0238"
Iglesia Calvario,,"PO BOX 37141, SAN ANTONIO, TX 78237-0141"
Northside Bible Church,,"11865 1 H-10 WEST NO 600, SAN ANTONIO, TX 78230-0000"
Ministry Of Life Fellowship And Ministries Inc,Christian / General,"6537 KITCHENER ST, SAN ANTONIO, TX 78240-2503"
Church On The Rock-San Antonio Inc,,"8308 FREDERICKSBURG RD, SAN ANTONIO, TX 78229-3316"
Ministries Of The Gospel Of Jesus Christ,Christian / General,"PO BOX 14619, SAN ANTONIO, TX 78214-0619"
St Martin And St Rose Polish National Catholic Church,Catholic,"1007 W THEO AVE, SAN ANTONIO, TX 78225-1849"
Christ In Us Ministries,Christian / General,"672 GILLETTE BLVD, SAN ANTONIO, TX 78221-3721"
United Latin Ministries Inc,Christian / General,"4818 FORTUNA, SAN ANTONIO, TX 78237-1053"
The Kings Mission Fellowship Church Inc,Christian / General,"610 MOURSUND BLVD, SAN ANTONIO, TX 78221-3939"
Ministerio Manantial De Agua Viva Fountain Of Living Water Ministry,Christian / General,"6819 FAIRGROVE ST, SAN ANTONIO, TX 78227-2028"
Grissom Road Church Of Christ,Church of Christ,"5470 LOST LANE, SAN ANTONIO, TX 78238-0000"
Monte Calvario Baptist Church,Baptist,"2300 BASSE RD, SAN ANTONIO, TX 78213-4505"
Christ The King Mercian Orthodox Catholic Church,Catholic,"1254 W MALONE AVE, SAN ANTONIO, TX 78225-1835"
Sunset Ridge Church Of Christ Foundation,Church of Christ,"95 BREES BLVD, SAN ANTONIO, TX 78209-4001"
First Baptist Church Of San Antonio Foundation Inc,Baptist,"515 MCCULLOUGH, SAN ANTONIO, TX 78215-2105"
Re-Formed Congregation Of The Goddess Inc,,"PO BOX 120131, SAN ANTONIO, TX 78212-9331"
Mccauley Avenue Baptist Church,Baptist,"714 MCCAULEY BLVD, SAN ANTONIO, TX 78221-1333"
Unity Church-Northeast,,"PO BOX 33292, SAN ANTONIO, TX 78265-3292"
El Shaddai-Rock Of Ages Church,,"906 PEABODY AVE, SAN ANTONIO, TX 78211-2842"
Church Of Christ Of San Antonio N E,Church of Christ,"14210 SUSANCREST DR, SAN ANTONIO, TX 78232-4742"
Iglesia Communidad Cristiana De San Antonio Inc,,"PO BOX 100784, SAN ANTONIO, TX 78201-8784"
Pv Ministries Inc,Christian / General,"5210 EBONY, SAN ANTONIO, TX 78228-2716"
One Flesh Ministry,Christian / General,"7902 FLOWER TRL, SAN ANTONIO, TX 78244-2222"
Redemption Baptist Church,Baptist,"2122 RUIZ ST, SAN ANTONIO, TX 78207-2017"
Destiny Ministries Of San Antonio Texas,Christian / General,"14080 NACOGDOCHES RD STE 151, SAN ANTONIO, TX 78247-1944"
Castle Hills First Baptist School,Baptist,"2216 NW MILITARY HWY, SAN ANTONIO, TX 78213-1815"
St Lukes Lutheran Health Ministries Inc,Lutheran,"PO BOX 6101, SAN ANTONIO, TX 78209-0101"
Word Of God Church Of San Antonio,,"202 BLAZE AVE, SAN ANTONIO, TX 78218-2526"
Band Parents Of Winston Churchill High School Inc,,"PO BOX 791765, SAN ANTONIO, TX 78279-1765"
Fortress Church Of San Antonio,,"7760 PRUE RD, SAN ANTONIO, TX 78249-4103"
Sion Church Asambleas De Dios,,"131 HAZEL ST, SAN ANTONIO, TX 78207-7044"
San Antonio Baptist Church,Baptist,"6043 ROYAL CRK, SAN ANTONIO, TX 78239-1615"
Iglesia Bautista Betania En San Antonio,,"606 KAREN LN, SAN ANTONIO, TX 78218-4226"
Temple Of God,,"1307 DIVISION AVE, SAN ANTONIO, TX 78225-2535"
Lutheran High School Association Of San Antonio,Lutheran,"18104 BABCOCK RD, SAN ANTONIO, TX 78255-2211"
Victory Gospel Chapel Inc,,"1603 MONTANA ST, SAN ANTONIO, TX 78203-1931"
Christ Gospel Holiness Church Inc,,"4139 E HOUSTON ST APT 16B, SAN ANTONIO, TX 78220-1521"
Metropolitan Community Church Of San Antonio,,"611 E MYRTLE ST, SAN ANTONIO, TX 78212-4054"
Southern Baptists Of Texas Convention Inc,Baptist,"2928 MACARTHUR VW, SAN ANTONIO, TX 78217-4506"
St Leos Church,,"919 PLEASANTON RD, SAN ANTONIO, TX 78214-1657"
Iglesia Biblica El Camino Iel,,"5719 MOBUD ST, SAN ANTONIO, TX 78238-1820"
United Church Of God - San Antonio,Church of God,"PO BOX 34424, SAN ANTONIO, TX 78265-4424"
Sangha-Bucha Buddhist Temple,,"6201 SAWYER RD, SAN ANTONIO, TX 78238-2206"
Vineyard Christian Fellowship Of San Antonio Incorporated,Christian / General,"7700 TEZEL RD, SAN ANTONIO, TX 78250-3001"
Childrens Church Of God,Church of God,"505 W QUINCY ST, SAN ANTONIO, TX 78212-5147"
Glorious Pentecostal Church,Pentecostal,"PO BOX 276369, SAN ANTONIO, TX 78227-6369"
New Peace Fellowship Incorporated,Christian / General,"5555 TIMBER HILL NO 3, SAN ANTONIO, TX 78250-4208"
New Birth Church Of God In Christ,Church of God,"479 FERRIS AVE, SAN ANTONIO, TX 78220-2313"
Anointed Word Bible Church Of San Antonio Inc,,"3220 NORTHWESTERN, SAN ANTONIO, TX 78238-4043"
City Christian Fellowship Church,Christian / General,"623 LOCKHILL SELMA RD STE 110, SAN ANTONIO, TX 78216-5041"
San Antonio Chinese Church,,"7031 WURZBACH RD, SAN ANTONIO, TX 78240-3835"
Westlawn United Methodist Church,Methodist,"122 S SAN MANUEL ST, SAN ANTONIO, TX 78237-2051"
Robert Wilson Ministries,Christian / General,"14410 WATERMILL, SAN ANTONIO, TX 78217-6410"
Mission City Fellowship,Christian / General,"11108 BAXTERSHIRE, SAN ANTONIO, TX 78254-1024"
Believers Christian Center Inc,Christian / General,"1440 S WW WHITE RD, SAN ANTONIO, TX 78220-3430"
New Jerusalem Missionary Baptist Church,Baptist,"629 BURNET ST, SAN ANTONIO, TX 78202-1943"
Lion Of Judah Christian Church,Christian / General,"826 W MAYFIELD BLVD, SAN ANTONIO, TX 78211-0000"
Church Of The Living God Temple 2,,"PO BOX 201881, SAN ANTONIO, TX 78220-8881"
International Pentecostal Holiness Church,Pentecostal,"227 SHADY RILL, SAN ANTONIO, TX 78213-2927"
Dominion Church Of San Antonio,,"24891 BOERNE STAGE RD, SAN ANTONIO, TX 78255-9564"
New Hope United Church Of God Seventh Day,Church of God,"13875 HIGGINS RD, SAN ANTONIO, TX 78217-1292"
Oasis Ministry,Christian / General,"14122 KINT CIRCLE ST, SAN ANTONIO, TX 78247-3166"
Calvary Chapel North San Antonio,,"7410 BLANCO RD STE 390, SAN ANTONIO, TX 78216-4363"
Evidence Ministries,Christian / General,"PO BOX 690371, SAN ANTONIO, TX 78269-0371"
Miracle Center Ministries Inc,Christian / General,"3751 COMMERCIAL AVE, SAN ANTONIO, TX 78221-3118"
Arc Catholics,Catholic,"7400 CRESTWAY RD APT 928, SAN ANTONIO, TX 78239-3086"
Galvan Revival Church,,"2731 IRWIN DR, SAN ANTONIO, TX 78222-1327"
Iglesia Bautista Fundamental Agape,,"4131 BRETTON RDG, SAN ANTONIO, TX 78217-4209"
Cannan Latin American Ministries Inc,Christian / General,"1323 BROOKSTONE, SAN ANTONIO, TX 78248-1414"
Miracle Temple Christian Church,Christian / General,"2369 AUSTIN HWY, SAN ANTONIO, TX 78218-1982"
New Covenant Missionary Baptist Church,Baptist,"PO BOX 201408, SAN ANTONIO, TX 78220-8408"
Southern Baptist Convention,Baptist,"6611 RIDGE PLACE ST, SAN ANTONIO, TX 78250-5029"
Regeneration Ministries,Christian / General,"135 MOON VALLEY ST, SAN ANTONIO, TX 78227-4548"
River City Fellowship Christian School,Christian / General,"5810 BLANCO RD, SAN ANTONIO, TX 78216-6617"
The Word Christian Ministry,Christian / General,"1128 E GRAYSON ST, SAN ANTONIO, TX 78208-1225"
Igleisia Emanuel Pentecostal,Pentecostal,"2908 MISSION RD, SAN ANTONIO, TX 78214-2257"
Sharyn Dacbert-Stephens Ministries,Christian / General,"1207 VISTA DEL JUEZ, SAN ANTONIO, TX 78216-1779"
Churchhill High School Choir Booster Club,,"12049 BLANCO RD, SAN ANTONIO, TX 78216-2411"
Inspirational Church Of God In Christ San Antonio,Church of God,"4542 E HOUSTON ST, SAN ANTONIO, TX 78220-1716"
Episcopal Church Foundation In West Texas,Episcopal,"PO BOX 6885, SAN ANTONIO, TX 78209-0885"
Chiffon Foster Ministries,Christian / General,"4218 ALGRUTH DR, SAN ANTONIO, TX 78220-1634"
Full Gospel Sarang Community Church,,"13665 TOEPPERWEIN RD, SAN ANTONIO, TX 78233-4007"
Daily Bread Ministries,Christian / General,"3559 BELGIUM LN, SAN ANTONIO, TX 78219-2503"
Life Changing Word Ministries Inc,Christian / General,"6565 BABCOCK RD STE 11, SAN ANTONIO, TX 78249-2345"
Only A Servant Ministries Inc,Christian / General,"PO BOX 700155, SAN ANTONIO, TX 78270-0155"
Whirlwind Ministries Of San Antonio,Christian / General,"18095 PLEASANTON RD, SAN ANTONIO, TX 78221-9694"
Sheltering Arms Full Gospel Church,,"926 STEVES AVE, SAN ANTONIO, TX 78210-3926"
Ephphatha Christian Ministries House Of Prayer Fellowship,Christian / General,"10559 ELDERPOND, SAN ANTONIO, TX 78254-5318"
Christ Episcopal Church Endowment Inc,Episcopal,"510 BELKNAP PL, SAN ANTONIO, TX 78212-3400"
Agora Ministries Inc,Christian / General,"1103 MERIDA ST, SAN ANTONIO, TX 78207-7164"
Iglesia Pentecostal Unida Del Nombre De Jesus,Pentecostal,"941 CINCINNATI AVE, SAN ANTONIO, TX 78201-6029"
Northside Church Of Christ Of San Antonio Foundation Inc,Church of Christ,"19818 HWY 281 N, SAN ANTONIO, TX 78258-7622"
His Grace Church,,"6142 AMBER ROSE, SAN ANTONIO, TX 78253-6406"
Agape Ministry,Christian / General,"PO BOX 18042, SAN ANTONIO, TX 78218-0042"
Believers In Christ Ministries Of San Antonio,Christian / General,"4249 SUNRISE CREEK DR, SAN ANTONIO, TX 78244-3304"
Church At Vineyard Hills,,"PO BOX 160667, SAN ANTONIO, TX 78280-2867"
New Beginnings Church Of San Antonio,,"706 TEXAS AVE, SAN ANTONIO, TX 78201-6136"
Dorothy Delarosa Ministries,Christian / General,"339 W HUTCHINS PL, SAN ANTONIO, TX 78221-2745"
Mother Temple,,"CARE OF RAMA K RAO MD, SAN ANTONIO, TX 78205-0000"
Iglesia Cristiana Jehova Jireh,,"111 BAYWELL DR, SAN ANTONIO, TX 78227-4405"
Storehouse Ministry Fellowship Inc,Christian / General,"14145 NACOGDOCHES RD STE 2, SAN ANTONIO, TX 78247-1931"
Asher Ministries International Inc,Christian / General,"PO BOX 705, SAN ANTONIO, TX 78293-0705"
Gods House For All Gods People Faith Church,,"PO BOX 10313, SAN ANTONIO, TX 78210-0313"
Master Key Ministries Inc,Christian / General,"7726 CLEAR RIDGE DR, SAN ANTONIO, TX 78239-3910"
San Antonio Korean Agape Presbyterian Church,Presbyterian,"6726 TABAK FARM, SAN ANTONIO, TX 78239-3258"
Iglesia De Jesucristo Palabra Miel Montesion,,"8619 BOUTRY HTS, SAN ANTONIO, TX 78254-2300"
Morningside Ministries Foundation Inc,Christian / General,"700 BABCOCK RD, SAN ANTONIO, TX 78201-2681"
True Vine Baptist Church San Antonio,Baptist,"435 S ELLISON DR, SAN ANTONIO, TX 78245-1178"
Sammy Tippit Ministries,Christian / General,"14607 SAN PEDRO AVE STE 115, SAN ANTONIO, TX 78232-4356"
The Joshua House Of Worship Ministries Inc Joshua Baptist,Baptist,"PO BOX 200103, SAN ANTONIO, TX 78220-0103"
Jasper Stone Ministries Inc,Christian / General,"PO BOX 691953, SAN ANTONIO, TX 78269-1953"
St Lukes Episcopal Church Permanent Endownment Tr,Episcopal,"11 SAINT LUKES LN, SAN ANTONIO, TX 78209-4445"
Seek The Lost Ministries Inc,Christian / General,"5130 KAZEN DR, SAN ANTONIO, TX 78219-1340"
Episcopal Church Corporation In West Texas,Episcopal,"PO BOX 6885, SAN ANTONIO, TX 78209-0885"
Churchill Orchestra Booster Association,,"PO BOX 160153, SAN ANTONIO, TX 78280-2353"
Texas-Oklahoma Latin District Church Of The Nazarene,,"137 JEANETTE DR, SAN ANTONIO, TX 78216-7307"
Community Of Churches For Social Action Ccsa,,"1023 N PINE ST, SAN ANTONIO, TX 78202-1203"
Now Word Covenant Church Of San Antonio,,"12525 NACOGDOCHES RD STE 110, SAN ANTONIO, TX 78217-2112"
Southside Victory Life Ministries,Christian / General,"PO BOX 14117, SAN ANTONIO, TX 78214-0117"
Iglesia De Dios Northwest,,"5914 SILVERCREST, SAN ANTONIO, TX 78228-2648"
Prince Of Peace Baptist Church Of San Antonio Texas,Baptist,"526 RUNNELS AVE, SAN ANTONIO, TX 78208-2120"
St Margarets Episcopal Day School,Episcopal,"5310 STAHL RD, SAN ANTONIO, TX 78247-1522"
Faith Harvest Non-Denominational Temple Of Christ Inc,,"6002 GLACIER SUN DR, SAN ANTONIO, TX 78244-1150"
University Presbyterian Children Center,Presbyterian,"300 BUSHNELL AVE, SAN ANTONIO, TX 78212-5334"
Gateway Worship Center,,"2143 S WW WHITE RD, SAN ANTONIO, TX 78222-1121"
Christ Our Savior Luther Church,,"5323 BLANCO RD, SAN ANTONIO, TX 78216-7025"
Iglesia El Jordan,,"13003 SW LOOP 410, SAN ANTONIO, TX 78224-3193"
Spirit Of Life Christian Fellowship,Christian / General,"PO BOX 47952, SAN ANTONIO, TX 78265-8952"
St John Baptist Church Of San Antonio,Baptist,"6800 EVERS RD, SAN ANTONIO, TX 78240-3100"
St Joseph Missionary Baptist Church,Baptist,"122 CORLISS ST, SAN ANTONIO, TX 78220-1238"
Holy Spirit Outreach Ministries,Christian / General,"3022 EL PASO ST, SAN ANTONIO, TX 78207-4603"
Oasis Of Hope Familychurch,,"2 FRINGEWOOD, SAN ANTONIO, TX 78254-5575"
Mission Road Ministries,Christian / General,"8706 MISSION RD, SAN ANTONIO, TX 78214-3140"
Abounding Hope Baptist Church,Baptist,"102 E CHERYL DR APT 6, SAN ANTONIO, TX 78228-3063"
Iglesia Bautista Nueva Esperanza,,"222 HIGHVIEW DR, SAN ANTONIO, TX 78228-1943"
Rock Of Revelation Church Inc,,"9215 WALHALLA AVE, SAN ANTONIO, TX 78221-4124"
Word Of Deliverance Church Inc,,"425 ESSEX ST, SAN ANTONIO, TX 78210-2109"
Men Of Integrity Ministries Inc,Christian / General,"4339 BOXWOOD RD, SAN ANTONIO, TX 78222-1103"
East Side Baptist Tabernacle,Baptist,"554 BELMONT, SAN ANTONIO, TX 78202-3233"
Igniting The Harvest Christian Church Inc,Christian / General,"233 THOMPSON PL, SAN ANTONIO, TX 78225-1409"
Hope Church,,"18850 REDLAND RD, SAN ANTONIO, TX 78259-3570"
A Woman After Gods Own Heart Ministries Inc,Christian / General,"18623 DOUBLE FORK RD, SAN ANTONIO, TX 78258-4639"
Grace Bible Chapel,,"PO BOX 592256, SAN ANTONIO, TX 78259-0162"
San Antonio Church Of Christ At Viewcrest,Church of Christ,"403 E VISTA RDG, SAN ANTONIO, TX 78260-1839"
Cheryl Bible Chapel,,"135 W CHERYL DR, SAN ANTONIO, TX 78228-4038"
Emmanuel Apostolic Temple Church,Apostolic,"223 FERRIS AVE, SAN ANTONIO, TX 78220-1217"
Peace Apostolic Church,Apostolic,"1070 HONEY TREE ST, SAN ANTONIO, TX 78245-1646"
Bethel A M E Church Of San Antonio,,"225 N SWISS, SAN ANTONIO, TX 78202-2755"
West Laurel Heights First Missionary Baptist Church,Baptist,"115 GUTHRIE ST, SAN ANTONIO, TX 78237-3237"
Iglesia Olor Fragante,,"7647 SPANISH WOOD, SAN ANTONIO, TX 78249-4260"
St Peters Baptist Church,Baptist,"651 LINCOLNSHIRE DR, SAN ANTONIO, TX 78220-3215"
Christian Unity Ministries,Christian / General,"2827 QUAIL OAK ST, SAN ANTONIO, TX 78232-1816"
Templo Nuestro Salvador,,"729 ATLANTA ST, SAN ANTONIO, TX 78212-4411"
Methodist Childrens Home Alumni Association,Methodist,"11514 BUCKRAIL ST, SAN ANTONIO, TX 78232-3417"
Holy Cross Lutheran Church,Lutheran,"3118 S NEW BRAUNFELS AVE, SAN ANTONIO, TX 78210-5254"
Mt Calvary Luthren Church,,"308 MOUNT CALVARY, SAN ANTONIO, TX 78209-4846"
Redeemer Lutheran Church,Lutheran,"2507 FREDERICKSBERG RD, SAN ANTONIO, TX 78201-3784"
Lutheran Church Missouri Synod St Paul Lutheran,Lutheran,"2302 S PRESA ST, SAN ANTONIO, TX 78210-2840"
Second Baptist Church Incorporated Of San Antonio Texas,Baptist,"3310 E COMMERCE ST, SAN ANTONIO, TX 78220-1220"
St Stephens Episcopal Church,Episcopal,"4102 S NEW BRAUNFELS AVE STE 110, SAN ANTONIO, TX 78223-1717"
Alamo Heights Christian Church,Christian / General,"6435 N NEW BRAUNFELS AVE, SAN ANTONIO, TX 78209-3851"
Covenant Presbyterian Church,Presbyterian,"1761 NW LOOP 410, SAN ANTONIO, TX 78213-2423"
Castle Hills First Baptist Church,Baptist,"2220 NW MILITARY HWY, SAN ANTONIO, TX 78213-1815"
Elizabeth Beitel Memorial Lutheran Church,Lutheran,"2515 AUSTIN HWY, SAN ANTONIO, TX 78218-2047"
St Marks Episcopal Church Endowment Fund,Episcopal,"PO BOX 2950, SAN ANTONIO, TX 78299-2950"
Church Of The Holy Cross,,"3726 S NEW BRAUNFELS AVE, SAN ANTONIO, TX 78223-1706"
Greater Lincoln Park Temple Apostolic Faith Incorporated,Apostolic,"937 W MAGNOLIA AVE, SAN ANTONIO, TX 78201-5641"
School Of The Ministries,Christian / General,"1001 HOT WELLS BLVD, SAN ANTONIO, TX 78223-2731"
Central Christian Church Endowment Fund,Christian / General,"720 N MAIN AVE, SAN ANTONIO, TX 78205-1106"
House Of Prayer Lutheran Church San Antonio Texas,Lutheran,"10226 IRONSIDE DR, SAN ANTONIO, TX 78230-3253"
Tried Stone Baptist Church,Baptist,"551 CANTON, SAN ANTONIO, TX 78202-3104"
Faith Gospel Fellowship Church,Christian / General,"3737 ROOSEVELT AVE, SAN ANTONIO, TX 78214-2900"
Casa De Oracion Iglesia Espiritual De Jesucristo,,"3402 MONTEREY ST, SAN ANTONIO, TX 78207-4059"
Far East Apostolic Mission,Apostolic,"214 COLFAX ST, SAN ANTONIO, TX 78228-4732"
Leon Springs Presbyterian Church,Presbyterian,"23943 IH-10 WEST, SAN ANTONIO, TX 78257-1110"
Shenandoah Church Of Christ Inc,Church of Christ,"11026 WURSBACK RD, SAN ANTONIO, TX 78230-0000"
Genesis Full Life Fellowship Church Inc,Christian / General,"15549 TOEPPERWEIN RD, SAN ANTONIO, TX 78233-3991"
Lord Of Life Lutheran Church,Lutheran,"5955 FM 78, SAN ANTONIO, TX 78244-1001"
Friendship Baptist Church,Baptist,"935 IOWA ST, SAN ANTONIO, TX 78203-1657"
Faith Missionary Baptist Church Of San Antonio,Baptist,"7307 FRATT RD, SAN ANTONIO, TX 78218-2833"
Willow Park Christian Church,Christian / General,"118 HONEY BLVD, SAN ANTONIO, TX 78220-1230"
New Life Christian Fellowship,Christian / General,"2419 RIGSBY AVE, SAN ANTONIO, TX 78222-1014"
San Antonio Presbyterian Foundation Inc,Presbyterian,"404 N ALAMO, SAN ANTONIO, TX 78205-1918"
Beacon Hill Church Of Christ Memorial Trust Frost National Bank,Church of Christ,"PO BOX 2950, SAN ANTONIO, TX 78299-2950"
Trinity Episcopal School 1989 Endownment Tr,Episcopal,"PO BOX 6885, SAN ANTONIO, TX 78209-0885"
The Hargrave Methodist Christian Witness Trust,Methodist,"20119 STANDISH RD, SAN ANTONIO, TX 78258-3008"
Christian Montessori Fellowship Inc,Christian / General,"24125 IH 10 WEST STE 217-117, SAN ANTONIO, TX 78257-0000"
Beginning Experience International Ministry Inc,Christian / General,"103 BILTMORE ST STE 105, SAN ANTONIO, TX 78213-2260"
Catholic Life Insurance - 25 Gainesville,Catholic,"1635 NE LOOP 410, SAN ANTONIO, TX 78209-1625"
Daystar Church,,"8666 HUEBNER RD STE 204, SAN ANTONIO, TX 78240-1837"
Hardcore Evangelistic Ministries Inc,Christian / General,"13423 BLANCO RD, SAN ANTONIO, TX 78216-2187"
At The Gate Ministries Inc,Christian / General,"7203 WILDER ST, SAN ANTONIO, TX 78250-3525"
Dick Senter Ministries Inc,Christian / General,"1703 BRAEBURN BND, SAN ANTONIO, TX 78258-4512"
Wings Of A Dove Christian Church,Christian / General,"915 CINCINNATI AVE, SAN ANTONIO, TX 78201-6029"
Pit Crew Ministries International,Christian / General,"166 CAVE LN, SAN ANTONIO, TX 78209-2209"
New Way Bible Fellowship,Christian / General,"4202 JARBET DR, SAN ANTONIO, TX 78220-1647"
Journey Church,,"6758 MONTGOMERY DR, SAN ANTONIO, TX 78239-3245"
Catholic Life Insurance - 27 Richmond-Rosenberg,Catholic,"1635 NE LOOP 410, SAN ANTONIO, TX 78209-1625"
Catholic Life Insurance - 129 Bay Area,Catholic,"1635 NE LOOP 410, SAN ANTONIO, TX 78209-1625"
Church Of God Of Prophecy,Church of God,"634 SAIPAN PL, SAN ANTONIO, TX 78221-2937"
Mobilization Ministries Corporation,Christian / General,"406 SUNRISE HL, SAN ANTONIO, TX 78260-5822"
Bethel Community Ministries,Christian / General,"3447 NORTHEAST PKWY, SAN ANTONIO, TX 78218-3329"
Templo Elim Assembly Of God,,"607 SALDANA ST, SAN ANTONIO, TX 78225-1546"
Alamo Stone Church,,"C/O SALVATION CENTER 5719 MOBUD, SAN ANTONIO, TX 78238-0000"
New Wine Church Of San Antonio,,"PO BOX 27610, SAN ANTONIO, TX 78227-0610"
Waters Church,,"9324 SCHOENTHAL ROAD, SAN ANTONIO, TX 78266-2740"
Spirit Of Sharing Ministry,Christian / General,"9706 CREEKSIDE BLF, SAN ANTONIO, TX 78230-4615"
Magdalena Ministries Inc,Christian / General,"PO BOX 692041, SAN ANTONIO, TX 78269-2041"
Amazing Grace Christian Church,Christian / General,"12118 EL SENDERO ST, SAN ANTONIO, TX 78233-6720"
Chi Alpha Christian Fellowship,Christian / General,"7314 GREEN GLEN DR, SAN ANTONIO, TX 78255-1117"
Cjc Global Ministries,Christian / General,"6401 BANDERA RD, SAN ANTONIO, TX 78238-1512"
Sold Out Believers Christian Fellowship,Christian / General,"1139 GEMBLER RD, SAN ANTONIO, TX 78219-3200"
Grace New Beginnings & Harvest Ministries,Christian / General,"PO BOX 201832, SAN ANTONIO, TX 78220-8832"
Covenant Ministry Internationl Inc,Christian / General,"8426 CASCADE RIDGE DR, SAN ANTONIO, TX 78239-4038"
La Nueva Jerusalem Baptist Church,Baptist,"2762 DIGNOWITY AVE, SAN ANTONIO, TX 78208-2107"
Beauty Of The Cross Ministry Inc,Christian / General,"1402 ASH ST, SAN ANTONIO, TX 78208-1705"
Transformation Church,,"PO BOX 591417, SAN ANTONIO, TX 78259-0120"
New Life Church,,"4527 BRIARWICK ST, SAN ANTONIO, TX 78217-1424"
S A Resurrection Ministries,Christian / General,"6902 TWIN LAKE DR, SAN ANTONIO, TX 78244-1651"
Japanese Megumi International Church Of San Antonio,,"10603 CULEBRA RD, SAN ANTONIO, TX 78251-1346"
Isa117 Ministries,Christian / General,"PO BOX 23909, SAN ANTONIO, TX 78223-0901"
Momentum Bible Church,,"24014 BUCKTHOM PASS, SAN ANTONIO, TX 78261-0000"
Defection Church Inc,,"515 BERYL DR, SAN ANTONIO, TX 78213-3410"
Thuff Ministries Inc,Christian / General,"5902 AKIN PL, SAN ANTONIO, TX 78261-2165"
Hillburn Drive Grace Baptist Church Inc,Baptist,"5426 HILLBURN DR, SAN ANTONIO, TX 78242-2360"
City Of God Worship Center,,"8826 BRIDINGTON, SAN ANTONIO, TX 78239-2803"
Iglesia Catolica Apostolica Anglicana Inc,Apostolic,"1150 BABCOCK RD APT L10, SAN ANTONIO, TX 78201-6943"
Mission Community Church- Efca,,"PO BOX 769493, SAN ANTONIO, TX 78245-9348"
Wow Out Ministries,Christian / General,"12303 BRET SPRINGS ST, SAN ANTONIO, TX 78233-4603"
Encountering God Ministries,Christian / General,"8754 SILVER QUAIL, SAN ANTONIO, TX 78250-6216"
Ascension Church,,"8027 SHEPPARD KNL, SAN ANTONIO, TX 78227-4770"
202 Holland Avenue Fellowship Church,Christian / General,"4007 MCCULLOUGH AVE STE 470, SAN ANTONIO, TX 78212-2420"
Christ Temple Tabernacle Inc,,"11722 BRIDGE HAMPTON, SAN ANTONIO, TX 78251-3203"
Nacogdoches Road Church Of Christ Inc,Church of Christ,"12623 NACOGDOCHES RD, SAN ANTONIO, TX 78217-2111"
In Christ Ministry,Christian / General,"5915 LARKSPUR VLY, SAN ANTONIO, TX 78218-2327"
Universal Pentecostal Church In Mission Upcm Inc,Pentecostal,"5018 GALAHAD DR, SAN ANTONIO, TX 78218-2701"
Girldefined Ministries Inc,Christian / General,"1910 NW MILITARY HWY, SAN ANTONIO, TX 78213-2128"
Aaron Grijalva Ministries Inc,Christian / General,"12532 NEVILLE RNCH, SAN ANTONIO, TX 78245-3562"
Cleft Of The Rock Church,,"6041 WT MONTGOMERY, SAN ANTONIO, TX 78252-2234"
Bibleuia Ministries,Christian / General,"6445 US HIGHWAY 87, SAN ANTONIO, TX 78222-1816"
Refuge Church At Lone Star,,"28 ARNOLD PALMER, SAN ANTONIO, TX 78257-1723"
Faith Bound Street Ministry Inc,Christian / General,"5214 STORMY BREEZE, SAN ANTONIO, TX 78247-1725"
My Church,,"1719 DEER RUN ST, SAN ANTONIO, TX 78232-4414"
Taproot Church,,"111 ADELAIDE OAKS, SAN ANTONIO, TX 78249-1528"
Anchored By Hope Christian Ministry,Christian / General,"1307 W THEO AVE, SAN ANTONIO, TX 78225-1855"
Lifeshare Church Inc,,"5814 CEDAR CV, SAN ANTONIO, TX 78249-3131"
One Church San Antonio,,"15003 PEOPLES DR, SAN ANTONIO, TX 78253-5415"
Trinity Grace Mission Church,,"6391 DE ZAVALA RD STE 106, SAN ANTONIO, TX 78249-2144"
Prophetic Life Ministry,Christian / General,"18303 CABIN RD, SAN ANTONIO, TX 78258-4618"
Archdiocese Of San Antonio Capital Campaign Inc,,"2718 W WOODLAWN AVE, SAN ANTONIO, TX 78228-5195"
4 Cross Ministries Inc,Christian / General,"7402 GREAT LAKES DR, SAN ANTONIO, TX 78244-1345"
Logos Rhema Christian Ministries,Christian / General,"2402 PINK PEARL DR, SAN ANTONIO, TX 78224-2360"
Xtreme Harvest Church,,"6727 NW LOOP 410, SAN ANTONIO, TX 78238-4504"
The New Covenant Ministry Of San Antonio Texas,Christian / General,"219 MORRILL AVE, SAN ANTONIO, TX 78214-1536"
Harper Ministries International,Christian / General,"PO BOX 18792, SAN ANTONIO, TX 78218-0792"
Experience Church San Antonio Inc,,"3127 PLEASANTON RD, SAN ANTONIO, TX 78221-2325"
Word Way Ministries International,Christian / General,"1923 LOCKHILL SELMA, SAN ANTONIO, TX 78213-1574"
St Chads Anglican Church,,"PO BOX 781432, SAN ANTONIO, TX 78278-1432"
Rebel Church Inc,,"15909 SAN PEDRO AVE STE 105, SAN ANTONIO, TX 78232-3743"
Temple Chai,,"15316 HUEBNER RD BUILDING 3, SAN ANTONIO, TX 78248-0987"
4 His Glory Christian Fellowship Inc,Christian / General,"311 E FORMOSA BLVD, SAN ANTONIO, TX 78221-2912"
Kingdom Assembly Worship Center Inc,,"PO BOX 690245, SAN ANTONIO, TX 78269-0245"
Word Of Life Gospel Church Inc,,"118 ROSWELL CYN, SAN ANTONIO, TX 78245-2871"
Hebrews1024 Coumminty Church,,"PO BOX 5250, SAN ANTONIO, TX 78201-0250"
Messiah Bible Church,,"814 ARION PKWY STE 410, SAN ANTONIO, TX 78216-2837"
Tea Pot Ministries Inc,Christian / General,"9039 BROADMOOR BND, SAN ANTONIO, TX 78251-4337"
San Antonio Christian Family Fellowship,Christian / General,"5919 OAK BLOSSOM, SAN ANTONIO, TX 78250-2615"
Christfi Lutheran Mission,Lutheran,"3678 HIDDEN DR APT 2401, SAN ANTONIO, TX 78217-4671"
Know God Ministries,Christian / General,"7884 SANDPIPER PARK DR, SAN ANTONIO, TX 78249-4494"
Crossroads Church Of South Texas,,"3910 WEST AVE, SAN ANTONIO, TX 78213-3079"
New Covenant Church San Antonio Inc,,"13203 LA VENTANA ST, SAN ANTONIO, TX 78233-5854"
San Antonio Methodist Childrens Foundation,Methodist,"19114 BRANNAN BLF, SAN ANTONIO, TX 78258-3854"
Sowers Church Of Christ Inc,Church of Christ,"5851 ARMSTRONG WL, SAN ANTONIO, TX 78249-2318"
Iglesia De San Antonio,,"16320 HUEBNER RD, SAN ANTONIO, TX 78248-1690"
Restorative Christian Counseling & Training Ministry,Christian / General,"3923 MAHOGANY CV, SAN ANTONIO, TX 78261-2740"
Fellowship Of Believers Community Church,Christian / General,"1210 BOLING BROOK ST, SAN ANTONIO, TX 78245-1640"
New Center Of Faith Church,,"6414 ROBIN FRST, SAN ANTONIO, TX 78239-3219"
Deaf 316 Ministries Inc,Christian / General,"621 PASEO CANADA ST, SAN ANTONIO, TX 78232-1110"
Iglesia Cristiana Voz Que Clama,,"9531 STATE HWY 151 APT 9202, SAN ANTONIO, TX 78251-4450"
Kingdom International Fellowship Of Christian Churches Inc,Christian / General,"24385 WILDERNESS OAK APT 8407, SAN ANTONIO, TX 78258-7766"
Mar Thoma Congregation Of San Antonio,,"5410 RODGERS RD, SAN ANTONIO, TX 78251-0000"
Live Oak Vineyard Church,,"13318 LOMA BONITA, SAN ANTONIO, TX 78233-5396"
Mike Q Daniel Ministries,Christian / General,"19141 STONE OAK PKWY STE 104, SAN ANTONIO, TX 78258-3367"
Meta Church Inc,,"1207 RICHLAND HILLS DR, SAN ANTONIO, TX 78251-2013"
Christ Of The Hills Church,,"104 W LULLWOOD AVE, SAN ANTONIO, TX 78212-2318"
Alamohills Church,,"7914 CREEK TRAIL ST, SAN ANTONIO, TX 78254-2607"
Freedom Hill Church Inc,,"3950 EISENHAUER RD, SAN ANTONIO, TX 78218-3407"
Kingdom Business Women Ministry,Christian / General,"543 RICE RD, SAN ANTONIO, TX 78220-3417"
Gods Family Church International Inc,,"9650 POTRANCO ROAD, SAN ANTONIO, TX 78251-0000"
Leadership&Vision Of Christ Ministries Ministerio Liderazgo&Vi,Christian / General,"PO BOX 100845, SAN ANTONIO, TX 78201-0000"
1 Church 1 Soul Ministry,Christian / General,"214 BLUE BONNET ST, SAN ANTONIO, TX 78202-2406"
Word Ministry Baptist Church,Baptist,"11869 POTRANCO RD APT 4111, SAN ANTONIO, TX 78253-7532"
Iglesia Vida Nueva Stone Oak Incorporation,,"20024 CRESCENT OAKS, SAN ANTONIO, TX 78258-3218"
Iglesia Cristiana La Esposa Del Cordero Inc,,"6214 S ZARZAMORA ST, SAN ANTONIO, TX 78211-3217"
Logos Christian Church,Christian / General,"10631 JANET LEE DR, SAN ANTONIO, TX 78230-4215"
Activate Ministries,Christian / General,"25821 VELVET CRK, SAN ANTONIO, TX 78255-4441"
Basic Truth Ministry,Christian / General,"7422 SIRIUS MESA, SAN ANTONIO, TX 78252-2255"
Revive Church San Antonio Inc,,"5034 MUSTANG VW, SAN ANTONIO, TX 78244-3532"
Spiritual Love Ministry,Christian / General,"10718 BUTTERFLY FLT, SAN ANTONIO, TX 78254-5461"
North Central Fellowship,Christian / General,"26114 WOOD CHUCK, SAN ANTONIO, TX 78260-5376"
First Love Christian Church,Christian / General,"11 COTSWOLD LN, SAN ANTONIO, TX 78257-1221"
Templo Agua Viva,,"1139 BARCLAY, SAN ANTONIO, TX 78207-7136"
R C Freedom Ministries,Christian / General,"4243 E PIEDRAS DR, SAN ANTONIO, TX 78228-1421"
Connection Covenant Church,,"PO BOX 701332, SAN ANTONIO, TX 78270-1332"
Asha Ministries,Christian / General,"PO BOX 276615, SAN ANTONIO, TX 78227-6615"
The Rim Church,,"10401 WEST I-10, SAN ANTONIO, TX 78230-0000"
International Pentecostal Church Of Evangelism Inc,Pentecostal,"7723 SHINING GLOW, SAN ANTONIO, TX 78244-3524"
Launch Church,,"7619 CEDAR FARM, SAN ANTONIO, TX 78239-3260"
Embrace Church Of San Antonio,,"4515 FREDERICKSBURG RD STE 8, SAN ANTONIO, TX 78201-6503"
Trailblazers Legends Of Faith Temple Inc,,"7933 SPLINTERED OAK, SAN ANTONIO, TX 78233-2814"
Lutheran Parish Of Northwest San Antonio,Lutheran,"5714 CALLAGHAN RD, SAN ANTONIO, TX 78228-1101"
Marigold Church,,"2126 SANDY BND, SAN ANTONIO, TX 78264-4653"
Pave The Way For The Lord Ministries,Christian / General,"300 MONTICELLO CT, SAN ANTONIO, TX 78223-2084"
Center Cross Ministries International,Christian / General,"2615 ROGERS CIR, SAN ANTONIO, TX 78258-4605"
Newhope Ministries Of Texas,Christian / General,"PO BOX 769398, SAN ANTONIO, TX 78245-9343"
All Nations Worship Assembly Of San Antonio,,"8235 VICAR, SAN ANTONIO, TX 78218-1549"
Church On The Dirt Inc,,"1110 CRYSTAL SPG, SAN ANTONIO, TX 78258-6909"
360 Inner City Church - San Antonio Tx,,"4511 SHAY CIR, SAN ANTONIO, TX 78251-3740"
Afaayo Africa Ministries Inc,Christian / General,"PO BOX 781044, SAN ANTONIO, TX 78278-1044"
New Family Iglesia Inc,,"9708 MARBACH PASS, SAN ANTONIO, TX 78245-4719"
Reclaim Church San Antonio,,"47 SILVERHORN DR, SAN ANTONIO, TX 78216-7888"
Friends Of Dolph Briscoe Prison Ministry Inc,Christian / General,"4403 BAYBERRY ROW, SAN ANTONIO, TX 78249-2089"
Mission Of Mercy Outreach Church Inc,,"PO BOX 830215, SAN ANTONIO, TX 78283-0215"
Love Abides Ministry,Christian / General,"7830 MOUNTAIN FRST, SAN ANTONIO, TX 78239-3211"
Grateful Hearts Ministry,Christian / General,"25951 MAHOGONY TRL, SAN ANTONIO, TX 78255-3445"
Outer West Community Church Inc,,"12280 ALAMO RANCH PKWY, SAN ANTONIO, TX 78253-6677"
The City Of God Christian Fellowship Inc,Christian / General,"2622 KERRYBROOK CT APT 104E, SAN ANTONIO, TX 78230-4501"
Grace Redemption Community Church Inc,,"322 MENLO BLVD, SAN ANTONIO, TX 78223-2412"
La Vernia Primitive Baptist Church,Baptist,"115 PENNS WAY, SAN ANTONIO, TX 78231-1400"
Mary Mother Of The Church Catholic Parish,Catholic,"2718 W WOODLAWN AVE, SAN ANTONIO, TX 78228-5124"
Fresh Start Church Of San Antonio Inc,,"2419 THOUSAND OAKS DR, SAN ANTONIO, TX 78232-3206"
Windsong Christian Center Umc,Christian / General,"12099 ROBERT GLENN, SAN ANTONIO, TX 78252-0000"
Medical Ministry International Us,Christian / General,"20079 STONE OAK PARKWAY STE 1105-19, SAN ANTONIO, TX 78258-6943"
Mas Vida Iglesia Cristiana,,"2506 STRATFORD CT, SAN ANTONIO, TX 78223-2246"
Abundant Grace Baptist Church And Ministries Inc,Baptist,"7515 RUSTIC TRL, SAN ANTONIO, TX 78244-2410"
Rescue Point Church,,"8522 WINCHESTER WAY, SAN ANTONIO, TX 78254-1862"
Churchill Speech & Debate Association,,"12049 BLANCO RD, SAN ANTONIO, TX 78216-2411"
Legacy Of Grace Ministries Inc,Christian / General,"PO BOX 790631, SAN ANTONIO, TX 78279-0631"
Jason Sides Ministries,Christian / General,"6633 WALZEM RD, SAN ANTONIO, TX 78239-3612"
Lead Like Jesus Ministries,Christian / General,"1606 BRAEBURN BND, SAN ANTONIO, TX 78258-4511"
We Will Do You Good Ministries,Christian / General,"3023 MARTIN LUTHER KING DR, SAN ANTONIO, TX 78220-3143"
Hop Ministry House Of Prayer Ministry,Christian / General,"6323 HIGBEE ML, SAN ANTONIO, TX 78247-6205"
Disciple Community Church,,"10650 CULEBRA RD STE 104, SAN ANTONIO, TX 78251-4950"
Real Word Ministries,Christian / General,"PO BOX 761722, SAN ANTONIO, TX 78245-6722"
Emmaunel Pentecoatal Christian Ministries,Christian / General,"1423 RIVAS ST, SAN ANTONIO, TX 78207-1352"
Fountain Of Truth Church San Antonio,,"15002 TRADESMAN DRIVE SUITE 103, SAN ANTONIO, TX 78249-1375"
Dingil Mariyam Ethiopian Orthodox Tewahedo Church In San Antonio,Orthodox,"6243 LOWRIE, SAN ANTONIO, TX 78239-4408"
Pursuit Church Sa,,"27207 STARRY MOUNTAIN ST, SAN ANTONIO, TX 78260-1830"
St Jose Luis Sanchez Del Rio Catholic Church,Catholic,"21140 GATHERING OAK, SAN ANTONIO, TX 78260-3196"
Local Church San Antonio,,"12138 DAWSON CIR, SAN ANTONIO, TX 78253-6395"
Queens Of Valor Ministry,Christian / General,"11335 MORINO PARK, SAN ANTONIO, TX 78249-4276"
Light Of The World Ministry Inc,Christian / General,"4606 TAMARON PARK, SAN ANTONIO, TX 78253-5413"
Congregation Shalom Of San Antonio,,"PO BOX 700187, SAN ANTONIO, TX 78270-0187"
Lovenaction Ministries,Christian / General,"716 POTOMAC, SAN ANTONIO, TX 78202-3057"
Gifts Of The Spirit Ministry Inc,Christian / General,"13042 GROVE PT, SAN ANTONIO, TX 78253-5755"
Livingstone Family Church,,"2746 FRONTIER DR, SAN ANTONIO, TX 78227-4069"
Alamo Community Church Downtown,,"729 E WOODLAWN AVE, SAN ANTONIO, TX 78212-3136"
El Camino Christian Church Tx Inc,Christian / General,"8118 TEZEL RD, SAN ANTONIO, TX 78250-3032"
Knanaya Catholic Society Of San Antonio,Catholic,"13321 ROMULUS WAY, SAN ANTONIO, TX 78245-4795"
Hes Alive Ministries Inc,Christian / General,"6430 GREEN APPLE DR, SAN ANTONIO, TX 78233-3901"
Christian Ministries Association Inc,Christian / General,"13818 SHAVANO BREEZE, SAN ANTONIO, TX 78230-5855"
Worthy People Ministries,Christian / General,"3700 FREDRICKSBURG ROAD STE 152, SAN ANTONIO, TX 78201-3269"
Faithwallet Ministries,Christian / General,"7927 HIGHLAND PARK, SAN ANTONIO, TX 78250-5132"
Wellspring Fellowship Church,Christian / General,"6531 FM 78 STE 110 PMB 411, SAN ANTONIO, TX 78244-1456"
Jim Rion Ministries,Christian / General,"4827 RANCHERS RDG, SAN ANTONIO, TX 78251-4350"
Tapestry Free Methodist Church,Methodist,"8311 OAK HARVEST DR, SAN ANTONIO, TX 78254-4540"
All Nations Worship Assembly Of Houston,,"8235 VICAR, SAN ANTONIO, TX 78218-1549"
Calvary Temple Global Ministries,Christian / General,"2330 WINNING COLORS, SAN ANTONIO, TX 78248-2515"
Sheila Ortiz Diaz Ministries,Christian / General,"11934 DEVIN CHASE, SAN ANTONIO, TX 78253-5821"
Kingdom Legacy Worship Center,,"15610 HENDERSON PASS UNIT 701512, SAN ANTONIO, TX 78270-0859"
International Church Of Faith Inc,,"23111 HICKORY PASS, SAN ANTONIO, TX 78264-4240"
Pillar Church Of San Antonio,,"3331 CHEROKEE CV, SAN ANTONIO, TX 78253-6358"
Garden City Church Inc,,"516 WILLOW, SAN ANTONIO, TX 78202-1244"
City Of Refuge Church Ministry,Christian / General,"8800 BROADWAY STE 225, SAN ANTONIO, TX 78217-6383"
Rugged Peak Ministries,Christian / General,"1411 NOLAN ST, SAN ANTONIO, TX 78202-2440"
Rhema Bible Fellowship Of San Antonio,Christian / General,"6834 SPRING GARDEN ST, SAN ANTONIO, TX 78249-2914"
Healing For You Ministries,Christian / General,"563 CHERRY RIDGE DR, SAN ANTONIO, TX 78213-2850"
Fly Ministries,Christian / General,"15223 COMANCHE GARD, SAN ANTONIO, TX 78233-3033"
St George Episcopal Day School Inc Permanent Endowment Fund,Episcopal,"6900 WEST AVE, SAN ANTONIO, TX 78213-1820"
Belong Church San Antonio Inc,,"7429 LINKWOOD ST, SAN ANTONIO, TX 78240-3050"
Hope Of Life Methodist Ministries Inc,Methodist,"2607 SALLY GAY DR, SAN ANTONIO, TX 78223-2239"
Arabic Baptist Church Of San Antonio,Baptist,"718 WILDGROVE LN, SAN ANTONIO, TX 78258-0000"
Resource Center For Congregational Mental Health,,"140 W SUNSET RD, SAN ANTONIO, TX 78209-2633"
Miracle Workers Ministry,Christian / General,"407 MESA HL, SAN ANTONIO, TX 78258-4837"
Iglesia Renacer Inc,,"7806 MAINLAND WOODS, SAN ANTONIO, TX 78250-6022"
Rivers Of Hope Ministries,Christian / General,"PO BOX 40064, SAN ANTONIO, TX 78229-1064"
St Andrews Church & School Inc,,"722 ROBINHOOD PL, SAN ANTONIO, TX 78209-3400"
Palme-Templeton Family Foundation,,"17008 HIDDEN VIEW ST, SAN ANTONIO, TX 78232-2027"
Full Gospel Thanksgiving Church,,"PO BOX 18231, SAN ANTONIO, TX 78218-0231"
Grace Episcopal Church,Episcopal,"6275 CAMP BULLIS RD, SAN ANTONIO, TX 78257-9731"
Faith Christian Center,Christian / General,"13383 GREENSTONE, SAN ANTONIO, TX 78249-4507"
Iglesia De Dios Ministerial De Jesucristo International Inc,,"HOTEL INN AND SUITES AIRPORT, SAN ANTONIO, TX 78216-0000"
Liberty Grace Community Church,,"4331 SOMERVILLE BAY, SAN ANTONIO, TX 78244-1350"
Laodicean Hope Lay Ministry Corp,Christian / General,"9326 VALLEY WAY DR, SAN ANTONIO, TX 78250-5721"
Catholic Daughters Of The Americas,Catholic,"8500 CROSS MOUNTAIN TRL, SAN ANTONIO, TX 78255-2026"
Living Waters Community Church Inc,,"PO BOX 10537, SAN ANTONIO, TX 78210-0537"
Life Impact Ministries Inc,Christian / General,"9204 CENTRO BONITO, SAN ANTONIO, TX 78245-1294"
Your Blessed Life Ministries Inc,Christian / General,"8126 CEDAR KNOLL DR, SAN ANTONIO, TX 78255-2204"
Catholic Life Insurance - 65 Hill Country,Catholic,"1635 NE LOOP 410, SAN ANTONIO, TX 78209-1625"
Crossover Victory Church - San Antonio Texas,,"230 MOUNT VERNON CT, SAN ANTONIO, TX 78223-2054"
Chosen4Service Community Church,,"PO BOX 762211, SAN ANTONIO, TX 78245-7211"
Psalm 67 And 2 Ministries,Christian / General,"12207 LOST RNCH, SAN ANTONIO, TX 78254-6313"
Redemption Church Sa,,"140 PLACID DR, SAN ANTONIO, TX 78228-5027"
We Are Here 2 Help Ministry Inc,Christian / General,"6707 VELMA PATH, SAN ANTONIO, TX 78253-7429"
Family Mosaic Ministries Inc,Christian / General,"7500 PARADISE RD LOT 41, SAN ANTONIO, TX 78244-2255"
Kingdom Ministries Global,Christian / General,"11710 PARLIAMENT ST APT 102, SAN ANTONIO, TX 78213-1165"
South City Church San Antonio,,"4215 DESERT GOLD DR, SAN ANTONIO, TX 78222-4847"
Foxhole Ministries,Christian / General,"8323 CULEBRA RD STE 103, SAN ANTONIO, TX 78251-1682"
Iglesia Biblica La Puerta,,"15310 HUEBNER RD, SAN ANTONIO, TX 78248-0986"
Christ Community Church Satx,,"1300 EVANS RD, SAN ANTONIO, TX 78258-6916"
Walkin The Walk Ministries Inc,Christian / General,"PO BOX 700983, SAN ANTONIO, TX 78270-0983"
Garden Church Of San Antonio,,"7143 SPRING POINT ST, SAN ANTONIO, TX 78249-2600"
Lynette Janine Ministries,Christian / General,"2186 JACKSON KELLER RD PMB 3068, SAN ANTONIO, TX 78213-2723"
Nouel Ministries,Christian / General,"17227 ROCK FLS, SAN ANTONIO, TX 78248-1524"
Compassionate Recovery On Purpose Ministries,Christian / General,"5827 NW LOOP 410 APT 1801, SAN ANTONIO, TX 78238-2513"
Texas Emmanuel Baptist Church,Baptist,"5955 FARM TO MARKET RD 78, SAN ANTONIO, TX 78244-0000"
Behold 1 Church & Ministries,Christian / General,"701 SW 24TH ST, SAN ANTONIO, TX 78207-4669"
Church Of Collectiveism,,"6347 SUNSET HAVEN ST, SAN ANTONIO, TX 78249-2435"
Iglesia Cristiana Roca De Refugio,,"409 FLORIDA ST, SAN ANTONIO, TX 78210-1517"
Lions Den Church,,"7606 WESTROCK DR, SAN ANTONIO, TX 78227-3402"
Living Water Community Church San Antonio Inc,,"9423 RAINBOW CRK, SAN ANTONIO, TX 78245-1483"
Ecclesia United Church,,"6802 CIVILIAN, SAN ANTONIO, TX 78223-4855"
Hl Liberated Ministries,Christian / General,"4331 SOMERVILLE BAY, SAN ANTONIO, TX 78244-1350"
Foundation Of Truth Holiness Church,,"246 DELMAR ST, SAN ANTONIO, TX 78210-2238"
Big Homie Street Mentoring Ministry,Christian / General,"9414 GRAZE BR, SAN ANTONIO, TX 78211-1209"
Hearts Connections Ministries,Christian / General,"1919 KINDER RUN, SAN ANTONIO, TX 78260-2177"
Bible Study Fellowship,Christian / General,"18756 STONE OAK PARKWAY, SAN ANTONIO, TX 78258-4790"
San Antonio North Foursquare Church,,"20825 WILDERNESS OAK, SAN ANTONIO, TX 78258-2627"
Love Fellowship Christian Ctr,Christian / General,"8523 TANBARK DR, SAN ANTONIO, TX 78240-3709"
Thelma Gospel Christian Church,Christian / General,"22131 PLEASANTON RD, SAN ANTONIO, TX 78264-3731"
Korean Grace Baptist Church,Baptist,"5838 JOINER, SAN ANTONIO, TX 78238-1810"
The River Church,,"18118 CERCA PIEDRA, SAN ANTONIO, TX 78259-3530"
Hope And Healing Ministries,Christian / General,"722 ROBINHOOD PL, SAN ANTONIO, TX 78209-3400"
Mercifully Broken Ministries,Christian / General,"6010 VENADO TRCE, SAN ANTONIO, TX 78240-3367"
Gateway Fellowship Espanol,Christian / General,"10907 W LOOP 1604 N, SAN ANTONIO, TX 78254-3300"
Gateway Fellowship Church Westside,Christian / General,"11439 TURMOIL CURV, SAN ANTONIO, TX 78254-4580"
Adonais Fragrance Ministry,Christian / General,"4138 SOUTHTON TARN, SAN ANTONIO, TX 78223-2473"
Samaritans In Christ Motorcycle Ministry Incorporated,Christian / General,"13519 AUBURN OAKS, SAN ANTONIO, TX 78247-3708"
You Feed Them Fellowship,Christian / General,"16200 NACOGDOCHES RD, SAN ANTONIO, TX 78247-1003"
New Creation Church International,,"9010 LUNAR LNDG, SAN ANTONIO, TX 78252-4674"
Veterans For Christ Ministry,Christian / General,"13418 CORAM PEAK ST, SAN ANTONIO, TX 78248-1202"
Fresh Oil Ministries Of San Antonio Tx Inc,Christian / General,"7333 POTRANCO RD APT 30103, SAN ANTONIO, TX 78251-1505"
Abound Catholic,Catholic,"210 SAINT ANN, SAN ANTONIO, TX 78201-6357"
Storehouse Church Inc,,"14503 GOLD RUSH PASS, SAN ANTONIO, TX 78254-4470"
Bethany Prayer Ministries Inc,Christian / General,"7700 BROADWAY STE 104 PMB 1040, SAN ANTONIO, TX 78209-3260"
Sam Nobles Ministries,Christian / General,"26108 OVERLOOK PARKWAY, SAN ANTONIO, TX 78260-6046"
Find The Lost Ministry Incorporated,Christian / General,"6847 SCHILLINGS KY, SAN ANTONIO, TX 78252-2377"
Food And The Word Outreach Ministry,Christian / General,"10730 POTRANCO RD STE 122 PMB 134, SAN ANTONIO, TX 78251-3330"
New Storehouse Ministries,Christian / General,"27715 BORDELON WAY, SAN ANTONIO, TX 78260-1451"
Cancer Care Ministries,Christian / General,"CANCER CARE MINISTRIES, SAN ANTONIO, TX 78213-0000"
Rise To Faith Church,,"16207 GARDEN OAKS ST, SAN ANTONIO, TX 78232-2503"
