name,denomination,address,phone,website,matched,match_detail
Crossbridge Community Church Of San Antonio,,"25700 OVERLOOK PKWY, SAN ANTONIO, TX 78260-2599",(210) 496-0158,http://www.crossbridgecommunitychurch.com/,yes,"CrossBridge Community Church — 25700 Overlook Pkwy, San Antonio, TX 78260, USA"
Christ Redeeming Community Church,,"787 G ST, SAN ANTONIO, TX 78220-4215",(210) 213-5496,https://www.christredeeming.org/,yes,"Christ Redeeming Community Church — 787 G St, San Antonio, TX 78220, USA"
Galilea Church,,"1060 DONALDSON AVE, SAN ANTONIO, TX 78228-5159",,,no,"no confident match (name similarity 0.20 < 0.5). top result: ""Greater Galilee Baptist Church"" — 219 Joy St, San Antonio, TX 78212, USA"
Mt Horeb International Prayer Camp Ministries Inc,Christian / General,"PO BOX 10938, SAN ANTONIO, TX 78210-0938",,,no,"no confident match (name similarity 0.00 < 0.5). top result: ""Mount Evans Drive"" — Mount Evans Dr, San Antonio, TX 78251, USA"
Lively Stone International Christian Church,Christian / General,"1639 DAWSON ST, SAN ANTONIO, TX 78202-2403",(210) 226-1234,http://www.livelystoneministries.com/,yes,"Lively Stone International Christian — 1639 Dawson St, San Antonio, TX 78202, USA"
Trinity Presbyterian Church,Presbyterian,"31 AMMANN RD, BOERNE, TX 78015-4593",(830) 815-1212,http://www.trinityboerne.org/,yes,"Trinity Presbyterian Church — 31 Ammann Rd, Boerne, TX 78015, USA"
Issues Of Life Ministrys,Christian / General,"13407 PECAN STABLE, HELOTES, TX 78023-4216",,,no,"no confident match (name similarity 0.20 < 0.5). top result: ""His Life Ministries"" — 1307 Blanco Woods, San Antonio, TX 78248, USA"
Gospel Of Truth Church Of The Living God International Inc,,"7043 BANDERA RD, SAN ANTONIO, TX 78238-1266",,,no,"no confident match (wrong state). top result: ""Church of the Living God International"" — 2600 McCutcheon Rd, Columbus, OH 43219, USA"
Mercy Church San Antonio,,"8311 S ZARZAMORA ST, SAN ANTONIO, TX 78224-1757",(210) 922-7017,http://www.mercysa.church/,yes,"Mercy Church San Antonio — 8311 S Zarzamora St, San Antonio, TX 78224, USA"
Christian Faith Bible Church,Christian / General,"6834 COLUMBIA RDG, CONVERSE, TX 78109-3419",,,no,"no confident match (name similarity 0.40 < 0.5). top result: ""Maranatha Bible Church"" — 7855 TX-1604 Loop, Converse, TX 78109, USA"
Triumphant Word Christian Center,Christian / General,"7042 ALAMO DOWNS PKWY STE 600, SAN ANTONIO, TX 78238-4523",(210) 726-6623,http://www.twcc-sa.org/,yes,"Triumphant Word Christian Center — 7042 Alamo Downs Pkwy Ste 600, San Antonio, TX 78238, USA"
Redeeming Grace African Methodist Episcopal Cion Church,Methodist,"1690 RIGSBY AVE, SAN ANTONIO, TX 78210-3215",,,no,"no confident match (name similarity 0.33 < 0.5). top result: ""Redeeming Grace AME Zion Church"" — 1690 Rigsby Ave, San Antonio, TX 78210, USA"
Genesis Church Of San Antonio,,"414 MISSION ST, SAN ANTONIO, TX 78210-1742",,,no,"no confident match (name similarity 0.14 < 0.5). top result: ""Genesis Full Life Fellowship"" — 15549 Toepperwein Rd, San Antonio, TX 78233, USA"
Servants Of Servants Ministries,Christian / General,"1624 SANTA FE TRAIL DR, SAN ANTONIO, TX 78232-6103",,,no,"no confident match (name similarity 0.20 < 0.5). top result: ""Missionary Servants-St Anthony"" — 100 Peter Baque Rd, San Antonio, TX 78209, USA"
Mamrock Ministries Inc,Christian / General,"17503 LA CANTERA PRKWY STE 104193, SAN ANTONIO, TX 78257-8207",,,no,"no confident match (name similarity 0.00 < 0.5). top result: ""NorthRock Church"" — 1278 N Loop 1604 E, San Antonio, TX 78232, USA"
Beacon Light Covenant Ministries,Christian / General,"244 BRUSH TRAIL BND, CIBOLO, TX 78108-4225",,,no,"no confident match (name similarity 0.00 < 0.5). top result: ""St. Paul Evangelical Church"" — 108 S Main St, Cibolo, TX 78108, USA"
Romanian Media Ministries Inc,Christian / General,"PO BOX 700368, SAN ANTONIO, TX 78270-0368",,,no,"no confident match (name similarity 0.17 < 0.5). top result: ""Bethany Romanian Church"" — 26347 Boerne Stage Rd, Boerne, TX 78006, USA"
Earl And Mary Hendricks Ministries Inc,Christian / General,"8643 ANDERSON CV, CONVERSE, TX 78109-1938",,,no,"no confident match (name similarity 0.00 < 0.5). top result: ""Higher Ground Christian Worship Center"" — 9760 Rocket Ln, Converse, TX 78109, USA"
Edem Hopeson Ministries,Christian / General,"PO BOX 10077, SAN ANTONIO, TX 78210-0077",,,no,"no confident match (name similarity 0.17 < 0.5). top result: ""House of Prayer and Evangelism Ministries"" — 5121 Crestway Dr Ste 507, Windcrest, TX 78239, USA"
Be Broken Ministries Inc,Christian / General,"8235 AGORA PKWY STE 111 PMB 167, SELMA, TX 78154-1335",,,no,"no Places results for: Be Broken Ministries Inc, SELMA, TX"
Discovery Church Of The Assemblies Of God,,"242 COUNTRY LN, CIBOLO, TX 78108-3932",(210) 317-0309,https://www.discoverylife.org/,yes,"Discovery Church — 242 Country Ln, Cibolo, TX 78108, USA"
Corazon Ministries Inc,Christian / General,"126 GONZALES ST STE 200, SAN ANTONIO, TX 78205-4402",,,no,"no confident match (name similarity 0.20 < 0.5). top result: ""Corazon San Antonio"" — 504 Ave E, San Antonio, TX 78215, USA"
Grace Church Of San Antonio,,"239 N LOOP 1604 W, SAN ANTONIO, TX 78232-1027",(210) 920-5433,http://gracesanantonio.com/,yes,"Grace San Antonio Church — 6401 Bandera Rd, San Antonio, TX 78238, USA"
Christ Is Life Ministries,Christian / General,"212 WINDSOR DR, BOERNE, TX 78006-3565",(214) 924-0391,,yes,"Christ Is Life Ministries — 212, Windsor Dr, Boerne, TX 78006, USA"
Living Word Christian Center Inc,Christian / General,"2029 PRIMROSE LN, SCHERTZ, TX 78154-3024",(210) 794-4803,,yes,"Living Word Christian Center SA — 5403 Jackwood Dr, San Antonio, TX 78238, USA"
Iron Sharpens Iron Ministries Inc,Christian / General,"7800 W INTERSTATE 10 STE 505, SAN ANTONIO, TX 78230-4723",,,no,"no confident match (name similarity 0.40 < 0.5). top result: ""Iron Sharpens Iron Ministry"" — 1514 W Olmos Dr, San Antonio, TX 78201, USA"
Living Word World Ministries,Christian / General,"3802 CROSSETTE DR, SAN ANTONIO, TX 78228-2005",,,no,"no confident match (name similarity 0.33 < 0.5). top result: ""Living Word Apostolic Center"" — 3800 Northwest Loop 410 Ste 101, San Antonio, TX 78229, USA"
Hope House Ministries,Christian / General,"430 N CHERRY ST, SAN ANTONIO, TX 78202-2211",(210) 251-4348,http://www.wegivehopesa.org/,yes,"Hope House Ministries — 430 N Cherry St, San Antonio, TX 78202, USA"
Confraternidad De Iglesias Cristianas Hispana Usa,,"5642 MONTEREY ST, SAN ANTONIO, TX 78237-1884",(210) 771-2160,http://www.confraternidadusa.org/,yes,"Confraternidad de Iglesias Cristianas USA — 5642 Monterey St, San Antonio, TX 78237, USA"
St George Indian Orthodox Church,Orthodox,"PO BOX 692174, SAN ANTONIO, TX 78269-2174",(248) 688-2122,http://www.stgeorgesanantonio.com/,yes,"St. George Indian Orthodox Church — 8645 Abe Lincoln Rd, San Antonio, TX 78240, USA"
His Greater Works Ministry,Christian / General,"3122 CLEARFIELD DR, SAN ANTONIO, TX 78230-3414",,,no,"no confident match (name similarity 0.29 < 0.5). top result: ""Greater Works Ministries Church - SA"" — 7042 Alamo Downs Pkwy #350, San Antonio, TX 78238, USA"
All Nations Church-Onnuri At San Antonio,,"1250 HOLBROOK, SAN ANTONIO, TX 78218-3327",(210) 653-2270,http://onnurisa.com/,yes,"All Nations Church - San Antonio — 1250 Holbrook Rd, San Antonio, TX 78218, USA"
Church Of Living God The Pillar And Ground Of The Truth Of Richmond,,"7307 BIRCH STAGE, SAN ANTONIO, TX 78244-2341",,,no,"no confident match (wrong state). top result: ""The Church of The Living God, The Pillar and Ground of the Truth, inc."" — 8368 W Balloon Ln, Crystal River, FL 34428, USA"
Sword Of Truth Church Of God And Christ,Church of God,"4444 WALZEM RD STE 201, SAN ANTONIO, TX 78218-2043",,,no,"no confident match (wrong state). top result: ""Sword-Truth Outreach Ministries"" — 3203 W Palmetto St, Florence, SC 29501, USA"
Light Shine Ministries,Christian / General,"30444 FM 3009, NEW BRAUNFELS, TX 78132-2630",(830) 438-8483,,yes,"Light Shine Ministries — 2295 Bulverde Rd, Bulverde, TX 78163, USA"
Journey Church San Antonio,,"12758 CIMARRON PATH, SAN ANTONIO, TX 78249-3426",(210) 877-9045,https://journeychurchsa.com/,yes,"Journey Church San Antonio — 12758 Cimarron Path Ste. 112B, San Antonio, TX 78249, USA"
Grace International Churches And Ministries Inc,Christian / General,"251 ALTITUDE DR, SAN ANTONIO, TX 78227-3305",,,no,"no confident match (name similarity 0.25 < 0.5). top result: ""Great Grace International Christian Center"" — 15315 Capital Prt Dr, San Antonio, TX 78249, USA"
Gathering Of His Grace Church Inc,,"102 SPRINGVALE DR, SAN ANTONIO, TX 78227-4448",(210) 562-3676,,yes,"Gathering of His Grace Church — 7121 W US Hwy 90 #7155, San Antonio, TX 78227, USA"
Sion Romanian Baptist Church,Baptist,"5047 DE ZAVALA RD, SAN ANTONIO, TX 78249-2024",(210) 995-7822,https://sites.google.com/view/sionromanian-baptistchurch/home,yes,"Sion Romanian Baptist Church — 5047 De Zavala Rd, San Antonio, TX 78249, USA"
Bringing In The Sheep Ministries Inc,Christian / General,"200 PEALE CT, CIBOLO, TX 78108-4211",,,no,"no Places results for: Bringing In The Sheep Ministries Inc, CIBOLO, TX"
Davila Family Ministries,Christian / General,"10715 RIVERA CV, SAN ANTONIO, TX 78249-3918",,,no,"no confident match (name similarity 0.17 < 0.5). top result: ""Family Life International Minstries"" — 5814 Rittiman Plaza, San Antonio, TX 78218, USA"
Christ Healing Center Ministries,Christian / General,"PO BOX 12778, SAN ANTONIO, TX 78212-0778",,,no,"no confident match (name similarity 0.00 < 0.5). top result: ""ONE"" — 8023 Vantage Dr Ste 200, San Antonio, TX 78230, USA"
My Fathers House Church Inc,,"PO BOX 34313, SAN ANTONIO, TX 78265-4313",(210) 626-8993,,yes,"My Fathers House Church — 10700 Nacogdoches Rd # 2, San Antonio, TX 78217, USA"
Elisa Riebeling Ministries Inc,Christian / General,"PO BOX 681252, SAN ANTONIO, TX 78268-1252",,,no,"no confident match (name similarity 0.13 < 0.5). top result: ""Revive Ministries San Antonio Church"" — 303 W Ramsey Rd, San Antonio, TX 78216, USA"
Goulet Ministries Inc,Christian / General,"2902 AXIS VIEW, BOERNE, TX 78006-0000",,,no,"no confident match (name similarity 0.00 < 0.5). top result: ""God Will Provide"" — 28703 Frontage Rd, Boerne, TX 78006, USA"
Soul Harvest Church,,"102 WOLEY DR, SAN ANTONIO, TX 78228-5931",(210) 392-1335,http://www.soulharvestchurch.com/,yes,"Soul Harvest Church — 5800 Culebra Rd, San Antonio, TX 78228, USA"
Radiance Ministries,Christian / General,"822 LONE WOLF TRL, SAN ANTONIO, TX 78232-2756",,,no,"no confident match (name similarity 0.00 < 0.5). top result: ""Mission City Church – Central"" — 2220 NW Military Hwy, San Antonio, TX 78213, USA"
Calvary Chapel Solid Rock,,"8235 AGORA PKWY STE 111-564, SELMA, TX 78154-1334",(210) 236-8356,http://www.calvarysr.org/,yes,"Calvary Chapel Solid Rock — 17018 Silverwood Dr, San Antonio, TX 78232, USA"
Shiloah Covenant Church,,"PO BOX 18481, SAN ANTONIO, TX 78218-0481",,,no,"no confident match (name similarity 0.00 < 0.5). top result: ""Shiloh Temple of San Antonio"" — 16322 Huebner Rd, San Antonio, TX 78248, USA"
Church On The Rise,,"3908 HABERSHAM, SCHERTZ, TX 78154-2925",,,no,"no confident match (name similarity 0.25 < 0.5). top result: ""Schertz Church of Christ"" — 501 Schertz Pkwy, Schertz, TX 78154, USA"
Cedar Gap Family Church,,"13903 DOVE HOLLOW DR, SAN ANTONIO, TX 78232-5402",,,no,"no confident match (name similarity 0.29 < 0.5). top result: ""Christian Family Church San Antonio"" — 3607 N Loop 1604 E, San Antonio, TX 78247, USA"
Church Of Christ At New Braunfels,Church of Christ,"PO BOX 310064, NEW BRAUNFELS, TX 78131-0064",(830) 625-3520,http://www.nbchurchfamily.org/,yes,"New Braunfels Church of Christ — 1665 S Business IH 35, New Braunfels, TX 78130, USA"
Renew Ministries,Christian / General,"2240 FM 725, NEW BRAUNFELS, TX 78130-9506",,,no,"no confident match (name similarity 0.25 < 0.5). top result: ""Redemptive Grace Ministries"" — 2240 FM725, New Braunfels, TX 78130, USA"
Nineteen Ten Church,,"130 FM 1376, BOERNE, TX 78006-5917",(830) 249-1217,http://www.1910church.com/,yes,"nineteen:ten church — 130 Sisterdale Rd, Boerne, TX 78006, USA"
Greater Love Ministries Inc,Christian / General,"1534 PECK AVE, SAN ANTONIO, TX 78210-3322",(726) 219-6527,https://www.greaterlovesa.com/,yes,"Greater Love — 10942 Wye Dr #200, San Antonio, TX 78217, USA"
New Life Presbyterian Church,Presbyterian,"6311 KINGS CROWN ST, SAN ANTONIO, TX 78233-4714",(210) 362-1100,http://www.newlifechurchsa.com/,yes,"New Life Church — 1240 Holbrook Rd, San Antonio, TX 78218, USA"
Uganda Tree Of Life Ministries Inc,Christian / General,"PO BOX 132, BOERNE, TX 78006-0132",,,no,"no Places results for: Uganda Tree Of Life Ministries Inc, BOERNE, TX"
Chapter Three Ministries,Christian / General,"PO BOX 690152, SAN ANTONIO, TX 78269-0152",(210) 824-6499,,yes,"Chapter Three Ministries — San Antonio, TX 78209, USA"
Bethany Romanian Pentecostal Church,Pentecostal,"26347 BOERNE STAGE RD, BOERNE, TX 78006-8435",(210) 437-2669,http://www.betaniachurch.com/,yes,"Bethany Romanian Church — 26347 Boerne Stage Rd, Boerne, TX 78006, USA"
Pastor Assist Ministries Inc,Christian / General,"24165 IH-10 W STE 217-631, SAN ANTONIO, TX 78257-1160",,,no,"no confident match (name similarity 0.38 < 0.5). top result: ""pastor assist ministries, tim honeycutt and dave asp"" — 24165 I-10, San Antonio, TX 78257, USA"
Prince Of Peace Community Church,,"13012 OAK TERRACE DR, LIVE OAK, TX 78233-2454",(210) 681-8330,http://www.princeofpeacecatholic.org/,yes,"Prince of Peace Catholic Church — 7893 Grissom Rd, San Antonio, TX 78251, USA"
Breakthrough Sa Church Inc,,"12403 NACOGDOCHES ROAD, SAN ANTONIO, TX 78217-2141",,,no,"no confident match (name similarity 0.00 < 0.5). top result: ""Break Through Ministries"" — 2379 NE Interstate 410 Loop Ste 10, San Antonio, TX 78217, USA"
Northwest Calvary Chapel,,"9107 MARBACH RD STE 225, SAN ANTONIO, TX 78245-1833",(210) 549-7632,http://calvarynorthwest.com/,yes,"Calvary Chapel Northwest of San Antonio — 14605 Kallison Bend, San Antonio, TX 78254, USA"
Iglesia Pacto De Amor,,"810 TOEPPERWEIN RD, CONVERSE, TX 78109-2306",(210) 566-1555,http://www.mpdatx.org/,yes,"Iglesia / Ministerio Pacto De Amor — 413 Kitty Hawk Rd, Universal City, TX 78148, USA"
Rock Hills Church,,"807 ARTISAN WAY, SAN ANTONIO, TX 78260-4377",,,no,"no confident match (name similarity 0.25 < 0.5). top result: ""Rockhills Church"" — 12475 Starcrest Dr #102, San Antonio, TX 78216, USA"
Genesis Hotwells Bible Baptist Church,Baptist,"301HOTWELLSBIVD, SAN ANTONIO, TX 78223-0000",(210) 534-3338,,yes,"Genesis Baptist Church — 301 Hot Wells Blvd, San Antonio, TX 78223, USA"
Louis Vivenzio Ministry,Christian / General,"18615 REDROCK WOODS, SAN ANTONIO, TX 78259-3311",,,no,"no confident match (name similarity 0.00 < 0.5). top result: ""Revive Ministries San Antonio Church"" — 303 W Ramsey Rd, San Antonio, TX 78216, USA"
Mars Hill Christian Fellowship Church,Christian / General,"3435 MARTIN LUTHER KING DR, SAN ANTONIO, TX 78220-2323",,,no,"no confident match (name similarity 0.33 < 0.5). top result: ""Westside Fellowship Church"" — 321 N General McMullen Dr, San Antonio, TX 78237, USA"
Americans United For Separation Of Church And State,,"345 ARGYLE AVE, SAN ANTONIO, TX 78209-5608",,,no,"no confident match (wrong state). top result: ""Americans United Separation of Church and State"" — 1310 L St NW #200, Washington, DC 20005, USA"
Christ Fellowship Church Of San Antonio,Christian / General,"5440 VANCE JACKSON RD, SAN ANTONIO, TX 78230-4130",,,no,"no confident match (name similarity 0.43 < 0.5). top result: ""Christ Fellowship United Methodist Church"" — 10915 Shaenfield Rd, San Antonio, TX 78254, USA"
Churches Of Christ Restoration Inc,,"711 GILLESPIE ST, SAN ANTONIO, TX 78212-3702",,,no,"no confident match (name similarity 0.14 < 0.5). top result: ""Restoration Church of San Antonio"" — 5800 N Loop 1604 E, San Antonio, TX 78247, USA"
Saved By Grace Gospel Church,,"1326 PLEASANTON RD, SAN ANTONIO, TX 78214-1943",(210) 927-7462,https://www.savedbygracechurch.com/,yes,"Saved By Grace Church — 1326 Pleasanton Rd, San Antonio, TX 78214, USA"
Memorial Christian Church A New Testament Church Of Christ,Church of Christ,"213 SEELING BLVD, SAN ANTONIO, TX 78228-5037",,,no,"no confident match (name similarity 0.43 < 0.5). top result: ""South Memorial Christian Church"" — 8411 S Flores St, San Antonio, TX 78221, USA"
Church Of Truth,,"3834 DEERFIELD DR, SAN ANTONIO, TX 78218-2414",,,no,"no confident match (name similarity 0.40 < 0.5). top result: ""Fountain of Truth Church San Antonio"" — 15002 Tradesman Dr, San Antonio, TX 78249, USA"
Maranatha Bible Church,,"415 LULA MAE, SAN ANTONIO, TX 78219-3319",(210) 821-5683,http://www.maranathasa.org/,yes,"Maranatha Bible Church — 7855 TX-1604 Loop, Converse, TX 78109, USA"
Alamo City Bible Church,,"2800 NE LOOP 410 STE 111, SAN ANTONIO, TX 78218-1525",(210) 653-5137,https://alamocitybiblechurch.org/,yes,"Alamo City Bible Church — 2802 NE Interstate 410 Loop, San Antonio, TX 78218, USA"
Harmony Hills Baptist Church,Baptist,"6018 SNORKEL SQ, CONVERSE, TX 78109-4415",,,no,"no confident match (name similarity 0.33 < 0.5). top result: ""Harvest Hill Baptist Church"" — 7619 Crestway Rd, San Antonio, TX 78239, USA"
Bethany Baptist Church,Baptist,"PO BOX 33758, SAN ANTONIO, TX 78265-3758",(210) 436-7296,http://www.bethanysanantonio.com/,yes,"Bethany Missionary Baptist Church — 153 Lawton St, San Antonio, TX 78237, USA"
Faith Lutheran Church Of San Antonio,Lutheran,"14819 JONES MALTSBERGER RD, SAN ANTONIO, TX 78247-3715",(210) 494-7800,https://flc-sa.org/,yes,"Faith Lutheran Church — 14819 Jones Maltsberger Rd, San Antonio, TX 78247, USA"
Moussa Temple No 106 Ancient Egyptian Arabic Order,,"PO BOX 202119, SAN ANTONIO, TX 78220-9119",,,no,"no Places results for: Moussa Temple No 106 Ancient Egyptian Arabic Order, SAN ANTONIO, TX"
The Oasis At Faith Worship Center San Antonio Inc,,"11502 BIG MESA DR, SAN ANTONIO, TX 78245-2257",,,no,"no confident match (name similarity 0.38 < 0.5). top result: ""Faith Worship Center Church"" — 11502 Big Mesa Dr, San Antonio, TX 78245, USA"
Believers United Christian Ministries Inc,Christian / General,"2226 E COMMERCE ST, SAN ANTONIO, TX 78203-1902",,,no,"no confident match (name similarity 0.33 < 0.5). top result: ""Believers Christian Center"" — 1440 S WW White Rd, San Antonio, TX 78220, USA"
Life Synagogue Temple Of Truth Inc,Jewish,"5810 WAYVIEW ST, SAN ANTONIO, TX 78220-1925",,,yes,"Life Synagogue — 222 Ardmore St, San Antonio, TX 78237, USA"
H R Church Inc,,"1110 TEMPLE SQ, SAN ANTONIO, TX 78245-1430",,,no,"no confident match (name similarity 0.20 < 0.5). top result: ""NorthRock Church"" — 1278 N Loop 1604 E, San Antonio, TX 78232, USA"
Life Point Church Of San Antonio Inc,,"8098 FM 1560 N, SAN ANTONIO, TX 78254-9531",(210) 290-8800,https://www.lifepointsa.com/,yes,"Life Point Church — 8098 FM1560, San Antonio, TX 78254, USA"
Mission Church Of San Antonio,,"7700 TORINO DR, SAN ANTONIO, TX 78229-2329",(210) 845-1110,https://missionchurchsa.org/,yes,"Mission Church San Antonio — 2141 Northwest Loop 410, San Antonio, TX 78213, USA"
Reaching East African Lives For Christ Ministries,Christian / General,"6422 BANDERA RD 134, SAN ANTONIO, TX 78238-1511",,,no,"no confident match (name similarity 0.13 < 0.5). top result: ""Africa Renewal Ministries"" — 16414 San Pedro Ave Ste 955, San Antonio, TX 78232, USA"
Iglesia Jesucristo Es Mi Refugio De San Antonio,,"6108 S FLORES ST, SAN ANTONIO, TX 78214-2159",(512) 947-4939,http://www.jemirsa.org/,yes,"Iglesia Jesucristo Es Mi Refugio — 6108 S Flores St, San Antonio, TX 78214, USA"
Life Family Church Of San Antonio Inc,,"9226 PROCLAMATION DR, SAN ANTONIO, TX 78240-2841",,,no,"no confident match (name similarity 0.25 < 0.5). top result: ""Family Life International Minstries"" — 5814 Rittiman Plaza, San Antonio, TX 78218, USA"
Cross Community Fellowship Inc,Christian / General,"1415 E BLANCO RD STE 5, BOERNE, TX 78006-1886",(830) 331-9337,,yes,"Cross Community Fellowship — 8771 Dietz Elkhorn Rd, Boerne, TX 78015, USA"
Gruene United Methodist Church,Methodist,"2629 E COMMON ST, NEW BRAUNFELS, TX 78130-3168",(830) 625-7200,http://www.grueneumc.org/,yes,"Gruene United Methodist Church — 2629 E Common St, New Braunfels, TX 78130, USA"
North Central Christian Church,Christian / General,"22307 LAVACA CRK, SAN ANTONIO, TX 78258-4324",(210) 481-3083,,yes,"North Central Christian Church — 25751 Wilderness Oak, San Antonio, TX 78261, USA"
Kbc Ministries Inc,Christian / General,"PO BOX 593076, SAN ANTONIO, TX 78259-0203",,,no,"no confident match (name similarity 0.25 < 0.5). top result: ""KRBC Ministries"" — 700 W Hutchins Pl, San Antonio, TX 78221, USA"
Moment Of Truth Ministries,Christian / General,"1730 E COMMERCE ST, SAN ANTONIO, TX 78203-1102",(210) 212-6007,http://www.momentoftruthministries.org/,yes,"Moment of Truth Ministries — 1730 E Commerce St, San Antonio, TX 78203, USA"
Iglesia Cristiana Herederos Del Reino Inc,,"4922 CASA ORO ST, SAN ANTONIO, TX 78233-6427",(210) 650-4332,http://iglesiahdr.com/,yes,"Iglesia Cristiana Herederos del Reino — 500 Chipinque, San Antonio, TX 78237, USA"
New Braunfels Christian Ministries,Christian / General,"1239 W SAN ANTONIO ST, NEW BRAUNFELS, TX 78130-6301",(830) 632-5131,http://nbcm.org/,yes,"New Braunfels Christian Ministries - Volunteers in Medicine — 1239 W San Antonio St, New Braunfels, TX 78130, USA"
Lids Christian Center,Christian / General,"7923 MEADOW STAR, SAN ANTONIO, TX 78227-1655",(210) 923-2526,http://www.lccsanantonio.org/,yes,"LIDS Christian Center (La Iglesia del Señor) — 910 E Southcross, San Antonio, TX 78214, USA"
River Church Rgv Inc,,"453 N BUSINESS IH 35 APT 127, NEW BRAUNFELS, TX 78130-7883",,,no,"no confident match (name similarity 0.40 < 0.5). top result: ""River City Church"" — 2032 Central Plaza, New Braunfels, TX 78130, USA"
Gospel Life Church,,"1750 MCQUEENEY RD, NEW BRAUNFELS, TX 78130-4811",,https://www.gospellifenb.com/,yes,"Gospel Life Church — 1750 McQueeney Rd, New Braunfels, TX 78130, USA"
Christian Family Church Windsor Park,Christian / General,"PO BOX 143, SAN ANTONIO, TX 78291-0143",,,no,"no confident match (name similarity 0.43 < 0.5). top result: ""Christian Family Church San Antonio"" — 3607 N Loop 1604 E, San Antonio, TX 78247, USA"
Revelation International Ministries,Christian / General,"PO BOX 200072, SAN ANTONIO, TX 78220-0072",,,no,"no confident match (name similarity 0.20 < 0.5). top result: ""The Revelation San Antonio"" — 194 Daniels Rd, San Antonio, TX 78220, USA"
Apostolic Words Of Life Inc,Apostolic,"6603 FIVE PALMS DR, SAN ANTONIO, TX 78242-1001",(210) 670-2256,https://www.facebook.com/Words-of-Life-Worship-Center-861558973884396/,yes,"Words of Life Apostolic Church — 6603 Five Palms Dr, San Antonio, TX 78242, USA"
Justin Graves Ministries,Christian / General,"PO BOX 701312, SAN ANTONIO, TX 78270-1312",,,no,"no confident match (name similarity 0.00 < 0.5). top result: ""God's Messenger of Victorious People (GMOVP)"" — 581 Spencer Ln, San Antonio, TX 78201, USA"
Christ Our King Anglican Church,,"115 KINGS WAY, NEW BRAUNFELS, TX 78132-3940",(830) 620-8439,http://www.coknb.org/,yes,"Christ Our King Anglican Church — 115 Kings Way, New Braunfels, TX 78132, USA"
Alexander Wright Ministry Inc,Christian / General,"24711 CORRAL GABLES, SAN ANTONIO, TX 78261-2467",,,no,"no confident match (name similarity 0.00 < 0.5). top result: ""Cornerstone Church"" — 18755 Stone Oak Pkwy, San Antonio, TX 78258, USA"
Walking In Pure Victory Ministry,Christian / General,"1021 N HAMILTON ST, SAN ANTONIO, TX 78207-1435",,,no,"no Places results for: Walking In Pure Victory Ministry, SAN ANTONIO, TX"
Believers Home Fellowship,Christian / General,"15002 OLD CREEK ST, SAN ANTONIO, TX 78217-1165",(210) 656-2000,http://bfsatx.org/,yes,"Believers Fellowship — 13714 Lookout Rd, San Antonio, TX 78233, USA"
Temple Of God Full Gospel Church,,"PO BOX 23361, SAN ANTONIO, TX 78223-0361",(210) 333-2044,https://templeofgodsanantonio.wordpress.com/,yes,"Temple of God Full Gospel — 1001 Hot Wells Blvd, San Antonio, TX 78223, USA"
Church At Faith Walk Fellowship,Christian / General,"18011 REDRIVER SKY, SAN ANTONIO, TX 78259-3580",,,no,"no confident match (name similarity 0.14 < 0.5). top result: ""FaithWalk Fellowship San Antonio"" — 18011 Redriver Sky, San Antonio, TX 78259, USA"
His Life Ministries,Christian / General,"12000 HUEBNER RD, SAN ANTONIO, TX 78230-1213",,http://hislifeministries.info/,yes,"His Life Ministries — 1307 Blanco Woods, San Antonio, TX 78248, USA"
Verse By Verse Ministry Of San Antonio,Christian / General,"2110 PARHAVEN DR, SAN ANTONIO, TX 78232-1654",,,no,"no confident match (name similarity 0.00 < 0.5). top result: ""Messiah Bible Church"" — 551 E Nakoma Dr, San Antonio, TX 78216, USA"
Christian Family Church International Of San Diego,Christian / General,"10650 CULEBRA RD STE 104-PMB 109, SAN ANTONIO, TX 78251-4949",(210) 253-7021,https://www.christianfamilychurchsa.com/,yes,"Christian Family Church San Antonio — 3607 N Loop 1604 E, San Antonio, TX 78247, USA"
Clarion Call Christian Center,Christian / General,"17655 HENDERSON PASS APT 1025, SAN ANTONIO, TX 78232-1558",(210) 918-0905,https://theclarioncallcc-satx.com/,yes,"The Clarion Call Christian Center — 4825 Fredericksburg Rd bldg c, San Antonio, TX 78229, USA"
Lords House Christian Church Inc,Christian / General,"1250 S TRINITY ST, SAN ANTONIO, TX 78207-6144",,,no,"no confident match (name similarity 0.17 < 0.5). top result: ""Lifehouse Church"" — 20825 Wilderness Oak, San Antonio, TX 78258, USA"
Templo Magdiel Full Gospel Church Inc,,"8023 SOMERSET RD, SAN ANTONIO, TX 78211-3845",(210) 921-9649,http://www.templomagdiel.org/,yes,"Templo Magdiel — 8023 Somerset Rd, San Antonio, TX 78211, USA"
Mighty Redeemer Ministries Inc,Christian / General,"13026 MAPLE PARK DR, SAN ANTONIO, TX 78249-4311",,,no,"no confident match (name similarity 0.13 < 0.5). top result: ""Redeemer Community Church of San Antonio"" — 5538 Research Dr, San Antonio, TX 78240, USA"
Kathleen Whitten Ministries,Christian / General,"8610 N NEW BRAUNFELS AVE STE 605, SAN ANTONIO, TX 78217-6454",,,no,"no Places results for: Kathleen Whitten Ministries, SAN ANTONIO, TX"
Worship Tools Ministry,Christian / General,"7800 IH 10 WEST SUITE 505, SAN ANTONIO, TX 78230-4723",,,no,"no confident match (name similarity 0.17 < 0.5). top result: ""HOUSE OF WORSHIP SAN ANTONIO"" — 5518 Walzem Rd UNIT #104, San Antonio, TX 78218, USA"
Rechurch210,,"9718 ASTIN PL, SAN ANTONIO, TX 78251-3728",,,no,"no confident match (name similarity 0.00 < 0.5). top result: ""Reclaim Church"" — 1123 Patricia Dr, San Antonio, TX 78213, USA"
Zack Cherian International Ministries Usa Inc,Christian / General,"25725 COMANCHE CRK, SAN ANTONIO, TX 78261-4411",,,no,"no confident match (name similarity 0.13 < 0.5). top result: ""Christian World Ministries"" — 6633 Walzem Rd, San Antonio, TX 78239, USA"
New Generations Fellowship Of New Braunfels Texas,Christian / General,"PO BOX 312589, NEW BRAUNFELS, TX 78131-3100",(830) 837-5880,http://ngfchurch.com/,yes,"New Generations Fellowship — 2719 FM725, New Braunfels, TX 78130, USA"
Katartismos Ministries,Christian / General,"PO BOX 312048, NEW BRAUNFELS, TX 78131-2048",,,no,"no confident match (name similarity 0.00 < 0.5). top result: ""Iglesia Cristiana Getsemani"" — 2270 TX-46, New Braunfels, TX 78130, USA"
Ministry Of The Third Cross Inc,Christian / General,"14207 SPOTTED CEDAR, SAN ANTONIO, TX 78249-1029",(210) 410-4901,http://ministryofthethirdcross.org/,yes,"Ministry of the Third Cross — 222 S Comal St, San Antonio, TX 78207, USA"
Church Health Ministries,Christian / General,"PO BOX 312004, NEW BRAUNFELS, TX 78131-2004",,,no,"no confident match (name similarity 0.13 < 0.5). top result: ""New Braunfels Christian Ministries - Volunteers in Medicine"" — 1239 W San Antonio St, New Braunfels, TX 78130, USA"
Greater Heights Fellowship,Christian / General,"411 SPRUCEWOOD LN, SAN ANTONIO, TX 78216-6417",(210) 573-1730,,yes,"Greater Heights Fellowship — 1303 W Mayfield Blvd, San Antonio, TX 78211, USA"
Heights Community Church,,"324 HARMON DR, SAN ANTONIO, TX 78209-4830",(210) 332-5512,http://heightscc.com/,yes,"Heights Community Church — 121 Interpark Blvd Ste 211, San Antonio, TX 78216, USA"
Treasures Of Hope Fellowship Inc,Christian / General,"500 NAVARRO ST 2ND FLOOR PMB 7064, SAN ANTONIO, TX 78205-1833",,,no,"no confident match (name similarity 0.14 < 0.5). top result: ""Hope Church San Antonio"" — 18850 Redland Rd, San Antonio, TX 78259, USA"
Apostolic Latin American Missionary Projects Inc,Apostolic,"9302 TIMBER PATH, SAN ANTONIO, TX 78250-4911",,,no,"no confident match (name similarity 0.22 < 0.5). top result: ""American Missionary Church - San Antonio"" — 6326 Sovereign Dr Ste 217, San Antonio, TX 78229, USA"
Cates African Ministries,Christian / General,"668 NORTHERN LIGHTS DR, NEW BRAUNFELS, TX 78130-2696",,,no,"no confident match (name similarity 0.00 < 0.5). top result: ""Grace Community Fellowship"" — 1600 River Rd Suite 2, New Braunfels, TX 78132, USA"
Grace Avenue Church,,"14546 BROOK HOLLOW BLVD 266, SAN ANTONIO, TX 78232-3810",(210) 920-1177,http://www.graceavenuechurch.com/,yes,"Grace Avenue Church — 2930 MacArthur View, San Antonio, TX 78217, USA"
Ofb Ministries Inc,Christian / General,"2430 FREEDOM DR, SAN ANTONIO, TX 78217-4423",,,no,"no confident match (name similarity 0.20 < 0.5). top result: ""One By One Ministries"" — 1117 Patricia Dr # B, San Antonio, TX 78213, USA"
Park Community Church,,"PO BOX 781669, SAN ANTONIO, TX 78278-1669",,http://theparksa.org/,yes,"The Park Community Church — 2216 NW Military Hwy, Castle Hills, TX 78213, USA"
Higher Ground Christian Worship Center,Christian / General,"PO BOX 340733, SAN ANTONIO, TX 78234-0733",,http://www.higherground-sa.org/,yes,"Higher Ground Christian Worship Center — 9760 Rocket Ln, Converse, TX 78109, USA"
Living Word Christian Fellowship Church,Christian / General,"7306 NORTHALLERTON, CONVERSE, TX 78109-3214",(210) 566-2237,https://wordoflife4u.com/,yes,"Word of Life Fellowship Church — 213 Coy Ln, Cibolo, TX 78108, USA"
Empowering Uplifting & Motivating Ministries Inc,Christian / General,"20659 STONE OAK PKWY APT 503, SAN ANTONIO, TX 78258-7492",,,no,"no confident match (name similarity 0.00 < 0.5). top result: ""iEmpower"" — 25911 Avellino Bluff, San Antonio, TX 78261, USA"
Community Bible Church Schertz Cibolo,,"20711 WILD SPRINGS DR, SAN ANTONIO, TX 78258-7425",(210) 496-5096,http://www.communitybible.com/,yes,"Community Bible Church — 2477 N Loop 1604 E, San Antonio, TX 78232, USA"
Arm -N- Arm Ministries,Christian / General,"8235 AGORA PKWY STE 111-364, SELMA, TX 78154-1334",,,no,"no confident match (name similarity 0.00 < 0.5). top result: ""Open Arms Ministry"" — 165 Ingram Hills Rd, Ingram, TX 78025, USA"
Alamo Community Church - San Antonio,,"5354 TALLEY RD, SAN ANTONIO, TX 78253-4139",(210) 253-2646,https://alamocommunity.org/,yes,"Alamo Community Church — 5354 Talley Rd, San Antonio, TX 78253, USA"
Redeemed Christian Church Of God Restoration Chapel San Antonio,Church of God,"2515 NACOGDOCHES ROAD STE 5, SAN ANTONIO, TX 78217-6010",,,no,"no confident match (name similarity 0.44 < 0.5). top result: ""RCCG Restoration Chapel San Antonio"" — 2122 Mannix Dr, San Antonio, TX 78217, USA"
Iglesia Cristiana Jehova Shammah,,"1013 TEXAS AVE, SAN ANTONIO, TX 78201-0000",(210) 371-9868,http://www.iglesiacristianashammah.com/,yes,"Iglesia Cristiana Jehova Shammah — 1310 Texas Ave, San Antonio, TX 78201, USA"
Aleluya Ministries Of Hope Inc,Christian / General,"142 PALOMA DR, OLMOS PARK, TX 78212-1771",,,no,"no confident match (name similarity 0.17 < 0.5). top result: ""Alleluia Ministries International"" — 805 W Pipeline Rd A, Hurst, TX 76053, USA"
Church In Your City,,"PO BOX 610, BOERNE, TX 78006-0610",,,no,"no confident match (name similarity 0.25 < 0.5). top result: ""The Church of Boerne"" — 1100 N Main St Unit 103, Boerne, TX 78006, USA"
Living Waters Romanian Pentecostal Church,Pentecostal,"17030 DARIEN WING, SAN ANTONIO, TX 78247-5856",,,yes,"Living Waters Romanian Church — 35 Cascade Cavern, Boerne, TX 78015, USA"
Covenant Life Christian Church Inc,Christian / General,"PO BOX 762322, SAN ANTONIO, TX 78245-7322",,,yes,"Covenant Life Church — 7804 Eckhert Rd, San Antonio, TX 78240, USA"
Iron Sharpens Iron Church Inc,,"1514 W OLMOS DR, SAN ANTONIO, TX 78201-4152",,,no,"no confident match (name similarity 0.40 < 0.5). top result: ""Iron Sharpens Iron Ministry"" — 1514 W Olmos Dr, San Antonio, TX 78201, USA"
Go For The Harvest Church Of God,Church of God,"PO BOX 14020, SAN ANTONIO, TX 78214-0020",,,no,"no confident match (name similarity 0.40 < 0.5). top result: ""The Harvest Church SA"" — 6925 Crestway Rd, San Antonio, TX 78239, USA"
New Creation Church,,"PO BOX 591064, SAN ANTONIO, TX 78259-0103",,,no,"no confident match (name similarity 0.33 < 0.5). top result: ""New Creation Christian Fellowship Windcrest"" — 8700 Fourwinds Dr, Windcrest, TX 78239, USA"
Javier Galvan Ministries,Christian / General,"515 W CRESTLINE DR, SAN ANTONIO, TX 78228-1962",,,no,"no confident match (name similarity 0.20 < 0.5). top result: ""Galvan Revivals Church"" — 2731 Irwin Dr #1, San Antonio, TX 78222, USA"
On Your Way Fellowship Inc,Christian / General,"156 SPRINGTREE HOLW, CIBOLO, TX 78108-3227",,,no,"no confident match (name similarity 0.17 < 0.5). top result: ""Everyday Christian Fellowship"" — 950 Everyday Wy, Cibolo, TX 78108, USA"
Three Streams Church,,"7295 E EVANS RD, SAN ANTONIO, TX 78266-2805",(210) 853-5788,http://www.threestreamschurch.net/,yes,"Three Streams Church — 7295 E Evans Rd, San Antonio, TX 78266, USA"
Grace Community Church San Antonio,,"5415 BANDERA RD STE 501, SAN ANTONIO, TX 78238-1958",(210) 222-2030,https://gccsatx.com/,yes,"Grace Community Church — 311 Hedges St, San Antonio, TX 78203, USA"
Blessed Kingdom Ministries,Christian / General,"32 BADGERS HLS, SAN ANTONIO, TX 78238-1374",(210) 559-6107,https://blessedkingdom.org/,yes,"Blessed Kingdom Ministries — 2118 N Zarzamora St, San Antonio, TX 78201, USA"
Covenant Keepers Ministry Inc,Christian / General,"12114 TOWER FRST, SAN ANTONIO, TX 78253-6716",,,no,"no confident match (name similarity 0.17 < 0.5). top result: ""Covenant Presbyterian Church"" — 1761 Northwest Loop 410, San Antonio, TX 78213, USA"
Legacy Church New Braunfels,,"2002 SPUR ST, NEW BRAUNFELS, TX 78130-6410",(830) 387-4079,http://www.legacynb.com/,yes,"Legacy Church — 2002 Spur St, New Braunfels, TX 78130, USA"
Schertz Highpoint Church,,"1337 FIELDS WAY, SCHERTZ, TX 78154-1843",(210) 651-1088,,yes,"Highpoint Church — 9357 Schoenthal Rd, San Antonio, TX 78266, USA"
Grove Avenue Church Of Christ,Church of Christ,"119 GROVE AVE, SAN ANTONIO, TX 78210-2817",,,no,"no confident match (name similarity 0.00 < 0.5). top result: ""Iglesia de Cristo"" — 119 Grove Ave, San Antonio, TX 78210, USA"
True Life Church- Iglesia Vida Verdadera,,"9611 NUECES CYN, SAN ANTONIO, TX 78251-3578",,,no,"no confident match (name similarity 0.11 < 0.5). top result: ""La Vid Verdadera IDN"" — 10715 West Ave, San Antonio, TX 78213, USA"
Sos 3 Ministries Inc,Christian / General,"2606 CANON PERDIDO, SAN ANTONIO, TX 78261-2759",(817) 898-0262,http://sosresponds.org/,yes,"SOS International Ministries Inc. — 371 W Byron Nelson Blvd, Roanoke, TX 76262, USA"
Last Chance Ministries,Christian / General,"404 BRADY BLVD, SAN ANTONIO, TX 78207-8036",(210) 227-4451,,yes,"Last Chance Ministries - Food Distribution Center — 404 Brady Blvd, San Antonio, TX 78207, USA"
Javier Galvan Ministries,Christian / General,"515 W CRESTLINE DR, SAN ANTONIO, TX 78228-1962",,,no,"no confident match (name similarity 0.20 < 0.5). top result: ""Galvan Revivals Church"" — 2731 Irwin Dr #1, San Antonio, TX 78222, USA"
Ron Teal Ministries Inc,Christian / General,"PO BOX 310252, NEW BRAUNFELS, TX 78131-0252",,,no,"no confident match (name similarity 0.17 < 0.5). top result: ""Redemptive Grace Ministries"" — 2240 FM725, New Braunfels, TX 78130, USA"
The Church Upci Inc,,"758 ANDORA DR, NEW BRAUNFELS, TX 78130-3396",,,no,"no confident match (name similarity 0.20 < 0.5). top result: ""Greater Life Church"" — 130 Enchantment Ln, New Braunfels, TX 78130, USA"
Starlight Baptist Church,Baptist,"24165 IH 10 WEST SUITE 217223, SAN ANTONIO, TX 78257-1449",,http://starlightmiseionarybaptistsatx.org/,yes,"Starlight Missionary Baptist Church — 603 Lincolnshire Dr, San Antonio, TX 78220, USA"
San Antonio Pentecostal Church,Pentecostal,"2330 PINN RD, SAN ANTONIO, TX 78227-3626",,,no,"no confident match (name similarity 0.33 < 0.5). top result: ""First United Pentecostal Church"" — 350 Utopia Ln, San Antonio, TX 78223, USA"
Grace Ministries Church,Christian / General,"10915 VANCE JACKSON RD, SAN ANTONIO, TX 78230-2505",,,no,"no confident match (name similarity 0.20 < 0.5). top result: ""Place of Grace Fellowship"" — 2938 Nacogdoches Rd, San Antonio, TX 78217, USA"
Wildaplat Christian Fellowship Inc,Christian / General,"PO BOX 780248, SAN ANTONIO, TX 78278-0248",,,no,"no confident match (name similarity 0.17 < 0.5). top result: ""The Fellowship of San Antonio"" — 23755 Canyon Golf Rd, San Antonio, TX 78258, USA"
Casting Vision Ministries,Christian / General,"3515 CANYON PKWY APT 9208, SAN ANTONIO, TX 78259-2466",,,no,"no confident match (name similarity 0.20 < 0.5). top result: ""Missionaries With the Vision"" — 10635 I-35 Frontage Rd, San Antonio, TX 78233, USA"
Iglesia Cristiana Bajo La Sombra De L Arbol De La Vida Inc,,"419 GARDINA ST, SAN ANTONIO, TX 78201-2905",,,yes,"Iglesia Cristiana Bajo la Sombra del Arbol de Vida — 614 West Ave, San Antonio, TX 78201, USA"
Call To Holiness,,"13407 ELM FORREST, SAN ANTONIO, TX 78253-4930",,,no,"no confident match (name similarity 0.17 < 0.5). top result: ""True Holiness Pentecostal Church"" — 1315 N Walters St, San Antonio, TX 78202, USA"
River City Community Church,,"16765 LOOKOUT RD 16765 LOOKOUT RD, SELMA, TX 78154-0000",(210) 490-5262,http://www.reallife.org/,yes,"River City Community Church — 16765 Lookout Rd, Selma, TX 78154, USA"
Gateway Fellowship Assembly Of God Church,Christian / General,"10907 W LOOP 1604 N, SAN ANTONIO, TX 78254-3300",(210) 852-2081,http://www.mygateway.tv/,yes,"Gateway Fellowship Church - Northwest — 10907 TX-1604 Loop, San Antonio, TX 78254, USA"
Spirit & Life Fellowship,Christian / General,"6210 STABLE POINT DR, SAN ANTONIO, TX 78249-4616",(210) 680-5856,,yes,"Spirit and Life Fellowship — 6401 Bandera Rd, Leon Valley, TX 78238, USA"
Iglesia Santa Pentecostes Mexicana,,"1135 WINSTON AVE, NEW BRAUNFELS, TX 78130-5978",,,no,"no confident match (name similarity 0.18 < 0.5). top result: ""Iglesia Cristiana Pentecostes Columna y baluarte de la verdad"" — 325-327 TX-82 Loop, San Marcos, TX 78666, USA"
Templo La Tierra Prometida,,"159 ALICIA AVE, SAN ANTONIO, TX 78228-5802",,,no,"no confident match (name similarity 0.29 < 0.5). top result: ""Iglesia Cristiana Tierra Prometida Inc."" — 2718 Frontier Dr Block #3, San Antonio, TX 78227, USA"
Vision On Fire Ministries Inc,Christian / General,"2203 LEE HALL, SAN ANTONIO, TX 78201-3452",,,no,"no confident match (name similarity 0.17 < 0.5). top result: ""Missionaries With the Vision"" — 10635 I-35 Frontage Rd, San Antonio, TX 78233, USA"
Greater Faith Ministries,Christian / General,"11800 FIELD BND, SELMA, TX 78154-3559",,http://greaterfaithministriessa.com/,yes,"Greater Faith Ministries — 4530 Walzem Rd, San Antonio, TX 78218, USA"
Mission City Fellowship,Christian / General,"3134 SABLE XING, SAN ANTONIO, TX 78232-4105",,,no,"no confident match (name similarity 0.40 < 0.5). top result: ""Mission City Church – Central"" — 2220 NW Military Hwy, San Antonio, TX 78213, USA"
Rio Grande Native American Church,,"PO BOX 460346, SAN ANTONIO, TX 78246-0346",,,no,"no confident match (name similarity 0.43 < 0.5). top result: ""Tlecuauhtlacupeuh Native American Church of the Americas"" — 13911 Kearney Rd, Atascosa, TX 78002, USA"
Solid Rock Church Of San Antonio,,"9402 SYCAMORE BRK, SAN ANTONIO, TX 78254-6919",,http://myrockhq.com/,yes,"The Rock San Antonio — 8235 Vicar Dr, San Antonio, TX 78218, USA"
Butler African Methodist Episcopal Church,Methodist,"3618 HOWARD ST, SAN ANTONIO, TX 78212-1944",,,no,"no confident match (name similarity 0.29 < 0.5). top result: ""Butler Chapel AME Church"" — 3618 Howard St, San Antonio, TX 78212, USA"
Iglesia Pentecostal Torre De Santidad Inc,Pentecostal,"10929 NACOGDOCHES RD STE 14, SAN ANTONIO, TX 78217-2873",,,yes,"Iglesia Pentacostal Torre De Santidad — 547 W Chavaneaux Rd, San Antonio, TX 78221, USA"
Mission City Bible Church,,"4114 DESERT VIEW DR, SAN ANTONIO, TX 78217-3516",(210) 377-3030,http://www.missioncity.church/,yes,"Mission City Church – Central — 2220 NW Military Hwy, San Antonio, TX 78213, USA"
Iglesia Cristiana El Sembrador,,"1422 RICHLAND HILLS, SAN ANTONIO, TX 78251-2983",(210) 845-2468,https://iglesiacristianaelsembrador.net/,yes,"Iglesia Cristiana El Sembrador — 7914 Culebra Rd, San Antonio, TX 78251, USA"
Providence Church San Antonio,,"11527 WINDTREE, SAN ANTONIO, TX 78253-6117",,,no,"no confident match (name similarity 0.40 < 0.5). top result: ""Providence Fellowship Church"" — 6435 N New Braunfels Ave, San Antonio, TX 78209, USA"
Iglesia Pentecostal Unida Hispana 1 Inc,Pentecostal,"854 KENDALIA AVE, SAN ANTONIO, TX 78221-1318",,,no,"no confident match (name similarity 0.11 < 0.5). top result: ""IPUH San Antonio #1"" — 854 Kendalia Ave, San Antonio, TX 78221, USA"
Ministry 20 Nine,Christian / General,"4611 E LOOP 1604 N APT 8103, CONVERSE, TX 78109-0477",,,no,"no confident match (name similarity 0.00 < 0.5). top result: ""New Dimensions Ministries"" — 6630 Farm to Market 1516, Converse, TX 78109, USA"
Church Strong,,"3606 MARLARK PASS, SAN ANTONIO, TX 78261-2714",,,no,"no confident match (name similarity 0.33 < 0.5). top result: ""Cornerstone Church"" — 18755 Stone Oak Pkwy, San Antonio, TX 78258, USA"
Inspired Word Church,,"20770 US HIGHWAY 281 N STE 108, SAN ANTONIO, TX 78258-7500",,,no,"no confident match (name similarity 0.17 < 0.5). top result: ""WORD WAY Ministries International"" — 1923 Lockhill Selma Rd #118-120, San Antonio, TX 78213, USA"
Sisters In Christ Outreach Ministry Inc,Christian / General,"10355 FORT DAVIS TRL, SAN ANTONIO, TX 78245-3162",,,no,"no confident match (name similarity 0.14 < 0.5). top result: ""Christ In US Ministries"" — 672 Gillette Blvd, San Antonio, TX 78221, USA"
Heart Of Heaven Ministries,Christian / General,"137C SPANISH PASS RD, BOERNE, TX 78006-7919",(210) 673-4553,,yes,"Heart To Heart Ministries — 5526 Aspen Valley St, San Antonio, TX 78242, USA"
Grace Mosaic Mission Church,,"6391 DE ZAVALA RD STE 106, SAN ANTONIO, TX 78249-2144",(281) 703-8580,http://www.gracemosaicsa.org/,yes,"Grace Mosaic Church (PCA) — 13600 Briggs Ranch, San Antonio, TX 78245, USA"
Iglesia Gracia Y Verdad San Antonio,,"12834 COUNTRY RDG, SAN ANTONIO, TX 78216-2324",(210) 906-0157,https://www.graciayverdadsa.org/,yes,"Iglesia Gracia y Verdad — 12475 Starcrest Dr Ste 110, San Antonio, TX 78216, USA"
Life Spring Ministries,Christian / General,"14413 GOLD RUSH PASS, SAN ANTONIO, TX 78254-4469",,,no,"no confident match (name similarity 0.00 < 0.5). top result: ""Lifehouse Church"" — 20825 Wilderness Oak, San Antonio, TX 78258, USA"
Klema Life Church,,"1253 CRYSTAL, SAN ANTONIO, TX 78211-1621",(210) 974-9386,https://klemalife.church/,yes,"Klema Life Church — 15701 San Pedro Ave, San Antonio, TX 78232, USA"
Churchill Spirit Club,,"12049 BLANCO RD, SAN ANTONIO, TX 78216-2411",,,no,"no confident match (name similarity 0.17 < 0.5). top result: ""Jaguars Club San Antonio"" — 5418 Brewster St, San Antonio, TX 78233, USA"
Noonday Farms Ministry,Christian / General,"404 HARMON DR, SAN ANTONIO, TX 78209-4832",,,no,"no confident match (name similarity 0.40 < 0.5). top result: ""Noonday Farms RV Park"" — 3833 US-259, Longview, TX 75605, USA"
Vietnam Warriors Fellowship Inc,Christian / General,"401 PECAN PKWY, BOERNE, TX 78006-7963",,,no,"no confident match (name similarity 0.14 < 0.5). top result: ""Military Warriors Support Foundation"" — 211 N Loop 1604 E #250, San Antonio, TX 78232, USA"
Bernie Berg Ministries International Inc,Christian / General,"309 WATER STREET, BOERNE, TX 78006-2865",,,no,"no confident match (name similarity 0.11 < 0.5). top result: ""Hill Country Daily Bread Ministries"" — 38 Cascade Cavern, Boerne, TX 78015, USA"
Anchored Ministries Sa,Christian / General,"8027 EAGLE PEAK, HELOTES, TX 78023-4357",,,no,"no confident match (name similarity 0.43 < 0.5). top result: ""Anchored SA - The San Antonio Community Church Ministries"" — 9323 Perrin Beitel Ste 110, San Antonio, TX 78217, USA"
Logos Christian Reformed Church,Christian / General,"9739 HUEBNER RD, SAN ANTONIO, TX 78240-3163",(502) 509-9333,https://www.logoscrc.org/,yes,"Logos Christian Reformed Church — 23943 IH 10 West, 23943 US-87, San Antonio, TX 78257, USA"
Evangelical Free Church Of America,Protestant / Evangelical,"121 GLEN EAGLES DR, CIBOLO, TX 78108-3343",,,no,"no confident match (name similarity 0.00 < 0.5). top result: ""Everyday Christian Fellowship"" — 950 Everyday Wy, Cibolo, TX 78108, USA"
5 Crowns Church Inc,,"12203 COAL MINE RISE, SAN ANTONIO, TX 78245-3576",(210) 701-0986,https://5crownschurch.churchtrac.com/,yes,"5 Crowns Church — 10135 State, TX-151 Conference room C, San Antonio, TX 78251, USA"
Press Start Ministries Inc,Christian / General,"14317 POTRANCO RD PMB 1053, SAN ANTONIO, TX 78253-7125",,,no,"no confident match (name similarity 0.13 < 0.5). top result: ""P.A.M. Media Outreach, Inc."" — 18018 Overlook Loop Suite 105-244, San Antonio, TX 78259, USA"
Vital Seed Ministries International Inc,Christian / General,"8418 BEAR TREE CIRCLE 100, SAN ANTONIO, TX 78255-3625",,http://vitalseed.org/,yes,"Vital Seed Ministries — 8418 Bear Tree Cir, San Antonio, TX 78255, USA"
New Dimensions Ministry,Christian / General,"6630 FM 1516 N, CONVERSE, TX 78109-3567",(210) 642-9592,http://ndmchurch.com/,yes,"New Dimensions Ministries — 6630 Farm to Market 1516, Converse, TX 78109, USA"
Acts Hiv-Aids Ministry,Christian / General,"1819 NEVADA ST, SAN ANTONIO, TX 78203-1735",,,no,"no confident match (name similarity 0.20 < 0.5). top result: ""ACTS Store"" — 7711 Madonna Dr Suite 200, San Antonio, TX 78216, USA"
Blueprint Ministries Inc,Christian / General,"2926 S PRESA ST, SAN ANTONIO, TX 78210-3916",(210) 533-2761,http://blueprintministry.com/,yes,"Blueprint Ministries — 2926 S Presa St, San Antonio, TX 78210, USA"
Church Of Scientology,,"244 W OLMOS DR, SAN ANTONIO, TX 78212-1956",(210) 818-2868,http://san-antonio.scientologymissions.org/,yes,"Church of Scientology Mission of San Antonio — 244 W Olmos Dr, San Antonio, TX 78212, USA"
Victory Worship Center Inc,,"102 SPRINGVALE DR, SAN ANTONIO, TX 78227-4448",(210) 971-9824,http://www.myvwc.org/,yes,"Victory Worship Center — 102 Springvale Dr, San Antonio, TX 78227, USA"
Unsearchable Riches Of Christ Ministries,Christian / General,"19540 S US HIGHWAY 281, SAN ANTONIO, TX 78221-9729",,,no,"no confident match (name similarity 0.40 < 0.5). top result: ""Christ In US Ministries"" — 672 Gillette Blvd, San Antonio, TX 78221, USA"
Kendall County Cowboy Church Inc,,"167 BLUEBONNET CIR, BOERNE, TX 78006-1836",,http://kendallcountycowboychurch.org/,yes,"Kendall County Cowboy Church — 605 FM 289, Comfort, TX 78013, USA"
Iglesia Luterana San Pablo,,"2903 NACOGDOCHES RD, SAN ANTONIO, TX 78217-4522",,,no,"no confident match (name similarity 0.00 < 0.5). top result: ""St. Paul's Lutheran Church (ELCA)"" — 2903 Nacogdoches Rd, San Antonio, TX 78217, USA"
New Philadelphia Missionary Baptist Church,Baptist,"10201 SPARKLE PT, SCHERTZ, TX 78154-3485",(210) 661-2263,http://pmbckirby.com/,yes,"Philadelphia Missionary Baptist Church — 5250 Old Seguin Rd, Converse, TX 78109, USA"
Souls Host Ministries Inc,Christian / General,"11704 HWY 181 S LOT 73, SAN ANTONIO, TX 78223-0000",,,no,"no confident match (name similarity 0.33 < 0.5). top result: ""Souled Out Ministries Inc"" — 19 E Grayson St, San Antonio, TX 78215, USA"
Temple Of Faith Church,,"622 OAK CASCADE, NEW BRAUNFELS, TX 78132-3907",,,no,"no confident match (name similarity 0.40 < 0.5). top result: ""Faith United Church of Christ"" — 970 TX-337 Loop, New Braunfels, TX 78130, USA"
Sweet Rain Of The Holy Spirit Baptist Church,Baptist,"9463 CAMINO VENADO, HELOTES, TX 78023-4141",,,no,"no confident match (name similarity 0.43 < 0.5). top result: ""The Episcopal Church of the Holy Spirit"" — 11093 Bandera Rd, San Antonio, TX 78250, USA"
Church Under The Bridge,,"PO BOX 34421, SAN ANTONIO, TX 78265-4421",,https://www.cub-sa.org/,yes,"Communities Under the Bridge with Church Under the Bridge — 724 Chestnut St, San Antonio, TX 78202, USA"
Fountain Of Living Water Apostolic Church,Apostolic,"411 FARGO AVE, SAN ANTONIO, TX 78220-1215",(210) 475-3590,https://fountainoflivingwatertx.org/,yes,"Fountain of Living Water Apostolic Church — 411 Fargo Ave, San Antonio, TX 78220, USA"
Lutheran Campus Ministry-San Antonio,Lutheran,"10407 LUZON DR, SAN ANTONIO, TX 78217-3918",,,no,"no confident match (name similarity 0.11 < 0.5). top result: ""Mac Arthur Park Lutheran Church"" — 2903 Nacogdoches Rd, San Antonio, TX 78217, USA"
United Christian Center,Christian / General,"10427 BRISBANE RIV, CONVERSE, TX 78109-1992",,https://unitedccsa.org/,yes,"United Christian Center — 5514 Walzem Rd Suite 10, San Antonio, TX 78218, USA"
El Shaddai Ministries Inc,Christian / General,"66 MCLENNAN OAK, SAN ANTONIO, TX 78240-5203",,,no,"no confident match (name similarity 0.13 < 0.5). top result: ""Comunidad Misionera International El Shadai"" — 130 NW 36th St, San Antonio, TX 78237, USA"
Gods Grace Baptist Church,Baptist,"PO BOX 311505, NEW BRAUNFELS, TX 78131-1505",,,no,"no confident match (name similarity 0.33 < 0.5). top result: ""Grace Church New Braunfels"" — 3240 FM725, New Braunfels, TX 78130, USA"
Care Ministry,Christian / General,"9631 PLEASANTON PL, SAN ANTONIO, TX 78221-3340",,,no,"no confident match (name similarity 0.25 < 0.5). top result: ""Christian Assistance Ministry"" — 110 McCullough Ave, San Antonio, TX 78215, USA"
Calvary Chapel South Side,,"PO BOX 14333, SAN ANTONIO, TX 78214-0333",,,no,"no confident match (name similarity 0.29 < 0.5). top result: ""Calvary Chapel Jesus is The Way"" — 4350 Southton Way, San Antonio, TX 78223, USA"
Voice Of Truth Christian Church,Christian / General,"446 GILBERT LN, SAN ANTONIO, TX 78213-3609",,,no,"no confident match (name similarity 0.17 < 0.5). top result: ""The Voice Revival Center"" — 5250 Callaghan Rd, San Antonio, TX 78228, USA"
Iglesia Camino Victorioso,,"10023 REGAL PT, SAN ANTONIO, TX 78254-6167",,,no,"no confident match (name similarity 0.40 < 0.5). top result: ""Iglesia Cristiana El Camino"" — 8118 Tezel Rd, San Antonio, TX 78250, USA"
Full Gospel Pentecostal Church San Antonio Texas,Pentecostal,"PO BOX 1005, ELMENDORF, TX 78112-1005",,,no,"no confident match (name similarity 0.22 < 0.5). top result: ""Temple of God Full Gospel"" — 1001 Hot Wells Blvd, San Antonio, TX 78223, USA"
Vertical Ministries,Christian / General,"4218 THOUSAND OAKS DR, SAN ANTONIO, TX 78217-1862",,,no,"no confident match (name similarity 0.33 < 0.5). top result: ""Vertical Church"" — 4218 Thousand Oaks Dr, San Antonio, TX 78217, USA"
Family Baptist Church,Baptist,"3950 EISENHAUER RD, SAN ANTONIO, TX 78218-3407",(210) 257-0004,http://www.christianfamilybc.org/,yes,"Christian Family Baptist Church — 1589 Grosenbacher Rd, San Antonio, TX 78245, USA"
Jesus Es El Cristo Ministries,Christian / General,"1706 RIGSBY AVE, SAN ANTONIO, TX 78210-3217",(210) 421-6164,,yes,"Jesus Is The Christ Ministries / Jesus Es El Cristo Ministries — 1706 Rigsby Ave, San Antonio, TX 78210, USA"
Catholic Daughters Of The Americas,Catholic,"85 RANCH BRK, BOERNE, TX 78015-8373",(210) 248-8414,https://sthelenacda.com/contact-us/,yes,"Catholic Daughters of the Americas — 13842 O'Connor Rd, San Antonio, TX 78233, USA"
New Spirit Baptist Church,Baptist,"7717 TEZEL RD, SAN ANTONIO, TX 78250-3039",(210) 255-3871,https://new-spirit-space.base44.app/,yes,"New Spirit Church — 7717 Tezel Rd, San Antonio, TX 78250, USA"
Acts 238 Ministries,Christian / General,"5666 CASTLE GLADE, SAN ANTONIO, TX 78218-2305",,,no,"no confident match (name similarity 0.25 < 0.5). top result: ""ACTS Store"" — 7711 Madonna Dr Suite 200, San Antonio, TX 78216, USA"
Oasis Of Light Ministries,Christian / General,"25294 W INTERSTATE 10, SAN ANTONIO, TX 78257-9517",,https://www.theoasisoflight.org/,yes,"The Oasis of Light Church — 5731 Rim Pass, San Antonio, TX 78257, USA"
New Beginning International House Of Worship,,"12107 TOEPPERWEIN RD, LIVE OAK, TX 78233-3136",,,no,"no confident match (name similarity 0.10 < 0.5). top result: ""New Beginnings I.H.O.W."" — 12107 Toepperwein Rd #1, Live Oak, TX 78233, USA"
Iglesia Casa De Restauracion,,"26302 TUSCAN PARK, SAN ANTONIO, TX 78261-2780",(210) 561-9640,http://www.puertaderestauracion.com/,yes,"Iglesia Puerta de Restauracion — 6144 Babcock Rd, San Antonio, TX 78240, USA"
Catholic Daughters Of The Americas,Catholic,"18018 CERCA AZUL DR, SAN ANTONIO, TX 78259-3510",(210) 844-8941,https://sthelenacda.com/contact-us/,yes,"Catholic Daughters of the Americas — 4014 Bentway St, San Antonio, TX 78217, USA"
Espada Ministry,Christian / General,"7811 MIDWAY DEPOT, SAN ANTONIO, TX 78255-2148",,,no,"no confident match (name similarity 0.11 < 0.5). top result: ""Mission San Francisco De La Espada Catholic Church"" — 10040 Espada Rd, San Antonio, TX 78214, USA"
Esther Cancer Care Ministry,Christian / General,"8606 KALLISON ARBOR, SAN ANTONIO, TX 78254-4556",,,no,"no confident match (name similarity 0.33 < 0.5). top result: ""The START Center for Cancer Care"" — 4383 Medical Dr, San Antonio, TX 78229, USA"
Freedom Faith Fellowship,Christian / General,"12350 EDWARDS RD, SAN ANTONIO, TX 78252-2503",,,no,"no confident match (name similarity 0.40 < 0.5). top result: ""Freedom Fellowship Church International"" — 8419 Callaghan Rd, San Antonio, TX 78230, USA"
South Texas New Life Ministries,Christian / General,"1902 TIPTOP ST, SAN ANTONIO, TX 78253-5172",,,no,"no confident match (name similarity 0.33 < 0.5). top result: ""New Life Church"" — 1240 Holbrook Rd, San Antonio, TX 78218, USA"
633 Ministries,Christian / General,"10823 VANDALE STE 101, SAN ANTONIO, TX 78216-3626",,,no,"no confident match (wrong state). top result: ""633 Ministries"" — 244 N River Ave, Holland, MI 49424, USA"
Jjcc Ministries,Christian / General,"102 WESTLAKE DR, SAN ANTONIO, TX 78227-3546",,,no,"no confident match (name similarity 0.00 < 0.5). top result: ""CJCLife Church"" — 6401 Bandera Rd Suite#200, San Antonio, TX 78238, USA"
Westside Fellowship Church Inc,Christian / General,"321 N GENERAL MCMULLEN BUILDING 7, SAN ANTONIO, TX 78237-1525",(726) 800-7188,https://westsidefellowship.church/,yes,"Westside Fellowship Church — 321 N General McMullen Dr, San Antonio, TX 78237, USA"
1 Touch Divine Intervention Ministries,Christian / General,"3400 NORTHEAST PKWY, SAN ANTONIO, TX 78218-3300",(512) 644-7597,http://dimsm.org/,yes,"Divine Intervention Ministries — 3750 FM 621, San Marcos, TX 78666, USA"
Two Rivers Christian Church,Christian / General,"17915 REDRIVER SONG, SAN ANTONIO, TX 78259-3583",(830) 672-2703,http://www.tworiversbiblechurch.org/,yes,"Two Rivers Bible Church — Sarah DeWitt Dr STE. 210, Gonzales, TX 78629, USA"
Iglesia Bautista El Shaddai San Ant Onio Inc,,"403 W EMERSON AVE, SAN ANTONIO, TX 78226-1211",,,no,"no confident match (name similarity 0.20 < 0.5). top result: ""El Shaddai Christian Church"" — 1414 Cupples Rd, San Antonio, TX 78226, USA"
Bear Through It Ministries Inc,Christian / General,"8415 BURWELL, SAN ANTONIO, TX 78254-2539",,,no,"no confident match (name similarity 0.14 < 0.5). top result: ""Vital Seed Ministries"" — 8418 Bear Tree Cir, San Antonio, TX 78255, USA"
Baptisms On The Beach Tacos And Tes Timonies Ministry,Christian / General,"21750 HARDY OAK BLVD STE 104 385048, SAN ANTONIO, TX 78258-4946",,,no,"no confident match (name similarity 0.00 < 0.5). top result: ""El Pastor Es Mi Senor"" — 19211 Huebner Rd #2, San Antonio, TX 78258, USA"
Omni Spirit Ministries,Christian / General,"14202 PURPLE MARTIN, SAN ANTONIO, TX 78233-5359",,,no,"no confident match (name similarity 0.17 < 0.5). top result: ""House of Freedom International Ministries"" — 2415 W Southcross Blvd, San Antonio, TX 78211, USA"
Simply Faith Ministries,Christian / General,"7108 JAMIE LYN BLVD, SCHERTZ, TX 78154-4420",,,no,"no confident match (name similarity 0.00 < 0.5). top result: ""First Baptist Church of Schertz"" — 600 Aero Ave, Schertz, TX 78154, USA"
Wilderland Ministries,Christian / General,"145 CRANE CREST DR, NEW BRAUNFELS, TX 78130-2679",,,no,"no confident match (name similarity 0.00 < 0.5). top result: ""World Indigenous Missions"" — 2409 Lifehaus Industrial Dr, New Braunfels, TX 78130, USA"
J-Jireh Ministries Inc,Christian / General,"6231 PEACE PIPE DR, SAN ANTONIO, TX 78238-3918",,,no,"no confident match (wrong state). top result: ""J. Jireh Development Corp."" — 1670 E Main St, Columbus, OH 43205, USA"
True Vineyard Ministries Inc,Christian / General,"PO BOX 310361, NEW BRAUNFELS, TX 78131-0361",,,no,"no confident match (name similarity 0.00 < 0.5). top result: ""Handspun Hope"" — 647 S Seguin Ave, New Braunfels, TX 78130, USA"
Church And Politics Llc,,"7500 CALLAGHAN RD APT 239, SAN ANTONIO, TX 78229-2816",,,no,"no confident match (name similarity 0.17 < 0.5). top result: ""Church Unlimited - Stone Oak"" — 24610 US-281, San Antonio, TX 78258, USA"
Her Holy Walk Ministries,Christian / General,"2643 WALEETKA ST, SAN ANTONIO, TX 78210-5430",,,no,"no confident match (name similarity 0.00 < 0.5). top result: ""LifeShare Church"" — 5359 Casa Bella St, San Antonio, TX 78249, USA"
Live Ministries-Living In Victoriou S Expectation In Christ,Christian / General,"16019 GAYE L LITTON, SAN ANTONIO, TX 78232-0000",,,no,"no confident match (name similarity 0.11 < 0.5). top result: ""Victorious life Ministries"" — 10807 Perrin Beitel #120, San Antonio, TX 78217, USA"
Bloom Womens Ministry,Christian / General,"3002 COMANCHE XING, SAN ANTONIO, TX 78224-2413",,,no,"no confident match (name similarity 0.14 < 0.5). top result: ""Kingdom Business Women's Ministry"" — 543 Rice Rd, San Antonio, TX 78220, USA"
La Gran Comision Church,,"6275 DEER VALLEY DR, SAN ANTONIO, TX 78242-1519",,,no,"no confident match (name similarity 0.33 < 0.5). top result: ""Iglesia La Gran Comision A.I.P.J.inc."" — 6120 Montgomery Dr, San Antonio, TX 78239, USA"
Disciple Hands Ministry,Christian / General,"2055 CASSIOPEIA BND, SAN ANTONIO, TX 78245-4007",,,no,"no confident match (name similarity 0.20 < 0.5). top result: ""Disciple Community Church"" — 10619 Westover Hills Blvd, San Antonio, TX 78251, USA"
Joy Ranch Ministries,Christian / General,"10231 BARBEQUE BAY, CONVERSE, TX 78109-4418",(210) 201-4569,http://www.greaterjoysa.org/,yes,"Greater Joy Ministries — 5020 Old Seguin Rd, Kirby, TX 78219, USA"
Herstory Global Ministries,Christian / General,"550 PENNYSTONE AVE, SAN ANTONIO, TX 78223-1918",,,no,"no confident match (name similarity 0.00 < 0.5). top result: ""For Her"" — 8546 Broadway #255, San Antonio, TX 78217, USA"
2Pence Ministries,Christian / General,"409 LAKEVIEW BLVD, NEW BRAUNFELS, TX 78130-5231",,,no,"no confident match (name similarity 0.00 < 0.5). top result: ""New Braunfels Church of Christ"" — 1665 S Business IH 35, New Braunfels, TX 78130, USA"
Waypoint Church Satx,,"605 KENDALL ST, SAN ANTONIO, TX 78212-4071",,,no,"no confident match (name similarity 0.00 < 0.5). top result: ""Wayside Chapel"" — 1705 Northwest Loop 410, San Antonio, TX 78213, USA"
Elevate Outdoor Ministries,Christian / General,"1000 DIAMOND DR APT 804, BOERNE, TX 78006-3022",(210) 444-9210,https://www.elevateministriessa.com/,yes,"Elevate Ministries — 130 Saipan Pl, San Antonio, TX 78221, USA"
Redeemed Ministries Satx,Christian / General,"11444 VANCE JACKSON RD APT 1306, SAN ANTONIO, TX 78230-1853",,,no,"no confident match (name similarity 0.00 < 0.5). top result: ""RCCG, Salvation Center San Antonio"" — 5711/5719 Mobud St, San Antonio, TX 78238, USA"
Ekklesia Kingdom House Outreach Chu Rch - Ekho Church,,"25603 SPIREA, SAN ANTONIO, TX 78261-2666",,,no,"no confident match (name similarity 0.10 < 0.5). top result: ""Ekklesia San Antonio"" — 14202 San Pedro Ave, San Antonio, TX 78232, USA"
Graced Up Ministries,Christian / General,"11235 BRANDING DEPOT, SAN ANTONIO, TX 78254-5752",,,no,"no confident match (name similarity 0.00 < 0.5). top result: ""Place of Grace Fellowship"" — 2938 Nacogdoches Rd, San Antonio, TX 78217, USA"
Center Of Hope Ministries,Christian / General,"3239 WEST GERALD, SAN ANTONIO, TX 78211-0000",(210) 764-3100,http://www.hopecenterchurch.com/,yes,"Hope Center Church — 4545 N Loop 1604 W, San Antonio, TX 78249, USA"
Legacy Of Faith Mobile Ministry,Christian / General,"11806 CARAWAY HL, SAN ANTONIO, TX 78245-4477",,,no,"no confident match (name similarity 0.20 < 0.5). top result: ""Legacy Fellowship"" — 11610 El Sendero St, San Antonio, TX 78233, USA"
Blessed Bees Global Ministry,Christian / General,"21750 HARDY OAK BLVD STE 104, SAN ANTONIO, TX 78258-4946",,,no,"no confident match (name similarity 0.17 < 0.5). top result: ""Blessed Kingdom Ministries"" — 2118 N Zarzamora St, San Antonio, TX 78201, USA"
Catholic Knights & Daughters,Catholic,"12415 CHENA LK, SAN ANTONIO, TX 78249-4572",,,no,"no confident match (name similarity 0.20 < 0.5). top result: ""The Moon's Daughters"" — 115 Lexington Ave, San Antonio, TX 78205, USA"
Barbara Mcclain Ministries,Christian / General,"8434 GREENHAM, SAN ANTONIO, TX 78239-2920",,,no,"no confident match (name similarity 0.00 < 0.5). top result: ""Christian Assistance Ministry"" — 110 McCullough Ave, San Antonio, TX 78215, USA"
Cooperative Baptist Fellowship Of Texas,Baptist,"PO BOX 15648, SAN ANTONIO, TX 78212-8848",,,no,"no confident match (name similarity 0.00 < 0.5). top result: ""Community Bible Church"" — 2477 N Loop 1604 E, San Antonio, TX 78232, USA"
Fellowship Of San Antonio Inc,Christian / General,"23755 CANYON GOLF RD, SAN ANTONIO, TX 78258-4926",(210) 402-3672,http://www.thefellowshipofsa.org/,yes,"The Fellowship of San Antonio — 23755 Canyon Golf Rd, San Antonio, TX 78258, USA"
Africa Renewal Ministries Inc,Christian / General,"16414 SAN PEDRO AVE STE 955, SAN ANTONIO, TX 78232-2207",(210) 979-7441,https://africarenewal.org/,yes,"Africa Renewal Ministries — 16414 San Pedro Ave Ste 955, San Antonio, TX 78232, USA"
House Of Prayer Christian Ministries Inc,Christian / General,"317 GORMAN, SAN ANTONIO, TX 78202-2342",(210) 224-5265,,yes,"House of Prayer Christian Ministry — 317 Gorman, San Antonio, TX 78202, USA"
Jesus Church,,"5726 MOBUD ST, SAN ANTONIO, TX 78238-1819",(210) 449-5009,http://www.jesuschurchsa.org/,yes,"Jesus' Church — 5726 Mobud St, San Antonio, TX 78238, USA"
Marianist Vocation Ministry,Christian / General,"520 FORDHAM AVE, SAN ANTONIO, TX 78228-4800",,,no,"no confident match (name similarity 0.25 < 0.5). top result: ""Marianist Sisters"" — 235 W Ligustrum Dr, San Antonio, TX 78228, USA"
Redeemer Presbyterian Church,Presbyterian,"903 N SAINT MARYS ST, SAN ANTONIO, TX 78215-2108",(210) 930-4480,https://www.redeemersa.org/,yes,"Redeemer Presbyterian Church — 903 N St Mary's St, San Antonio, TX 78215, USA"
First Korean Presbyterian Church Of San Antonio,Presbyterian,"4115 EISENHAUER RD, SAN ANTONIO, TX 78218-3412",(210) 657-3057,http://www.fkpcsa.com/,yes,"First Korean Presbyterian Church — 4115 Eisenhauer Rd, San Antonio, TX 78218, USA"
Living Water Faith Church,,"PO BOX 691761, SAN ANTONIO, TX 78269-1761",(210) 733-1980,,yes,"Living Water Faith Church — 524 Ruiz St, San Antonio, TX 78207, USA"
Greg Lewis Ministries Inc,Christian / General,"8214 WAYSIDE CRK, SAN ANTONIO, TX 78255-3517",,,no,"no confident match (name similarity 0.17 < 0.5). top result: ""The Lewis Angel Ministry"" — 2471 W Southcross Blvd, San Antonio, TX 78211, USA"
El Arca Del Pacto Iglesia Del Nazareno,,"102 SAXON DR, SAN ANTONIO, TX 78213-4045",(210) 867-0616,,yes,"Iglesia del Nazareno- El Arca Del Pacto — 102 Saxon St, San Antonio, TX 78213, USA"
Revive Ministries Of San Antonio Inc,Christian / General,"14419 MOUNTAINSIDE RDG, SAN ANTONIO, TX 78233-3815",(210) 788-5823,https://www.reviveministries.church/,yes,"Revive Ministries San Antonio Church — 303 W Ramsey Rd, San Antonio, TX 78216, USA"
New Wine International Ministries,Christian / General,"4654 PECOS PP, CIBOLO, TX 78108-0000",,,no,"no confident match (name similarity 0.11 < 0.5). top result: ""New Beginnings I.H.O.W."" — 12107 Toepperwein Rd #1, Live Oak, TX 78233, USA"
Family Community Fellowship San Antonio,Christian / General,"11923 CEDAR GREY, SAN ANTONIO, TX 78249-2453",,,no,"no confident match (name similarity 0.43 < 0.5). top result: ""Christian Family Church San Antonio"" — 3607 N Loop 1604 E, San Antonio, TX 78247, USA"
Infinite One Ministries,Christian / General,"1719 DEER RUN ST, SAN ANTONIO, TX 78232-4414",(210) 930-7760,https://www.theonejourney.com/,yes,"ONE — 8023 Vantage Dr Ste 200, San Antonio, TX 78230, USA"
Light Of The World Christian Fellowship,Christian / General,"4910 DAHLIA TER, SAN ANTONIO, TX 78218-2746",,,no,"no confident match (name similarity 0.40 < 0.5). top result: ""The Light of the World Church"" — 5710 I-10, San Antonio, TX 78201, USA"
Life Change Church Of San Antonio Tx A Domestic Nonprofit Corp,,"708 W SUMMIT AVE, SAN ANTONIO, TX 78212-2746",,,no,"no confident match (name similarity 0.44 < 0.5). top result: ""Life Church of San Antonio"" — 2483 W Southcross Blvd, San Antonio, TX 78211, USA"
Pueblo De Dios Iglesia Cristiana Inc,,"1527 SOMERSET RD, SAN ANTONIO, TX 78211-3041",,https://www.facebook.com/profile.php?id=100023290282707,yes,"Pueblo De Dios Iglesia Cristiana — 5431 Ingram Rd, San Antonio, TX 78228, USA"
Hope For The Hurting Ministries Inc,Christian / General,"24510 OPEN RANGE RD, SAN ANTONIO, TX 78264-4513",,,no,"no confident match (name similarity 0.13 < 0.5). top result: ""HOPE Help Other People Eat"" — 7015 Wurzbach Rd, San Antonio, TX 78240, USA"
Spirit Of Life Worship Center San Antonio,,"9731 ALEXA PL, SAN ANTONIO, TX 78251-3736",,,no,"no confident match (name similarity 0.29 < 0.5). top result: ""Spirit and Life Fellowship"" — 6401 Bandera Rd, Leon Valley, TX 78238, USA"
Journey Church Of Katy,,"6758 MONTGOMERY DR, SAN ANTONIO, TX 78239-3245",,,no,"no confident match (name similarity 0.40 < 0.5). top result: ""Journey Church San Antonio"" — 12758 Cimarron Path Ste. 112B, San Antonio, TX 78249, USA"
Skybridge Community Church,,"PO BOX 18087, SAN ANTONIO, TX 78218-0087",(210) 375-9031,http://www.skybridgechurch.org/,yes,"skybridge community Church — 7303 Ray Bon Dr, San Antonio, TX 78218, USA"
Whitestone Outpost Ministry Inc,Christian / General,"5211 GAVILAN DR, SAN ANTONIO, TX 78242-2433",,,no,"no confident match (name similarity 0.00 < 0.5). top result: ""White Stone Ministries"" — 807 B Veterans Blvd., #151, Del Rio, TX 78840, USA"
Hope Arise United Methodist Church,Methodist,"26108 OVERLOOK PKWY, SAN ANTONIO, TX 78260-6046",,,no,"no confident match (name similarity 0.43 < 0.5). top result: ""Hope Arise, a Coker Methodist Community"" — 26108 Overlook Pkwy #2000, San Antonio, TX 78260, USA"
St Marys Indian Orthodox Church Of San Antonio,Orthodox,"4990 VIEW DR, SAN ANTONIO, TX 78228-1732",,,no,"no confident match (name similarity 0.44 < 0.5). top result: ""St. Mary’s Indian Orthodox Church"" — 4990 View Dr, San Antonio, TX 78228, USA"
Fuente Viva Church,,"5378 SAN SIMEON DR, SAN ANTONIO, TX 78228-4437",,,yes,"Fuente Viva Church — 4431 Culebra Rd, San Antonio, TX 78228, USA"
Refocus Today Ministry,Christian / General,"19141 STONE OAK PKWY STE 104, SAN ANTONIO, TX 78258-3367",,,no,"no confident match (name similarity 0.00 < 0.5). top result: ""Renew the Mind. Restore the Soul."" — 26108 Overlook Pkwy Ste.401-114, San Antonio, TX 78260, USA"
Bethel Covenant Assembly Of God,,"10802 W LOOP 1604 N, SAN ANTONIO, TX 78254-2749",,,no,"no confident match (name similarity 0.40 < 0.5). top result: ""Bethel Covenant AG"" — 10802 W Loop 1604 N, San Antonio, TX 78254, USA"
Marchelle D Lee -Mdl- Ministries Inc,Christian / General,"5222 ROYAL MILE, CONVERSE, TX 78109-2872",(832) 233-4472,https://www.mdlministries.org/contact-us,yes,"MDL Ministries — 18018 Overlook Loop, San Antonio, TX 78259, USA"
Solid Rock Christian Church Of Runge Texas,Christian / General,"11550 W INTERSTATE 10 STE 150, SAN ANTONIO, TX 78230-1035",,,no,"no confident match (name similarity 0.25 < 0.5). top result: ""Calvary Chapel Solid Rock"" — 17018 Silverwood Dr, San Antonio, TX 78232, USA"
Universal Church Of Light,,"1627 N PAN AM EXPRESSWAY, SAN ANTONIO, TX 78208-1139",(888) 332-4141,http://universalusa.org/,yes,"The Universal Church — 4546 W Commerce St, San Antonio, TX 78237, USA"
Aurizion International Ministries,Christian / General,"PO BOX 769833, SAN ANTONIO, TX 78245-9365",,,no,"no confident match (name similarity 0.14 < 0.5). top result: ""I Am International Fellowship Church"" — 5726 Mobud St, San Antonio, TX 78238, USA"
Christian Family Church International--San Antonio,Christian / General,"3607 N LOOP 1604 E, SAN ANTONIO, TX 78247-2300",(210) 253-7021,https://www.christianfamilychurchsa.com/,yes,"Christian Family Church San Antonio — 3607 N Loop 1604 E, San Antonio, TX 78247, USA"
Four Winds Christian Ministries Inc,Christian / General,"PO BOX 769380, SAN ANTONIO, TX 78245-9342",(210) 737-3333,,yes,"Four Winds Ministries — 321 W Craig Pl, San Antonio, TX 78212, USA"
Gathering Church,,"875 E ASHBY PL STE 1200, SAN ANTONIO, TX 78212-4119",,,no,"no confident match (name similarity 0.25 < 0.5). top result: ""The Gathering Place SA"" — 15650 Mkt Hl Blvd #100, San Antonio, TX 78256, USA"
Victorious Life Christian Center,Christian / General,"3140 PENCIL CHOLLA, SCHERTZ, TX 78154-6138",,,yes,"Victorious life christian center — 11833 Perrin Beitel, San Antonio, TX 78217, USA"
Spread Ministries,Christian / General,"1303 W MAYFIELD BLVD, SAN ANTONIO, TX 78211-3349",,,no,"no confident match (name similarity 0.00 < 0.5). top result: ""The Agape Ministry"" — 127 Lanark Dr, San Antonio, TX 78218, USA"
Court 2661 Catholic Daughters Of The Americas,Catholic,"105 FLEETWOOD DR, SAN ANTONIO, TX 78232-2203",(210) 248-8414,https://sthelenacda.com/contact-us/,yes,"Catholic Daughters of the Americas — 13842 O'Connor Rd, San Antonio, TX 78233, USA"
Compass Church San Antonio,,"12266 BANDERA RD, HELOTES, TX 78023-4112",(210) 858-5852,http://www.compasschurchsa.com/,yes,"Compass Church San Antonio — 12266 Bandera Rd, Helotes, TX 78023, USA"
In His Word Church Inc,,"11510 LONG TRIAL, SAN ANTONIO, TX 78245-0000",(210) 789-7394,http://www.inhiswordchurch.org/,yes,"San Antonio Bilingual Church: In His Word Church, Inc. — 1415 Cable Ranch Rd Ste 107, San Antonio, TX 78245, USA"
Iglesia Del Dios Vivo Of San Antonio,,"8121 CULEBRA RS STE 2, SAN ANTONIO, TX 78251-0000",(210) 385-9745,,yes,"Iglesia del Dios vivo — 8121 Culebra Rd, San Antonio, TX 78251, USA"
Well Community Church-San Antonio,,"PO BOX 5382, SAN ANTONIO, TX 78201-0382",(828) 799-0190,http://thewellsa.org/,yes,"The Well Community Church — 307 Pearl Pkwy, San Antonio, TX 78215, USA"
River City Church,,"2032 CENTRAL PLZ, NEW BRAUNFELS, TX 78130-2069",(830) 200-0029,http://www.rcnb.org/,yes,"River City Church — 2032 Central Plaza, New Braunfels, TX 78130, USA"
Texas Unitarian Universalist Justice Ministry Education Network,Christian / General,"24348 CHERRY SPG, SAN ANTONIO, TX 78255-3447",,,no,"no confident match (name similarity 0.18 < 0.5). top result: ""First Unitarian Universalist Church of San Antonio"" — 7150 I-10, San Antonio, TX 78213, USA"
Gods Inspiration Church International Gods Inspired,,"8004 CROSSCREEK, SAN ANTONIO, TX 78218-1619",,,no,"no confident match (name similarity 0.43 < 0.5). top result: ""God's Inspiration Church International"" — 5714 Callaghan Rd, San Antonio, TX 78228, USA"
Word Of Hope Christian Church,Christian / General,"301 MAIN PLAZA SUITE 339, NEW BRAUNFELS, TX 78130-5136",(210) 421-0146,http://whccnb.org/,yes,"Word of Hope Christian Church — 710 Landa St, New Braunfels, TX 78130, USA"
Grace Life Church,,"580 E ZIPP RD, NEW BRAUNFELS, TX 78130-9545",,,no,"no confident match (name similarity 0.20 < 0.5). top result: ""Grace Community Fellowship"" — 1600 River Rd Suite 2, New Braunfels, TX 78132, USA"
Ministry House Of Restoration San Antonio Church,Christian / General,"5150 BROADWAY STREET STE 401, SAN ANTONIO, TX 78209-5710",(210) 995-9234,https://mhorsc.org/,yes,"​Ministry House Of Restoration San Antonio Church — 1729 E Houston St, San Antonio, TX 78202, USA"
Widows Mite Christian Outreach Ministry,Christian / General,"7629 FOREST VALE, LIVE OAK, TX 78233-7217",(210) 838-8063,,yes,"Widow's Mite Christian Outreach Ministry — 306 Toepperwein Rd, Converse, TX 78109, USA"
All Nations Winners Church,,"5403 JACKWOOD DR SUITE C, SAN ANTONIO, TX 78238-1809",(210) 326-0098,https://www.allnationswinners.net/,yes,"All Nations Winners Church — 5039 Blackberry Dr, San Antonio, TX 78238, USA"
The Bridge Church Of God,Church of God,"1201 W SOUTHCROSS BLVD, SAN ANTONIO, TX 78211-2526",,,yes,"The Bridge Church of God — 1201 W Southcross Blvd, San Antonio, TX 78211, USA"
Reah Ministry,Christian / General,"18705 BROOKWOOD FRST, SAN ANTONIO, TX 78258-4443",,,no,"no confident match (name similarity 0.00 < 0.5). top result: ""Restoration Church of San Antonio"" — 5800 N Loop 1604 E, San Antonio, TX 78247, USA"
Calvary Cross Church Of The Assemblies Of God,,"7760 PRUE RD, SAN ANTONIO, TX 78249-4103",(210) 454-5402,http://www.calvarycrossag.com/contact-us/,yes,"Calvary Cross Church Assemblies of God — 7760 Prue Rd, San Antonio, TX 78249, USA"
A New Beginnings Ministries Inc,Christian / General,"2127 HARRY ST, SAN ANTONIO, TX 78224-2118",(210) 226-5674,http://nbmcog.org/,yes,"New Beginnings Ministries Church of God — 2711 E Commerce St, San Antonio, TX 78203, USA"
Redeemed By Christ Church Inc,,"9414 ANDERSON CT, CONVERSE, TX 78109-1935",,,no,"no confident match (name similarity 0.29 < 0.5). top result: ""Christ Redeeming Community Church"" — 787 G St, San Antonio, TX 78220, USA"
Brookside Church Inc,,"5830 WINDING RIDGE DR, WINDCREST, TX 78239-2014",,,no,"no confident match (name similarity 0.20 < 0.5). top result: ""Cross Roads Church"" — 8102 Midcrown Dr, San Antonio, TX 78239, USA"
South Point Church Assembly Of God,,"323 W THEO AVE, SAN ANTONIO, TX 78214-1044",,,no,"no confident match (name similarity 0.20 < 0.5). top result: ""1st assembly of God San Antonio west ave"" — 4829 Laurie Michelle Rd, San Antonio, TX 78261, USA"
Shekina Glory Church,,"16402 ALWICK LN, SAN ANTONIO, TX 78247-5647",,,yes,"Shekina Glory — 612 Chalmers Ave, San Antonio, TX 78214, USA"
Catalyst Church Of God,Church of God,"9739 HUEBNER RD, SAN ANTONIO, TX 78240-3163",(210) 777-7880,http://catalystchurchsa.org/,yes,"Catalyst Church SA — 9739 Huebner Rd, San Antonio, TX 78240, USA"
Kenya Real Ministries Inc,Christian / General,"12750 PRONGHORN OAK, SAN ANTONIO, TX 78253-5868",,,no,"no confident match (name similarity 0.29 < 0.5). top result: ""Kingdom Life Christian Ministries Inc."" — 10635 I-35, San Antonio, TX 78233, USA"
Sts Joachim And Anna Orthodox Church,Orthodox,"4930 RESEARCH DR, SAN ANTONIO, TX 78240-5006",(210) 305-1854,https://stsjoachimandannaorthodox.org/,yes,"Sts. Joachim and Anna Orthodox Church — 6858 Oxford Trace St, San Antonio, TX 78240, USA"
Godchasers Community Church,,"13032 NACOGDOCHES RD, SAN ANTONIO, TX 78217-1981",(210) 807-9911,https://godchasers.church/,yes,"GodChasers Community Church — 13032 Nacogdoches Rd Ste 220, San Antonio, TX 78217, USA"
Sa Basic Ministries Inc,Christian / General,"4702 ESTERBROOK, SAN ANTONIO, TX 78238-3014",,,no,"no confident match (name similarity 0.17 < 0.5). top result: ""Sam's ministries"" — 318 W César E Chávez Blvd, San Antonio, TX 78204, USA"
Ibrahim Ministries Usa,Christian / General,"10903 WILD GRAPE DR, SAN ANTONIO, TX 78230-3458",,,no,"no confident match (name similarity 0.25 < 0.5). top result: ""AGORA Ministries"" — 1807 Centennial Blvd, San Antonio, TX 78211, USA"
4 16 Ministries,Christian / General,"801 W SAN ANTONIO ST, NEW BRAUNFELS, TX 78130-5503",,,no,"no confident match (name similarity 0.13 < 0.5). top result: ""New Braunfels Christian Ministries - Kids Club"" — 169 S Hickory Ave, New Braunfels, TX 78130, USA"
Augustine Fellowship Slaa Fellowship-Wide Services,Christian / General,"2411 NE LOOP 410 STE 122, SAN ANTONIO, TX 78217-6600",(210) 828-7900,,yes,"Augustine Fellowship — 2411 NE Interstate 410 Loop #122, San Antonio, TX 78209, USA"
Iglesia La Mies,,"6515 TEZEL RD, SAN ANTONIO, TX 78250-4450",(210) 992-2894,https://iglesialamies.org/,yes,"Iglesia Cristiana La Mies — 6515 Tezel Rd, San Antonio, TX 78250, USA"
Fountain Of Life Covenant International Ministry,Christian / General,"PO BOX 246, SCHERTZ, TX 78154-0246",,,no,"no confident match (wrong state). top result: ""Fountain of Life Covenant Church"" — 633 W Badger Rd, Madison, WI 53713, USA"
Mustard Seed Korean Methodist Church,Methodist,"722 ROBINHOOD PL, SAN ANTONIO, TX 78209-3400",,,no,"no confident match (name similarity 0.38 < 0.5). top result: ""샌안토니오 한인감리교회 Korean Global Methodist Church of San Antonio"" — 5705 Blanco Rd, San Antonio, TX 78216, USA"
Covenant Restoration Christian Fellowship,Christian / General,"PO BOX 760952, SAN ANTONIO, TX 78245-0952",(210) 718-9251,http://www.crcfsatx.org/,yes,"Covenant Restoration Christian Fellowship — 5616 Frontage Rd #101, San Antonio, TX 78201, USA"
Matt And Rose Siller Impact Ministries Inc,Christian / General,"829 E SUNSHINE DR, SAN ANTONIO, TX 78228-2518",,,no,"no confident match (name similarity 0.11 < 0.5). top result: ""Firmly Standing Ministries International"" — 7478 Golf Vista Blvd, San Antonio, TX 78244, USA"
Westover Hills Assembly Of God Holdings,,"9340 WESTOVER HILLS BLVD, SAN ANTONIO, TX 78251-2703",,,no,"no confident match (name similarity 0.33 < 0.5). top result: ""Westover Hills Church"" — 9340 Westover Hills Blvd, San Antonio, TX 78251, USA"
Ed Newton Ministries Inc,Christian / General,"PO BOX 591425, SAN ANTONIO, TX 78259-0121",,,no,"no Places results for: Ed Newton Ministries Inc, SAN ANTONIO, TX"
Texas Unitarian Universalist Justice Ministry Advocacy Network,Christian / General,"24348 CHERRY SPG, SAN ANTONIO, TX 78255-3447",,,no,"no confident match (name similarity 0.18 < 0.5). top result: ""First Unitarian Universalist Church of San Antonio"" — 7150 I-10, San Antonio, TX 78213, USA"
Redemption Church Of San Antonio,,"7727 POTRANCO RD APT 2302, SAN ANTONIO, TX 78251-2002",,,no,"no confident match (name similarity 0.40 < 0.5). top result: ""Redemption Church SA"" — 914 McCauley Blvd, San Antonio, TX 78221, USA"
Dao Tam Buddhist Temple,,"1410 W KLEIN RD, NEW BRAUNFELS, TX 78130-9036",(210) 251-8823,,yes,"Dao Tam Temple — 1410 W Klein Rd, New Braunfels, TX 78130, USA"
Christ Church Pca Of San Antonio,,"14515 OCONNOR RD, SAN ANTONIO, TX 78247-1818",(210) 306-4411,http://christchurchsa.com/,yes,"Christ Church San Antonio — 14515 O'Connor Rd, San Antonio, TX 78247, USA"
Charles Cole Ministries International Inc,Christian / General,"6943 FOREST PARK ST, SAN ANTONIO, TX 78240-3325",,,no,"no confident match (name similarity 0.33 < 0.5). top result: ""Chrysalis Ministries, Inc."" — 509 San Pedro Ave, San Antonio, TX 78212, USA"
Door Christian Fellowship Ss,Christian / General,"502 E SOUTHCROSS BLVD, SAN ANTONIO, TX 78214-2044",,,yes,"The Door Christian Fellowship Church — 1821 Bandera Rd Ste E, San Antonio, TX 78228, USA"
Stdm Shut The Door Ministries Inc,Christian / General,"25518 THOMAS OAKS, SAN ANTONIO, TX 78261-2707",,,no,"no confident match (name similarity 0.07 < 0.5). top result: ""The Door International Christian Fellowship Church, Medical Center San Antonio, Texas."" — 7418 John Smith Dr Ste 1230, San Antonio, TX 78229, USA"
Tobit Ministry,Christian / General,"36 ENCINOSO, SAN ANTONIO, TX 78261-2300",(210) 504-7016,http://www.tobitministry.org/,yes,"The Tobit Ministry Garden — 11624 Culebra Rd, San Antonio, TX 78253, USA"
Crossway Bible Church,,"15759 SAN PEDRO AVE, SAN ANTONIO, TX 78232-3726",(210) 802-8616,http://www.crosswaysa.org/,yes,"Crossway Bible Church — 15759 San Pedro Ave, San Antonio, TX 78232, USA"
Oilfield Christian Fellowship Of San Antonio,Christian / General,"24622 FAIRWAY SPGS, SAN ANTONIO, TX 78260-4802",(210) 402-3672,http://www.thefellowshipofsa.org/,yes,"The Fellowship of San Antonio — 23755 Canyon Golf Rd, San Antonio, TX 78258, USA"
New Beginnings Christian Community Church,Christian / General,"599 SPENCER LN, SAN ANTONIO, TX 78201-2030",(210) 482-9291,http://nb-ccc.org/,yes,"New Beginnings Christian Community Church — 4126 E Horseshoe Bend, San Antonio, TX 78228, USA"
Legacy Fellowship,Christian / General,"7705 DRY CANYON TRL, LIVE OAK, TX 78233-2904",(210) 716-2808,http://lf-sa.org/,yes,"Legacy Fellowship — 11610 El Sendero St, San Antonio, TX 78233, USA"
Luminous Church,,"26723 SHADOW PASS, SAN ANTONIO, TX 78260-5551",(210) 294-6717,https://www.luminous.org/,yes,"Luminous Church — 5590 Summit Pkwy, San Antonio, TX 78229, USA"
El Shaddai Christian Church,Christian / General,"247 ROLLINS AVE, SAN ANTONIO, TX 78228-5506",(210) 209-2898,,yes,"El Shaddai Christian Church — 1414 Cupples Rd, San Antonio, TX 78226, USA"
Stone Oak Bible Church,,"19141 STONE OAK PKWY STE 104 PMB P, SAN ANTONIO, TX 78258-3367",(210) 802-6571,http://www.stoneoakbible.com/,yes,"Stone Oak Bible Church — 19202 Redland Rd, San Antonio, TX 78259, USA"
Prosperity In Christ Church,,"339 W HUTCHINS PL, SAN ANTONIO, TX 78221-2745",(210) 902-6380,,yes,"Prosperity in Christ Church — 339 W Hutchins Pl, San Antonio, TX 78221, USA"
Sri Shirdi Sai Baba Temple Of San Antonio,,"PO BOX 690282, SAN ANTONIO, TX 78269-0282",(210) 910-4554,http://www.saisanantonio.org/,yes,"Shirdi Sai Baba Temple of San Antonio — 12911 Babcock Rd, San Antonio, TX 78249, USA"
Open Road Bible Fellowship,Christian / General,"12414 TALLOW CIR, SAN ANTONIO, TX 78253-5253",,,yes,"Open Road Bible Fellowship — 9435 Selma Pkwy, Schertz, TX 78154, USA"
Upper Room Christian Fellowship,Christian / General,"4306 STETSON VW, SAN ANTONIO, TX 78223-5508",,,no,"no confident match (wrong state). top result: ""Upper Room Christian Fellowship"" — 2234 Indian Trail Dr, West Lafayette, IN 47906, USA"
Church Of The Colored People Of Gillespie County Inc,,"411 MCCAULEY BLVD, SAN ANTONIO, TX 78221-1328",,,yes,"The ""Colored"" Episcopal Church of Gillespie County — 604 E Main St, Fredericksburg, TX 78624, USA"
San Antonio Texas West End Baptist Church,Baptist,"925 CULEBRA RD, SAN ANTONIO, TX 78201-6118",(210) 735-9658,https://www.webcsaves.org/,yes,"West End Baptist Church — 925 Culebra Rd, San Antonio, TX 78201, USA"
Trinity Korean Church,,"14223 YELLOW WARBLER, SAN ANTONIO, TX 78233-5375",,,no,"no confident match (name similarity 0.33 < 0.5). top result: ""샌안토니오 한인침례교회 San Antonio Korean Baptist Church"" — 2928 MacArthur View, San Antonio, TX 78217, USA"
Iglesia De Dios Amory Gracia,,"12525 NACOGDOCHES RD, SAN ANTONIO, TX 78217-2130",,,no,"no confident match (name similarity 0.13 < 0.5). top result: ""Templo Amor Y Gracia"" — 332 Wilcox Ave, San Antonio, TX 78211, USA"
Manna From Heaven Ministries Inc,Christian / General,"815 FLANDERS AVE, SAN ANTONIO, TX 78211-1753",,,no,"no confident match (name similarity 0.17 < 0.5). top result: ""The House of Manna"" — 2019 Vance Jackson Rd, San Antonio, TX 78213, USA"
Dennis Davila Ministries Inc,Christian / General,"24930 CRESCENT TRCE, SAN ANTONIO, TX 78258-2755",,,no,"no confident match (name similarity 0.00 < 0.5). top result: ""Family Life International Minstries"" — 5814 Rittiman Plaza, San Antonio, TX 78218, USA"
Compassion Church San Antonio,,"14242 SAVANNAH PASS, SAN ANTONIO, TX 78216-7849",(210) 549-4012,http://compassionsa.org/,yes,"Compassion Church — 2862 Thousand Oaks Dr #4193, San Antonio, TX 78232, USA"
New Life Outreach Ministries,Christian / General,"4953 WALZEM RD, WINDCREST, TX 78218-2155",,,no,"no confident match (name similarity 0.40 < 0.5). top result: ""New Life Ministeries"" — 5121 Crestway Dr, Windcrest, TX 78239, USA"
Iglesia Pentecostal Impacto De Amor,Pentecostal,"6925 CRESTWAY RD, SAN ANTONIO, TX 78239-2343",(210) 275-1680,http://www.facebook.com/iglesiapentecostalimpactodeamor,yes,"Iglesia Pentecostal Impacto De Amor — 6925 Crestway Rd, San Antonio, TX 78239, USA"
Mount Nebo Full Gospel Baptist Worship Center Inc,Baptist,"1302 N SABINAS ST, SAN ANTONIO, TX 78207-1211",(210) 736-4302,,yes,"Mount Nebo full Baptist Gospel Center — 1302 N Sabinas St, San Antonio, TX 78207, USA"
New Vessels Ministries-Iglesia Odres Nuevos,Christian / General,"8550 ADAMS HILL DR, SAN ANTONIO, TX 78227-2335",,,no,"no confident match (name similarity 0.29 < 0.5). top result: ""Iglesla Odres Nuevos"" — 1921 El Paso St, San Antonio, TX 78207, USA"
Greater Works Ministries Of San Antonio Inc,Christian / General,"9431 PALOMINO PATH, SAN ANTONIO, TX 78254-6210",,,no,"no confident match (name similarity 0.38 < 0.5). top result: ""Greater Works Ministries Church - SA"" — 7042 Alamo Downs Pkwy #350, San Antonio, TX 78238, USA"
Christian United Church,Christian / General,"7530 BANDERA RD 160, SAN ANTONIO, TX 78238-1267",,,no,"no confident match (name similarity 0.20 < 0.5). top result: ""Christ Community Church"" — 1300 Evans Rd, San Antonio, TX 78258, USA"
All Is Well Ministries Inc,Christian / General,"638 FENWICK DR, WINDCREST, TX 78239-2533",,,no,"no confident match (name similarity 0.33 < 0.5). top result: ""At The Well Christian Ministries"" — 218 N Magnolia Ave, Luling, TX 78648, USA"
Unity Of Faith Christian Ministries International,Christian / General,"12315 JUDSON RD, LIVE OAK, TX 78233-3277",(210) 400-4882,http://www.unityofthefaithcmi.com/,yes,"Unity of the Faith Christian Ministries International — 8022 Kitty Hawk Rd, Converse, TX 78109, USA"
Saving Faith Outreach Church,,"257 TUFTED CRST, SAN ANTONIO, TX 78253-6364",,,no,"no confident match (name similarity 0.33 < 0.5). top result: ""Faith Outreach Center international"" — 3806 Sunshine Ranch Rd, San Antonio, TX 78228, USA"
Tlc3 The Living Church,,"PO BOX 833, BOERNE, TX 78006-0833",(210) 602-8197,http://tlc3churchboerne.com/,yes,"TLC3 The Living Church — Meets at Comfort Inn conference room, 35000 I-10, Boerne, TX 78006, USA"
Greater Joy Temple Church Of God In Christ,Church of God,"407 LAVERNE AVE, SAN ANTONIO, TX 78237-2244",(210) 433-4695,http://greaterjoychurch.com/,yes,"Greater Joy Temple Church of God In Christ — 407 Laverne Ave, San Antonio, TX 78237, USA"
Iglesia Cristiana Missionera,,"8242 MANDERLY PL, CONVERSE, TX 78109-3210",,,no,"no confident match (name similarity 0.14 < 0.5). top result: ""Iglesia Unidos por el Evangelio"" — 10155 Old Cimarron Trail, Converse, TX 78109, USA"
Triumph Church Of San Antonio Inc,,"4622 DEL MAR TRL, SAN ANTONIO, TX 78251-3559",,,no,"no confident match (name similarity 0.33 < 0.5). top result: ""Triumph Church SATX"" — 11121 Westwood Loop Ste 101, San Antonio, TX 78253, USA"
Reconnect Fellowship,Christian / General,"2109 SAN PEDRO AVE, SAN ANTONIO, TX 78212-3227",(210) 902-5358,http://www.reconnectfellowship.church/,yes,"Reconnect Fellowship — 2109 San Pedro Ave, San Antonio, TX 78212, USA"
Presentation Ministry Center,Christian / General,"2003 RUIZ ST, SAN ANTONIO, TX 78207-2056",(210) 663-6055,http://presentationministrycenter.org/,yes,"Presentation Ministry Center — 2003 Ruiz St, San Antonio, TX 78207, USA"
Psm Prodigal Son Mens Ministry,Christian / General,"1009 LOMBRANO ST, SAN ANTONIO, TX 78207-1116",,,no,"no confident match (name similarity 0.33 < 0.5). top result: ""Prodigal Son House"" — 803 E Morgan Ave, Cuero, TX 77954, USA"
Exhortation Worship Center,,"6551 SAN MIGUEL WAY, CONVERSE, TX 78109-3772",,,no,"no confident match (name similarity 0.33 < 0.5). top result: ""Higher Ground Christian Worship Center"" — 9760 Rocket Ln, Converse, TX 78109, USA"
Boerne Covenant Life Church Inc,,"403 EBNER ST, BOERNE, TX 78006-2405",(830) 391-8887,,yes,"Boerne Covenant Life — 213 Oak Knoll Cir, Boerne, TX 78006, USA"
Riverview Calvary Chapel,,"1684 GREYSTONE DR, NEW BRAUNFELS, TX 78132-3208",(830) 221-8042,http://www.riverviewcalvarychapel.com/,yes,"Riverview Calvary Chapel-New Braunfels,TX — 6804 FM306, New Braunfels, TX 78132, USA"
Iglesia Cristiana Tierra Prometida Inc,,"PO BOX 769554, SAN ANTONIO, TX 78245-9351",(210) 973-7484,https://tierraprometidachurch.com/,yes,"Iglesia Cristiana Tierra Prometida Inc. — 2718 Frontier Dr Block #3, San Antonio, TX 78227, USA"
Iglesia Nuevo Renacer Inc,,"27002 SABLE RUN, BOERNE, TX 78015-6580",,,no,"no confident match (wrong state). top result: ""Iglesia Nuevo Renacer"" — 2601 Jerome Ave, Bronx, NY 10468, USA"
San Antonio Citywide Baptist Brotherhood Union,Baptist,"12918 CHIPPER XING, SAN ANTONIO, TX 78221-1171",,,no,"no confident match (name similarity 0.00 < 0.5). top result: ""City Tribe"" — 1123 E Commerce St, San Antonio, TX 78205, USA"
Christ Embassy Church San-Antonio,,"24385 WILDERNESS OAK APT 8404, SAN ANTONIO, TX 78258-7766",(210) 332-3755,https://christembassysanantonio.org/home/,yes,"Christ Embassy Church. San Antonio — 4221 Centergate St, San Antonio, TX 78217, USA"
J D Martinez Ministries,Christian / General,"134 GRANDVIEW AVE, NEW BRAUNFELS, TX 78130-6026",,,no,"no confident match (name similarity 0.00 < 0.5). top result: ""Redemption Bible Church"" — 311 FM306, New Braunfels, TX 78130, USA"
San Antonio Church Of Hope,,"14 COVE CREEK DR, SAN ANTONIO, TX 78254-5582",(210) 545-4673,http://www.hopeisreal.org/,yes,"Hope Church San Antonio — 18850 Redland Rd, San Antonio, TX 78259, USA"
City Hills Church Of Texas,,"PO BOX 1811, BOERNE, TX 78006-6811",(830) 428-3038,https://www.cityhillstx.com/,yes,"City Hills Church — 176 Enterprise Pkwy A, Boerne, TX 78006, USA"
John 3 16 Ministries Fdn,Christian / General,"PO BOX 2950, SAN ANTONIO, TX 78299-2950",,,no,"no confident match (name similarity 0.14 < 0.5). top result: ""Three:16 Church"" — 7760 Prue Rd, San Antonio, TX 78249, USA"
Clift Of The Rock Christian Community Church Inc,Christian / General,"1502 MCKINLEY AVE, SAN ANTONIO, TX 78210-0000",,,no,"no confident match (name similarity 0.29 < 0.5). top result: ""Cleft Of The Rock Church"" — 6041 Wt Montgomery, San Antonio, TX 78252, USA"
Spirit Led Ministries,Christian / General,"210 GREEN MDWS, CONVERSE, TX 78109-2504",,,no,"no confident match (name similarity 0.13 < 0.5). top result: ""Spirit Filled Family Church _ SCUC Campus"" — 851 Gulf St Ste 113, Cibolo, TX 78108, USA"
Open Door Gospel Church,,"11107 VOLLMER LN, SAN ANTONIO, TX 78254-1792",,,yes,"Open Door Gospel Church — 580 McQueeney Rd, McQueeney, TX 78123, USA"
Church Of God Inc San Antonio Texas,Church of God,"PO BOX 20334, SAN ANTONIO, TX 78220-0334",,,no,"no confident match (name similarity 0.38 < 0.5). top result: ""Church Of God Mission International Inc"" — 5307 King George Dr, San Antonio, TX 78229, USA"
Gospel Vision Music Ministries,Christian / General,"4835 LORD RD APT 2119, SAN ANTONIO, TX 78220-3545",,,no,"no confident match (name similarity 0.17 < 0.5). top result: ""Missionaries With the Vision"" — 10635 I-35 Frontage Rd, San Antonio, TX 78233, USA"
Catholic Daughters Of The Americas,Catholic,"633 WEATHERLY DR, WINDCREST, TX 78239-2026",(210) 248-8414,https://sthelenacda.com/contact-us/,yes,"Catholic Daughters of the Americas — 13842 O'Connor Rd, San Antonio, TX 78233, USA"
Atonement Lutheran Church American Lutheran Church,Lutheran,"735 CEDARHURST DR, SAN ANTONIO, TX 78227-4429",(210) 674-2020,http://www.atonementlutheransa.org/contact-us/,yes,"Atonement Lutheran Church — 735 Cedarhurst Dr, San Antonio, TX 78227, USA"
Greater Evangelist Temple Church Of,,"2942 MARTIN LUTHER KING DR, SAN ANTONIO, TX 78220-3147",(210) 224-2888,,yes,"Greater Evangelist Temple Church of God In Christ — 2946 Martin Luther King Dr, San Antonio, TX 78220, USA"
Heart Of Praise Assembly Of God,,"5595 US HIGHWAY 87 E, SAN ANTONIO, TX 78222-1501",,,no,"no confident match (name similarity 0.29 < 0.5). top result: ""Praise Cathedral Church Of God In Christ"" — 5895 Binz Engleman Rd, San Antonio, TX 78244, USA"
Love Demonstrated Ministries International - Equity Dev Svcs,Christian / General,"3806 SUNSHINE RANCH RD, SAN ANTONIO, TX 78228-2042",,,no,"no confident match (name similarity 0.10 < 0.5). top result: ""Love Family Worship Center"" — 7500 Eckhert Rd #420, San Antonio, TX 78240, USA"
Holy Spirit Power Ministries,Christian / General,"PO BOX 701333, SAN ANTONIO, TX 78270-1333",,,no,"no confident match (name similarity 0.33 < 0.5). top result: ""Holy Spirit Catholic Church"" — 8134 Blanco Rd, San Antonio, TX 78216, USA"
Sweet River Church,,"25631 WEIGELA, SAN ANTONIO, TX 78261-2821",,,no,"no confident match (name similarity 0.40 < 0.5). top result: ""River City Community Church"" — 16765 Lookout Rd, Selma, TX 78154, USA"
Word Of Faith Christian Center Church,Christian / General,"1928 BASSE RD, SAN ANTONIO, TX 78213-4608",(210) 785-9238,https://wofsa.com/,yes,"Word Of Faith Christian Center — 1928 Basse Rd, San Antonio, TX 78213, USA"
Redeemers Praise Church,,"107 S PINE ST, SAN ANTONIO, TX 78203-1128",,,no,"no confident match (name similarity 0.40 < 0.5). top result: ""Redeemer's Praise Church"" — 107 S Pine St, San Antonio, TX 78203, USA"
Agape Outreach International Worship Center,,"150 RIDGE DR, SAN ANTONIO, TX 78228-3754",,,no,"no confident match (name similarity 0.14 < 0.5). top result: ""Agape Christian Church"" — 14303 Judson Rd, San Antonio, TX 78233, USA"
Good News San Antonio Church,,"10782 PRUSINER DR, CONVERSE, TX 78109-3876",(210) 537-9900,https://www.gnmusa.org/,yes,"Good News San Antonio Church — 439 Ada St, San Antonio, TX 78223, USA"
Manhood Ministries,Christian / General,"2030 PERSIMMON DR, CIBOLO, TX 78108-3174",,,no,"no Places results for: Manhood Ministries, CIBOLO, TX"
My Fathers Business Fellowship Church,Christian / General,"PO BOX 554, CONVERSE, TX 78109-0554",,,no,"no confident match (name similarity 0.43 < 0.5). top result: ""My Father's Business Fellowship"" — 13777 Judson Rd Ste 105, San Antonio, TX 78233, USA"
Fog Ministries Inc,Christian / General,"9034 GREEN RD, CONVERSE, TX 78109-3356",,,no,"no confident match (name similarity 0.00 < 0.5). top result: ""Widow's Mite Christian Outreach Ministry"" — 306 Toepperwein Rd, Converse, TX 78109, USA"
Land Of Calvary Church,,"2011 ENCINO ALTO ST, SAN ANTONIO, TX 78259-2409",(210) 653-9103,http://www.calvarysatx.com/,yes,"Calvary Church — 3423 N Loop 1604 E, San Antonio, TX 78247, USA"
Saint Luke Baptist Church Of San Antonio,Baptist,"1903 W POPLAR ST, SAN ANTONIO, TX 78207-1134",,,no,"no confident match (name similarity 0.43 < 0.5). top result: ""St Luke Baptist Church"" — 1903 W Poplar St, San Antonio, TX 78207, USA"
Templo Jerusalem 125,,"1806 LEE ST, NEW BRAUNFELS, TX 78130-6424",,,no,"no confident match (name similarity 0.14 < 0.5). top result: ""Iglesia Bautista La Nueva Jerusalem"" — 2762 Dignowity Ave, San Antonio, TX 78208, USA"
Templo Maranatha-San Anto,,"510 AARON ST, SAN ANTONIO, TX 78221-2111",(210) 627-5661,,yes,"Templo Maranatha — 510 Aaron Pl, San Antonio, TX 78221, USA"
Christain Fellowship Ministries,Christian / General,"4827 LEGEND WELL DR, SAN ANTONIO, TX 78247-5611",,,no,"no confident match (name similarity 0.20 < 0.5). top result: ""The Fellowship of San Antonio"" — 23755 Canyon Golf Rd, San Antonio, TX 78258, USA"
Iglesia Nueva Uncion,,"410 ROSA VERDE, SAN ANTONIO, TX 78207-5611",,,no,"no confident match (name similarity 0.20 < 0.5). top result: ""Ministerios Nueva Vision"" — 4675 Callaghan Rd, San Antonio, TX 78238, USA"
Apostolic Assembly Of The Faith In Christ Jesus Inc,Apostolic,"PO BOX 240752, SAN ANTONIO, TX 78224-0752",,,yes,"Apostolic Assembly of the Faith in Christ Jesus Church — 1171 Hathcox Ave, Fort Worth, TX 76115, USA"
Abundance Ministries,Christian / General,"5024 PUNCH SHOT, SAN ANTONIO, TX 78261-2997",(210) 885-0622,,yes,"Abundance Ministries — 503 San Pedro Ave, San Antonio, TX 78212, USA"
Life Together Ministries Of Texas,Christian / General,"138 CABOT ST, SAN ANTONIO, TX 78213-4411",,,no,"no confident match (name similarity 0.17 < 0.5). top result: ""Prophetic Life Ministry"" — 18303 Cabin Rd, San Antonio, TX 78258, USA"
Renewed Life Ministries,Christian / General,"10231 BARBEQUE BAY, CONVERSE, TX 78109-4418",,,no,"no confident match (name similarity 0.17 < 0.5). top result: ""One True Light Ministries"" — 8340 FM78 Ste 6, Converse, TX 78109, USA"
International Travel And Hosting Fellowship-Rotary,Christian / General,"PO BOX 13, BOERNE, TX 78006-0013",,,no,"no confident match (name similarity 0.11 < 0.5). top result: ""Northwest Rotary Club of San Antonio"" — 12511 I-10, San Antonio, TX 78230, USA"
Potters House Christian Church,Christian / General,"9907 WINDBURN TRL, CONVERSE, TX 78109-1755",(210) 412-0738,https://www.conversechurch.com/,yes,"The Potters House Christian Church of Converse — 6130 Montgomery Dr, San Antonio, TX 78239, USA"
San Antonio Temple Of Cao Dai Tay Ninh Inc,,"124 DINN DR, SAN ANTONIO, TX 78218-3711",(210) 655-9167,http://thanhthatcaodai.org/thanh-that-san-antonio-tx-usa/,yes,"San Antonio temple of Cao Dai — 124 Dinn Dr, San Antonio, TX 78218, USA"
Buddhist Temple Of San Antonio Inc,,"6292 LOCKHILL RD, SAN ANTONIO, TX 78240-2015",(512) 694-2844,https://sanantoniobuddhistvihara.org/,yes,"San Antonio Buddhist Vihara — 6838 Raintree Forest, San Antonio, TX 78233, USA"
Friendship Church San Antonio,,"27930 ELM GRV, SAN ANTONIO, TX 78261-2001",(800) 254-7876,http://friendship.com/,yes,"Friendship Church — 14015 San Pedro Ave, San Antonio, TX 78232, USA"
Pan American Ministries Inc,Christian / General,"PO BOX 380774, SAN ANTONIO, TX 78268-7774",,,no,"no confident match (name similarity 0.00 < 0.5). top result: ""Christian Assistance Ministry"" — 110 McCullough Ave, San Antonio, TX 78215, USA"
R & K Ministries Inc,Christian / General,"224 TOWN CREEK WAY, CIBOLO, TX 78108-3043",(936) 569-8243,https://rkdistributors.com/,yes,"R & K Distributors Inc — 6821 North St, Nacogdoches, TX 75965, USA"
Cpr Ministries Inc,Christian / General,"419 RED QUILL NEST, SAN ANTONIO, TX 78253-5519",,,no,"no confident match (name similarity 0.00 < 0.5). top result: ""Prophetic Life Ministry"" — 18303 Cabin Rd, San Antonio, TX 78258, USA"
International Bible Center Church,,"2369 BENRUS BLVD, SAN ANTONIO, TX 78228-2353",(210) 434-5541,http://www.ibctx.org/,yes,"International Bible Church — 2369 Benrus Blvd, San Antonio, TX 78228, USA"
Christian Resort Minitries Inc Aka Caring Resources Ministries In,Christian / General,"2186 JACKSON KELLER RD STE 2094, SAN ANTONIO, TX 78213-2723",,,no,"no confident match (name similarity 0.10 < 0.5). top result: ""Christian Assistance Ministry"" — 110 McCullough Ave, San Antonio, TX 78215, USA"
Saint Lukes Episcopal Church,Episcopal,"11 SAINT LUKES LN, SAN ANTONIO, TX 78209-4445",,,no,"no confident match (name similarity 0.29 < 0.5). top result: ""St. Luke's Episcopal Church"" — 11 St Lukes Ln, Alamo Heights, TX 78209, USA"
St Josephs Roman Catholic Benevolent Assn,Catholic,"420 E CESAR E CHAVEZ BLVD, SAN ANTONIO, TX 78204-1310",,,no,"no confident match (name similarity 0.33 < 0.5). top result: ""St. Joseph’s Roman Catholic Chapel"" — 7815 Orland, San Antonio, TX 78213, USA"
St Cecilias Catholic Church,Catholic,"125 W WHITTIER ST, SAN ANTONIO, TX 78210-2852",(210) 533-7109,http://stceciliasa.org/,yes,"St Cecilia's Catholic Church — 125 W Whittier St, San Antonio, TX 78210, USA"
Alamo Heights Presbyterian Church,Presbyterian,"6201 BROADWAY, SAN ANTONIO, TX 78209-4562",(210) 824-0271,http://alamoheightspres.com/,yes,"Alamo Heights Presbyterian Church — 6201 Broadway, San Antonio, TX 78209, USA"
Grace Lutheran Church,Lutheran,"504 AVENUE E, SAN ANTONIO, TX 78215-1840",(210) 226-9131,http://www.gracesa.org/,yes,"Grace Lutheran Church — 504 Ave E, San Antonio, TX 78215, USA"
St Agnes Church,,"804 RUIZ ST, SAN ANTONIO, TX 78207-1628",(210) 227-8258,,yes,"St. Agnes Catholic Church — 804 Ruiz St, San Antonio, TX 78207, USA"
Alamo Heights Methodist Church,Methodist,"825 E BASSE RD, SAN ANTONIO, TX 78209-1832",(210) 826-3215,http://www.ahumc.org/,yes,"Alamo Heights United Methodist Church — 825 E Basse Rd, San Antonio, TX 78209, USA"
Central Christian Church,Christian / General,"720 N MAIN AVE, SAN ANTONIO, TX 78205-1106",(210) 227-5273,http://www.cccsa.org/,yes,"Central Christian Church — 720 N Main Ave, San Antonio, TX 78205, USA"
St Lukes Episcopal Church,Episcopal,"11 SAINT LUKES LN, SAN ANTONIO, TX 78209-4445",(210) 828-6425,http://www.slecsa.org/,yes,"St. Luke's Episcopal Church — 11 St Lukes Ln, Alamo Heights, TX 78209, USA"
St Marks Episcopal Church,Episcopal,"315 E PECAN ST, SAN ANTONIO, TX 78205-1819",(210) 226-2426,https://www.stmarks-sa.org/,yes,"St. Mark's Episcopal Church — 315 E Pecan St, San Antonio, TX 78205, USA"
St Mary Magdalens Church,,"1710 CLOWER, SAN ANTONIO, TX 78201-3540",(210) 735-5269,http://www.stmarymagdalensa.org/,yes,"St. Mary Magdalen Catholic Church — 1710 Clower, San Antonio, TX 78201, USA"
University United Methodist Church,Methodist,"5084 DE ZAVALA RD, SAN ANTONIO, TX 78249-2025",(210) 696-1033,https://www.universitysatx.org/,yes,"University Methodist Church — 5084 De Zavala Rd, San Antonio, TX 78249, USA"
St Patricks Roman Catholic Church,Catholic,"1114 WILLOW, SAN ANTONIO, TX 78208-1343",,,no,"no confident match (name similarity 0.43 < 0.5). top result: ""St Patrick's Catholic Church"" — 1114 Willow St, San Antonio, TX 78208, USA"
First Presbyterian Church Of San Antonio,Presbyterian,"404 N ALAMO ST, SAN ANTONIO, TX 78205-1918",(210) 226-0215,http://www.fpcsanantonio.org/,yes,"First Presbyterian Church — 404 N Alamo St, San Antonio, TX 78205, USA"
Christ Episcopal Church,Episcopal,"510 BELKNAP PL, SAN ANTONIO, TX 78212-3400",(210) 736-3132,http://www.cecsa.org/,yes,"Christ Episcopal Church — 510 Belknap Pl, San Antonio, TX 78212, USA"
Alamo Heights Baptist Church,Baptist,"6501 BROADWAY, SAN ANTONIO, TX 78209-4564",(210) 824-9539,http://ahbc09.org/,yes,"Alamo Heights Baptist Church — 6501 Broadway, Alamo Heights, TX 78209, USA"
Concordia Lutheran Church,Lutheran,"16801 HUEBNER RD, SAN ANTONIO, TX 78258-4456",(210) 479-1477,http://concordia.cc/,yes,"Concordia Lutheran Church — 16801 Huebner Rd, San Antonio, TX 78258, USA"
St Pauls Episcopal Church,Episcopal,"1018 E GRAYSON ST, SAN ANTONIO, TX 78208-1224",,,no,"no confident match (name similarity 0.29 < 0.5). top result: ""Saint Paul's Episcopal Church"" — 1018 E Grayson St, San Antonio, TX 78208, USA"
St Philip Of Jesus Church,,"131 BANK ST, SAN ANTONIO, TX 78204-2206",(210) 226-5024,https://www.saintphilipofjesus.org/,yes,"Saint Philip of Jesus Catholic Church — 142 E Lambert St, San Antonio, TX 78204, USA"
Congregation Beth-El,,"211 BELKNAP PL, SAN ANTONIO, TX 78212-5854",(210) 733-9135,http://www.beth-elsa.org/,yes,"Temple Beth-El — 211 Belknap Pl, San Antonio, TX 78212, USA"
Christ Lutheran Church,Lutheran,"6720 BROADWAY, SAN ANTONIO, TX 78209-3732",(210) 822-3394,http://www.clcah.org/,yes,"Christ Lutheran Church — 6720 Broadway, San Antonio, TX 78209, USA"
St Davids Episcopal Church,Episcopal,"1300 WILTSHIRE AVE, SAN ANTONIO, TX 78209-6049",(210) 824-2481,http://www.saintdavids.net/,yes,"St. David's Episcopal Church — 1300 Wiltshire Ave, San Antonio, TX 78209, USA"
University Presbyterian Church,Presbyterian,"300 BUSHNELL AVE, SAN ANTONIO, TX 78212-5334",(210) 732-9927,http://www.upcsa.org/,yes,"University Presbyterian Church — 300 Bushnell Ave, San Antonio, TX 78212, USA"
Harlandale United Methodist Church,Methodist,"6025 S FLORES, SAN ANTONIO, TX 78214-0000",(210) 922-7773,https://harlandalemethodistchurch.com/,yes,"Harlandale Methodist Church — 6025 S Flores St, San Antonio, TX 78214, USA"
South San Antonio Baptist Church,Baptist,"2483 W SOUTHCROSS BLVD, SAN ANTONIO, TX 78211-1868",(210) 922-8633,https://www.southsan.church/,yes,"South San Antonio Baptist Church — 2026 W Pyron Ave, San Antonio, TX 78211, USA"
Cjf Ministries,Christian / General,"611 BROADWAY ST, SAN ANTONIO, TX 78215-1823",(210) 226-0421,http://www.cjfm.org/,yes,"CJF Ministries — 611 Broadway, San Antonio, TX 78215, USA"
Santa Fe Episcopal Church,Episcopal,"1108 BRUNSWICK BLVD, SAN ANTONIO, TX 78211-1502",(210) 923-0822,https://santafechurchsa.wixsite.com/sfec,yes,"Santa Fe Episcopal Church — 1108 Brunswick Blvd, San Antonio, TX 78211, USA"
Christ The King Church,,"2623 PEREZ ST, SAN ANTONIO, TX 78207-2443",(210) 433-6301,http://ctksatx.com/,yes,"Christ the King Catholic Church — 2610 Perez St, San Antonio, TX 78207, USA"
Methodist Healthcare Ministries Of South Texas Inc,Methodist,"4507 MEDICAL DR, SAN ANTONIO, TX 78229-4401",(210) 692-0234,http://www.mhm.org/,yes,"Methodist Healthcare Ministries of South Texas, Inc. — 4507 Medical Dr, San Antonio, TX 78229, USA"
Highland Hills Baptist Church,Baptist,"PO BOX 1160, HELOTES, TX 78023-1160",(210) 519-6500,,yes,"Highland Hills Baptist Church — 2751 E Southcross, San Antonio, TX 78223, USA"
Woodlawn Christian Church,Christian / General,"1744 W GRAMERCY PL, SAN ANTONIO, TX 78201-5001",(210) 736-2002,http://www.wccofsa.org/,yes,"Woodlawn Christian Church — 1744 W Gramercy Pl, San Antonio, TX 78201, USA"
Presbyterian Church Usa,Presbyterian,"518 PIKE RD, SAN ANTONIO, TX 78209-3143",,,no,"no confident match (name similarity 0.33 < 0.5). top result: ""Stone Oak Cumberland Presbyterian Church"" — 20024 Crescent Oaks, San Antonio, TX 78258, USA"
United Presbyterian Church In The Usa,Presbyterian,"7201 BROADWAY STE 303, SAN ANTONIO, TX 78209-3774",,,no,"no confident match (name similarity 0.40 < 0.5). top result: ""University Presbyterian Church"" — 300 Bushnell Ave, San Antonio, TX 78212, USA"
St Pius X Catholic Church,Catholic,"7734 ROBIN REST DR, SAN ANTONIO, TX 78209-3145",,,no,"no confident match (name similarity 0.43 < 0.5). top result: ""St Pius X Parish Office"" — 3303 Urban Crest Dr, San Antonio, TX 78209, USA"
St Lukes Lutheran Church,Lutheran,"514 SANTA MONICA, SAN ANTONIO, TX 78212-1838",,,no,"no confident match (name similarity 0.33 < 0.5). top result: ""St. Luke Catholic Church"" — 4603 Manitou Dr, San Antonio, TX 78228, USA"
Mount Zion First Baptist Church,Baptist,"333 MARTIN LUTHER KING DR, SAN ANTONIO, TX 78203-1407",(210) 533-7131,https://www.mountzionfbc.org/,yes,"Mt Zion First Baptist Church — 333 Martin Luther King Dr, San Antonio, TX 78203, USA"
Immaculate Heart Of Mary Church,,"617 S SANTA ROSA AVE, SAN ANTONIO, TX 78204-3112",(210) 226-8268,http://www.ihmsatx.org/,yes,"Immaculate Heart of Mary Catholic Church — 617 S Santa Rosa Ave, San Antonio, TX 78204, USA"
First Unitarian Universalist Church Of San Antonio,,"7150 W INTERSTATE 10, SAN ANTONIO, TX 78213-3465",(210) 344-4695,https://uusat.org/,yes,"First Unitarian Universalist Church of San Antonio — 7150 I-10, San Antonio, TX 78213, USA"
Congregation Agudas Achim,,"16550 HUEBNER RD, SAN ANTONIO, TX 78248-1695",(210) 479-0307,http://www.agudas-achim.org/,yes,"Congregation Agudas Achim — 16550 Huebner Rd, San Antonio, TX 78248, USA"
Watershed Church Fka The Northridge Park Baptist Church,Baptist,"9315 BROADWAY STE 101, SAN ANTONIO, TX 78217-5403",(210) 667-4314,http://www.watershed.church/,yes,"Watershed Church — 9315 Broadway, San Antonio, TX 78217, USA"
Coker Methodist Church,Methodist,"14630 WURZBACH PKWY, SAN ANTONIO, TX 78216-5932",(210) 494-3455,https://coker.org/,yes,"Coker Methodist Church — 14630 Wurzbach Pkwy, San Antonio, TX 78216, USA"
Morningside Ministries,Christian / General,"137 W FRENCH PL, SAN ANTONIO, TX 78212-5804",(210) 734-1000,http://www.mmliving.org/,yes,"Morningside Ministries Senior Living Communities — 137 W French Pl, San Antonio, TX 78212, USA"
St Georges Episcopal Church,Episcopal,"6904 WEST AVE, SAN ANTONIO, TX 78213-1820",(210) 342-4261,http://www.saintgeorgechurch.org/,yes,"St. George Episcopal Church — 6904 West Ave, San Antonio, TX 78213, USA"
St Johns Episcopal Church,Episcopal,"312 S GUENTHER AVE, NEW BRAUNFELS, TX 78130-5639",(830) 625-2532,http://www.stjohnsnb.com/,yes,"St. John's Episcopal Church — 312 S Guenther Ave, New Braunfels, TX 78130, USA"
Congregation Rodfei Sholom Bnai Israel,,"3003 SHOLOM DR, SAN ANTONIO, TX 78230-5400",(210) 493-3557,https://www.rodfeisholom.com/,yes,"Congregation Rodfei Sholom — 3003 Sholom Dr, San Antonio, TX 78230, USA"
San Francesco Di Paola Church,,"205 PIAZZA ITALIA, SAN ANTONIO, TX 78207-3112",(210) 227-0548,http://sanfrancescodipaola.org/,yes,"San Francesco Di Paola Catholic Church — 205 Piazza Italia, San Antonio, TX 78207, USA"
Oxford United Methodist Church Of San Antonio,Methodist,"9739 HUEBNER RD, SAN ANTONIO, TX 78240-3163",(210) 696-0192,http://www.oxfordumc.org/,yes,"Oxford United Methodist Church — 9739 Huebner Rd, San Antonio, TX 78240, USA"
Emmanuel Church Revival Temple,,"8635 CALLAGHAN RD, SAN ANTONIO, TX 78230-4429",,,no,"no confident match (name similarity 0.13 < 0.5). top result: ""Emmanuel Worship Center of San Antonio"" — 16320 Huebner Rd, San Antonio, TX 78248, USA"
Zion Lutheran Church Of Helotes,Lutheran,"9944 LESLIE RD, SAN ANTONIO, TX 78254-6401",(210) 688-3090,http://www.zionsa.org/,yes,"Zion Lutheran Church — 9944 Leslie, San Antonio, TX 78254, USA"
St Helenas Episcopal Church,Episcopal,"PO BOX 1765, BOERNE, TX 78006-6765",,,no,"no confident match (name similarity 0.43 < 0.5). top result: ""St Helena's Episcopal Church & School"" — 410 N Main St, Boerne, TX 78006, USA"
Mount Olive Lutheran Church,Lutheran,"3200 W LOOP 1604 S, SAN ANTONIO, TX 78245-2778",(210) 675-6394,https://www.mtolivesa.org/,yes,"Mt. Olive Lutheran Church LCMS — 3200 TX-1604 Loop, San Antonio, TX 78245, USA"
Brookhill Baptist Church,Baptist,"631 UTOPIA LN, SAN ANTONIO, TX 78223-3313",(210) 333-4947,http://brookhillbaptistchurch.com/,yes,"Brookhill Baptist Church — 631 Utopia Ln, San Antonio, TX 78223, USA"
Crossroads Community Church Of The Nazarene,,"5834 RAY ELLISON BLVD, SAN ANTONIO, TX 78242-2029",(726) 200-3032,https://crossroadscommunitychurch.net/,yes,"Crossroads Community Church — 5834 Ray Ellison Blvd, San Antonio, TX 78252, USA"
Orthodox Ecumenical Church Inc,Orthodox,"41-8-VILLITA STREET BUILDING 1300, SAN ANTONIO, TX 78205-0000",,,no,"no confident match (name similarity 0.33 < 0.5). top result: ""St Ephraim Orthodox Church"" — 5600 Vance Jackson Rd, San Antonio, TX 78230, USA"
Chapel Hill United Methodist Church,Methodist,"4114 SW LOOP 410, SAN ANTONIO, TX 78227-4443",(210) 673-0000,https://www.chapelhillumcsa.com/,yes,"Chapel Hill United Methodist Church — 4114 SW Loop 410 rear, San Antonio, TX 78227, USA"
King Of Kings Lutheran Church,Lutheran,"13888 DREAMWOOD DR, SAN ANTONIO, TX 78233-4960",(210) 656-6508,http://www.satx-kingofkings.church/,yes,"King of Kings Lutheran Church LCMS — 13888 Dreamwood Dr, San Antonio, TX 78233, USA"
Windcrest Methodist Church,Methodist,"8101 MIDCROWN DR, WINDCREST, TX 78239-2536",(210) 654-0404,http://www.windcrestumc.org/,yes,"Windcrest United Methodist Church — 8101 Midcrown Dr, Windcrest, TX 78239, USA"
Marbach Christian Church Inc,Christian / General,"8023 MARBACH RD, SAN ANTONIO, TX 78227-1615",(210) 673-4537,,yes,"Marbach Christian Church — 8023 Marbach Rd, San Antonio, TX 78227, USA"
Grace Orthodox Presbyterian Church,Presbyterian,"5602 UTEX BLVD, SAN ANTONIO, TX 78249-1611",(210) 690-6360,http://graceopc.net/,yes,"Grace Presbyterian Church (OPC) — 5602 Utex Blvd, San Antonio, TX 78249, USA"
Laurel Street Church Of Christ,Church of Christ,"1747 W LAUREL, SAN ANTONIO, TX 78201-6126",(210) 734-7495,https://laurelstreetcoc.org/,yes,"laurel street church of christ — 1747 W Laurel St, San Antonio, TX 78201, USA"
Palm Heights Baptist Church,Baptist,"1106 W MALONE AVE, SAN ANTONIO, TX 78225-1833",(210) 461-8677,,yes,"Palm Heights Baptist Church — 1106 W Malone Ave, San Antonio, TX 78225, USA"
Church Of The Resurrection Episcopal,Episcopal,"5909 WALZEM RD, WINDCREST, TX 78218-2112",(210) 655-5484,http://www.church-resurrection.org/,yes,"Church of the Resurrection, Episcopal — 5909 Walzem Rd, Windcrest, TX 78218, USA"
Trinity Assembly Church Inc,,"5415 N LOOP 1604 E, SAN ANTONIO, TX 78247-4691",,,no,"no confident match (name similarity 0.40 < 0.5). top result: ""Trinity Baptist Church"" — 319 E Mulberry Ave, San Antonio, TX 78212, USA"
Valley Hi Assembly Of God,,"4424 SW LOOP 410, SAN ANTONIO, TX 78227-4400",,,no,"no confident match (name similarity 0.00 < 0.5). top result: ""SA Life Church"" — 4424 SW Loop 410, San Antonio, TX 78227, USA"
Medical Center Church,,"7015 WURZBACH RD, SAN ANTONIO, TX 78240-3835",(210) 614-3383,https://medicalcenterchurch.com/,yes,"Medical Center Church — 7015 Wurzbach Rd, San Antonio, TX 78240, USA"
West End Baptist Church San Antonio,Baptist,"6800 PARK TEN BLVD APT 184-W, SAN ANTONIO, TX 78213-4204",(210) 735-9658,https://www.webcsaves.org/,yes,"West End Baptist Church — 925 Culebra Rd, San Antonio, TX 78201, USA"
Valley-Hi First Baptist Church,Baptist,"6623 SW LOOP 410, SAN ANTONIO, TX 78227-4817",(210) 674-5180,http://vhfbcsa.org/,yes,"Valley Hi First Baptist Church — 6623 SW Loop 410, San Antonio, TX 78227, USA"
Shepherd Of The Hills Lutheran Church,Lutheran,"6914 WURZBACH RD, SAN ANTONIO, TX 78240-3832",(210) 614-3742,http://shepherdlutheran.com/,yes,"Shepherd of the Hills Lutheran Church, School, & Child Care — 6914 Wurzbach Rd, San Antonio, TX 78240, USA"
New Jewish Congregation,,"KELLISON TOWER SUITE 819, SAN ANTONIO, TX 78212-0000",,,no,"no confident match (name similarity 0.20 < 0.5). top result: ""Congregation Rodfei Sholom"" — 3003 Sholom Dr, San Antonio, TX 78230, USA"
Church Of Reconciliation,,"8900 STARCREST DR, SAN ANTONIO, TX 78217-4741",(210) 655-2731,https://cor-satx.org/,yes,"Episcopal Church of Reconciliation — 8900 Starcrest Dr, San Antonio, TX 78217, USA"
Oak Hills Church Inc,,"19595 IH-10 W, SAN ANTONIO, TX 78257-9520",(210) 698-6868,http://oakhillschurch.com/,yes,"Oak Hills Church - Crownridge Campus — 19595 I-10, San Antonio, TX 78257, USA"
Evangelical Assemblies Inc,Protestant / Evangelical,"425 W MAYFIELD BLVD, SAN ANTONIO, TX 78211-4336",,,no,"no confident match (name similarity 0.00 < 0.5). top result: ""First Assembly of God San Antonio"" — 13435 West Ave, San Antonio, TX 78216, USA"
Macarthur Park Church Of Christ,Church of Christ,"1907 NE LOOP 410, SAN ANTONIO, TX 78217-5321",(210) 824-7301,http://www.macarthurchurch.org/,yes,"MacArthur Park Church of Christ — 1907 NE Interstate 410 Loop, San Antonio, TX 78217, USA"
St Francis Episcopal Church,Episcopal,"4242 BLUEMEL RD, SAN ANTONIO, TX 78240-1063",(210) 696-0834,http://www.sfcsa.org/,yes,"St. Francis Episcopal Church — 4242 Bluemel Rd, San Antonio, TX 78240, USA"
Cooperative Ministries In Higher Education Inc,Christian / General,"6720 BROADWAY, SAN ANTONIO, TX 78209-3732",,,no,"no confident match (name similarity 0.00 < 0.5). top result: ""Christian Assistance Ministry"" — 110 McCullough Ave, San Antonio, TX 78215, USA"
San Antonio Friends Chapel Inc,,"314 S PARK BLVD, SAN ANTONIO, TX 78204-2439",,,no,"no confident match (name similarity 0.43 < 0.5). top result: ""San Antonio Friends Meeting (Quaker)"" — 7052 N Vandiver Rd, San Antonio, TX 78209, USA"
Radiant Church,,"603 COSGROVE ST, SAN ANTONIO, TX 78210-5532",(512) 697-9110,https://www.radiantaustin.com/,yes,"Radiant Church — 1205 Round Rock Ave Ste 109, Round Rock, TX 78681, USA"
Mexican American Catholic College,Catholic,"3115 W ASHBY PL, SAN ANTONIO, TX 78228-5100",(210) 732-2156,https://maccsa.org/,yes,"Mexican American Catholic College — 3115 W Ashby Pl, San Antonio, TX 78228, USA"
Alliance Bible Church Of The Christian And Missionary Alliance,Christian / General,"9310 PALOMINO PATH, SAN ANTONIO, TX 78254-6209",,,no,"no confident match (name similarity 0.33 < 0.5). top result: ""Community Bible Church"" — 2477 N Loop 1604 E, San Antonio, TX 78232, USA"
Unity Church Of San Antonio,,"8103 BROADWAY STE 210, SAN ANTONIO, TX 78209-1970",(210) 824-7351,http://unityofsa.org/,yes,"Unity of San Antonio — 1723 W Lawndale Dr, San Antonio, TX 78209, USA"
Place Of Grace Fellowship,Christian / General,"2938 NACOGDOCHES RD, SAN ANTONIO, TX 78217-5019",(210) 822-5040,http://pgf.church/,yes,"Place of Grace Fellowship — 2938 Nacogdoches Rd, San Antonio, TX 78217, USA"
Our Savior Evangelical Lutheran Church Of San Antonio,Lutheran,"11503 VANCE JACKSON RD, SAN ANTONIO, TX 78230-1808",,,no,"no confident match (name similarity 0.43 < 0.5). top result: ""Our Savior Lutheran"" — 11503 Vance Jackson Rd, San Antonio, TX 78230, USA"
Gateway Baptist Church,Baptist,"6623 FIVE PALMS DR, SAN ANTONIO, TX 78242-1001",(210) 674-5703,,yes,"Gateway Church — 6623 Five Palms Dr, San Antonio, TX 78242, USA"
First Baptist Church Of Leon Springs,Baptist,"24133 BOERNE STAGE RD, SAN ANTONIO, TX 78255-9517",(210) 698-2880,http://leonsprings.org/,yes,"Leon Springs Baptist Church — 24133 Boerne Stage Rd, San Antonio, TX 78255, USA"
Western Hills Christian Church,Christian / General,"8535 HUEBNER RD, SAN ANTONIO, TX 78240-1804",(210) 690-9327,http://whccsa.org/,yes,"Western Hills Christian Church — 8535 Huebner Rd, San Antonio, TX 78240, USA"
New Braunfels Christian Church,Christian / General,"734 LOOP 337, NEW BRAUNFELS, TX 78130-3633",(830) 629-2202,https://newbraunfelschristianchurch.org/,yes,"New Braunfels Christian Church — 734 TX-337 Loop, New Braunfels, TX 78130, USA"
Faith Assembly Of God,,"8023 HUEBNER RD, SAN ANTONIO, TX 78240-2206",,,no,"no confident match (name similarity 0.25 < 0.5). top result: ""Faith Church"" — 8023 Huebner Rd, San Antonio, TX 78240, USA"
Prospect Hill Church Of God,Church of God,"1806 SAUNDERS AVE, SAN ANTONIO, TX 78207-4230",,,no,"no confident match (name similarity 0.33 < 0.5). top result: ""Shepherd of The Hills Church of God"" — 6703 Fairdale Dr, San Antonio, TX 78218, USA"
Maranatha Baptist Church Of Bexar County Texas,Baptist,"PO BOX 29291, SAN ANTONIO, TX 78229-0291",,,no,"no confident match (name similarity 0.29 < 0.5). top result: ""Maranatha Bible Church"" — 7855 TX-1604 Loop, Converse, TX 78109, USA"
Echoes Of Truth Full Gospel Church,,"139 DENVER BLVD, SAN ANTONIO, TX 78210-1839",,,no,"no confident match (name similarity 0.33 < 0.5). top result: ""Love Gospel Church"" — 8102 Cross Crk, San Antonio, TX 78218, USA"
St Mark The Evangelist Catholic Church,Catholic,"1602 THOUSAND OAKS DR, SAN ANTONIO, TX 78232-2338",(210) 494-1606,http://www.stmarkevangelist.com/,yes,"St Mark The Evangelist Catholic Church — 1602 Thousand Oaks Dr, San Antonio, TX 78232, USA"
Saint Andrews Episcopal Church Of San Antonio,Episcopal,"6110 NW LOOP 410, SAN ANTONIO, TX 78238-3305",,,no,"no confident match (name similarity 0.22 < 0.5). top result: ""St Andrew's Episcopal Church"" — 6110 Northwest Loop 410, San Antonio, TX 78238, USA"
Friends Of Israel Messianic Church,,"6936 SAN PEDRO, SAN ANTONIO, TX 78216-6205",,,no,"no confident match (name similarity 0.14 < 0.5). top result: ""Congregation Israel of San Antonio"" — 2652 Inwood Briar, San Antonio, TX 78248, USA"
Chapel Of The Way Inc,,"7231 MARBLE CREEK DR, SAN ANTONIO, TX 78238-2721",,,no,"no confident match (name similarity 0.25 < 0.5). top result: ""Wayside Chapel"" — 1705 Northwest Loop 410, San Antonio, TX 78213, USA"
Believers Bible Fellowship,Christian / General,"5059 LANCELOT DR, SAN ANTONIO, TX 78218-2739",(210) 656-2000,http://bfsatx.org/,yes,"Believers Fellowship — 13714 Lookout Rd, San Antonio, TX 78233, USA"
Chrysalis Ministries,Christian / General,"509 SAN PEDRO AVE, SAN ANTONIO, TX 78212-5076",(210) 299-4540,http://www.chrysmin.org/,yes,"Chrysalis Ministries, Inc. — 509 San Pedro Ave, San Antonio, TX 78212, USA"
University Baptist Church San Antonio,Baptist,"6465 BABCOCK RD, SAN ANTONIO, TX 78249-2955",(210) 699-1065,http://ubcsa.org/,yes,"University Baptist Church — 6465 Babcock Rd, San Antonio, TX 78249, USA"
Divine Science Church Of Today,,"PO BOX 591475, SAN ANTONIO, TX 78259-0123",,,no,"no confident match (name similarity 0.00 < 0.5). top result: ""Unity of San Antonio"" — 1723 W Lawndale Dr, San Antonio, TX 78209, USA"
San Antonio Pecan Valley Foursquare Church,,"3302 E SOUTHCROSS BLVD, SAN ANTONIO, TX 78223-1922",,,no,"no confident match (name similarity 0.43 < 0.5). top result: ""Pecan Valley Family Church"" — 3302 E Southcross, San Antonio, TX 78223, USA"
Ariel Ministries,Christian / General,"11926 RADIUM ST, SAN ANTONIO, TX 78216-2713",(210) 344-7707,https://www.ariel.org/,yes,"Ariel Ministries — 11926 Radium St, San Antonio, TX 78216, USA"
Sherman Chapel Ame Church,,"8326 MEADOW FOREST ST, SAN ANTONIO, TX 78251-2307",,,no,"no confident match (name similarity 0.33 < 0.5). top result: ""Sherman A.M.E. Church"" — 603 Erline Ave, San Antonio, TX 78237, USA"
Hope Lutheran Day Care Center,Lutheran,"5714 CALLAGHAN RD, SAN ANTONIO, TX 78228-1101",(210) 433-2011,https://hope4learning.net/,yes,"Hope Lutheran Learning Center — 5714 Callaghan Rd, San Antonio, TX 78228, USA"
Madison Hills Baptist Church,Baptist,"15413 OCONNOR RD, SAN ANTONIO, TX 78247-1702",(210) 656-3946,http://www.madisonhills.com/,yes,"Madison Hills Baptist Church — 15413 O'Connor Rd, San Antonio, TX 78247, USA"
Camelot Christian Center Of The Assemblies Of God,Christian / General,"7620 RAY BON DR, SAN ANTONIO, TX 78218-2800",(210) 655-4261,http://www.camelotchristiancenter.com/,yes,"Camelot Christian Center — 7620 Ray Bon Dr, San Antonio, TX 78218, USA"
Believers Fellowship Of San Antonio,Christian / General,"13714 LOOKOUT RD, SAN ANTONIO, TX 78233-4518",(210) 656-2000,http://bfsatx.org/,yes,"Believers Fellowship — 13714 Lookout Rd, San Antonio, TX 78233, USA"
Christian Assistance Ministry Inc,Christian / General,"110 MCCULLOUGH AVE, SAN ANTONIO, TX 78215-1829",(210) 223-4099,https://christianassistanceministry.org/,yes,"Christian Assistance Ministry — 110 McCullough Ave, San Antonio, TX 78215, USA"
Church Of The Lord Jesus Christ,,"6134 BIRCH VALLEY DR, SAN ANTONIO, TX 78242-1510",,,no,"no confident match (name similarity 0.43 < 0.5). top result: ""The Church of Jesus Christ of Latter-day Saints"" — 645 Knights Cross Dr, San Antonio, TX 78258, USA"
Calvary Chapel Incorporated,,"PO BOX 6780, SAN ANTONIO, TX 78209-0780",,,no,"no confident match (name similarity 0.40 < 0.5). top result: ""Calvary Chapel of San Antonio"" — 2935 Pat Booker Rd Ste 118, Universal City, TX 78148, USA"
Spiritual Church Of Innerlight,,"223 WEST MAYFIELD, SAN ANTONIO, TX 78221-1204",,,no,"no confident match (name similarity 0.17 < 0.5). top result: ""New Living Spiritual Center"" — 702 Donaldson Ave #111, San Antonio, TX 78201, USA"
Northwest Church Of Christ Of San Antonio Texas,Church of Christ,"9681 W LOOP 1604 N, SAN ANTONIO, TX 78254-5303",(210) 688-3002,http://www.nwchurch.us/,yes,"Northwest Church of Christ — 9681 W Loop 1604 N, San Antonio, TX 78254, USA"
Life Family Church,,"9226 PROCLAMATION DR, SAN ANTONIO, TX 78240-2841",,,no,"no confident match (name similarity 0.33 < 0.5). top result: ""Christian Family Church San Antonio"" — 3607 N Loop 1604 E, San Antonio, TX 78247, USA"
St Josephs Roman Catholic Benevolent Cemetary Care Fund,Catholic,"420 E CESAR E CHAVEZ BLVD, SAN ANTONIO, TX 78204-1310",,,no,"no confident match (name similarity 0.27 < 0.5). top result: ""St. Joseph’s Roman Catholic Chapel"" — 7815 Orland, San Antonio, TX 78213, USA"
La Iglesia Del Senor Inc-The Church Of The Lord Inc,,"3502 WEST AVE, SAN ANTONIO, TX 78213-3600",,,no,"no confident match (name similarity 0.40 < 0.5). top result: ""La Iglesia Del Señor - LIDS Church"" — 3502 West Ave, San Antonio, TX 78213, USA"
Southeast San Antonio Cooperative Presbyterian Ministry,Presbyterian,"1602 GOLIAD RD, SAN ANTONIO, TX 78223-2722",,,no,"no confident match (name similarity 0.13 < 0.5). top result: ""San Pedro Church"" — 14900 San Pedro Ave, San Antonio, TX 78232, USA"
Primera Iglesia Cristiana De San Antonio Un Nuevo Comienzo,,"PO BOX 33651, SAN ANTONIO, TX 78265-3651",,,no,"no confident match (name similarity 0.30 < 0.5). top result: ""PICSA Un Nuevo Comienzo"" — 1501 Guadalupe St, San Antonio, TX 78207, USA"
Calvary Baptist Church,Baptist,"6142 FM 78, SAN ANTONIO, TX 78244-1032",(210) 222-1541,http://www.calvarybcsa.org/,yes,"Calvary Baptist Church — 6142 FM78, San Antonio, TX 78244, USA"
The New Testament Ministries Of San Antonio,Christian / General,"1248 FREIHEIT RD, NEW BRAUNFELS, TX 78130-2759",(210) 852-3639,http://www.ntcmsanantonio.org/,yes,"New Testament Christian Mission International - San Antonio — 2411 NE Interstate 410 Loop #114, San Antonio, TX 78217, USA"
Antioch Missionary Baptist Church,Baptist,"1001 N WALTERS, SAN ANTONIO, TX 78202-2555",(210) 225-2452,http://www.antiochsat.org/,yes,"Antioch Missionary Baptist Church — 1001 N Walters St, San Antonio, TX 78202, USA"
St Anthony The Great Orthodox Church,Orthodox,"103 CAROLINA ST, SAN ANTONIO, TX 78210-1509",(210) 533-2492,http://orthodoxsanantonio.org/,yes,"Saint Anthony the Great Orthodox Church — 103 Carolina St, San Antonio, TX 78210, USA"
All Is Possible Chapel Inc,,"126 CHICKERING AVE, SAN ANTONIO, TX 78210-5648",,,no,"no confident match (name similarity 0.13 < 0.5). top result: ""San Antonio Bible Chapel"" — 135 W Cheryl Dr, San Antonio, TX 78228, USA"
Templo Gozo Nuevo Inc,,"3311 S FLORES ST, SAN ANTONIO, TX 78204-2806",,,no,"no confident match (wrong state). top result: ""Nuevo Gozo Church"" — 11737 W Valentine St, El Mirage, AZ 85335, USA"
Shavano Baptist Church San Antonio,Baptist,"5047 DE ZAVALA RD, SAN ANTONIO, TX 78249-2024",(210) 696-0826,https://shavanobaptist.org/,yes,"Shavano Baptist Church — 5047 De Zavala Rd, San Antonio, TX 78249, USA"
Randolph Christian Church,Christian / General,"PO BOX 475, SCHERTZ, TX 78154-0475",(210) 659-1373,https://randolphcofc.org/web/,yes,"Randolph Church of Christ — 1032 Pat Booker Rd, Universal City, TX 78148, USA"
St Anthonys Anglican Catholic Church,Catholic,"47 PECAN VALLEY CIR, SAN ANTONIO, TX 78223-1671",,,no,"no confident match (name similarity 0.38 < 0.5). top result: ""St. Anthony de Padua Catholic Church"" — 102 Lorenz Rd, San Antonio, TX 78209, USA"
Westridge Park First Baptistchurch,Baptist,"522 SW 42ND ST, SAN ANTONIO, TX 78237-2211",(210) 432-2242,,yes,"Westridge Park First Baptist Church — San Antonio, TX 78237, USA"
Church Of The Good Shepherd Orthodox Order Of St Benedict In A,Orthodox,"517 BURNET, SAN ANTONIO, TX 78202-1940",,,no,"no confident match (name similarity 0.25 < 0.5). top result: ""St. Antony The Great Coptic Orthodox Church & Retreat Center"" — 153 Borgfeld Dr, San Antonio, TX 78260, USA"
First Mexican Baptist Church,Baptist,"201 MEREDITH DR, SAN ANTONIO, TX 78228-3231",(210) 737-6113,http://www.pibmsa.org/,yes,"First Mexican Baptist Church of San Antonio — 201 Meredith Dr, San Antonio, TX 78228, USA"
Lion Of Zion Temple Of Christ No 1,,"ROUTE 1 BOX 205K PKEIL RD, CONVERSE, TX 78109-9801",,,no,"no confident match (name similarity 0.00 < 0.5). top result: ""North Street"" — North St, Converse, TX 78109, USA"
Church Of Natural Hygienic Living,,"815 S BROWNLEAF ST, SAN ANTONIO, TX 78227-1258",,,no,"no confident match (name similarity 0.14 < 0.5). top result: ""New Living Spiritual Center"" — 702 Donaldson Ave #111, San Antonio, TX 78201, USA"
Bethesda Church Inc,,"527 MENEFEE BLVD, SAN ANTONIO, TX 78207-7835",(210) 309-9833,,yes,"Bethesda Church — 527 Menefee Blvd, San Antonio, TX 78207, USA"
Discipleship Tape Ministries Inc,Christian / General,"PO BOX 782256, SAN ANTONIO, TX 78278-2256",(210) 226-0000,http://www.dtm.org/,yes,"Discipleship Tape Ministries — 8516 Speedway Dr, San Antonio, TX 78230, USA"
Church Of The Holy Spirit,,"11093 BANDERA RD, SAN ANTONIO, TX 78250-6814",(210) 341-1395,https://www.holyspiritsa.org/,yes,"Holy Spirit Catholic Church — 8134 Blanco Rd, San Antonio, TX 78216, USA"
Seedtime & Harvest Ministries Inc,Christian / General,"8635 CALLAGHAN RD, SAN ANTONIO, TX 78230-4429",,,no,"no confident match (name similarity 0.25 < 0.5). top result: ""JOY MINISTRIES/Harvest Time Christian Fellowship"" — 10503 Roosevelt Ave, San Antonio, TX 78214, USA"
New Braunfels Tree Of Life Fellowship Incorporated,Christian / General,"5513 IH 35 SOUTH, NEW BRAUNFELS, TX 78132-0000",,,no,"no confident match (name similarity 0.29 < 0.5). top result: ""Tree of Life Church"" — 5513 I-35, New Braunfels, TX 78132, USA"
Connection Point Church Of The Nazarene,,"210 W KLEIN RD, NEW BRAUNFELS, TX 78130-9628",,,no,"no confident match (name similarity 0.33 < 0.5). top result: ""New Braunfels Church Of The Nazarene"" — 210 W Klein Rd, New Braunfels, TX 78130, USA"
Harmony Baptist Church,Baptist,"12088 OLD CORPUS CHRISTI HWY, SAN ANTONIO, TX 78223-9314",(210) 633-0280,http://servinginharmony.org/,yes,"Harmony Baptist Church — 12088 Old Corpus Christi Hwy, San Antonio, TX 78223, USA"
Atonement Lutheran Church,Lutheran,"735 CEDARHURST DR, SAN ANTONIO, TX 78227-4429",(210) 674-2020,http://www.atonementlutheransa.org/contact-us/,yes,"Atonement Lutheran Church — 735 Cedarhurst Dr, San Antonio, TX 78227, USA"
Christ Redeemer Church,,"16875 JONES MALTSBERGER RD, SAN ANTONIO, TX 78247-2807",,,no,"no confident match (name similarity 0.33 < 0.5). top result: ""Redeemer Community Church of San Antonio"" — 5538 Research Dr, San Antonio, TX 78240, USA"
Freedom Fellowship Of New Braunfels Church,Christian / General,"410 OAK RUN PT, NEW BRAUNFELS, TX 78132-3871",(830) 625-1288,http://www.freedomnb.org/,yes,"Freedom Fellowship Church — 410 Oak Run Point, New Braunfels, TX 78132, USA"
Non-Denominational Temple Of Christ,,"115 CONNELLY STREET, SAN ANTONIO, TX 78203-1705",,,no,"no confident match (name similarity 0.14 < 0.5). top result: ""CHRIST IS KING CHURCH"" — 8635 Callaghan Rd Bldg. 2, San Antonio, TX 78230, USA"
St Philips Episcopal Church,Episcopal,"1310 PECAN VALLEY DR, SAN ANTONIO, TX 78210-3416",(210) 333-6256,https://www.stphilips-sat.org/,yes,"St Philips Episcopal Church — 1310 Pecan Valley Dr Building 3, San Antonio, TX 78210, USA"
Bethany Missionary Baptist Church,Baptist,"153 LAWTON ST, SAN ANTONIO, TX 78237-3245",(210) 436-7296,http://www.bethanysanantonio.com/,yes,"Bethany Missionary Baptist Church — 153 Lawton St, San Antonio, TX 78237, USA"
International Church Of The Four Square Gospel,,"430 FM 306, NEW BRAUNFELS, TX 78130-2554",,,no,"no confident match (name similarity 0.13 < 0.5). top result: ""Life Church New Braunfels"" — 360 McKenna Ave, New Braunfels, TX 78130, USA"
Kingdom Life Fellowship,Christian / General,"PO BOX 65057, SAN ANTONIO, TX 78265-5057",,,no,"no confident match (name similarity 0.33 < 0.5). top result: ""Kingdom Life Christian Ministries Inc."" — 10635 I-35, San Antonio, TX 78233, USA"
Calvary Temple Assembly Of God Church,,"14335 OCONNOR RD, SAN ANTONIO, TX 78247-1815",(210) 657-3578,http://www.ctagsa.org/,yes,"ct|church (Calvary Temple Assembly of God) — 14335 O'Connor Rd, San Antonio, TX 78247, USA"
Woodlake Baptist Church,Baptist,"6980 WOODLAKE CLUB DR, SAN ANTONIO, TX 78244-1307",(210) 661-5415,http://www.wbcsatx.org/,yes,"Woodlake Baptist Church — 6980 Woodlake Club Dr, San Antonio, TX 78244, USA"
Calvary Fellowship,Christian / General,"381 E RAMSEY RD, SAN ANTONIO, TX 78216-4636",,,no,"no confident match (name similarity 0.20 < 0.5). top result: ""Calvary Chapel of San Antonio"" — 2935 Pat Booker Rd Ste 118, Universal City, TX 78148, USA"
El Salvador Assembly Of God,,"201 ODELL ST, SAN ANTONIO, TX 78212-1649",(210) 829-4877,http://elsalvadorchurch.org/,yes,"El Salvador Assembly of God — 201 Odell St, San Antonio, TX 78212, USA"
Church Of God Of Prophecy,Church of God,"718 W PYRON AVE, SAN ANTONIO, TX 78221-1213",,,no,"no confident match (name similarity 0.00 < 0.5). top result: ""Prophetic Life Ministry"" — 18303 Cabin Rd, San Antonio, TX 78258, USA"
Northcliff Interdenominational Community Church,,"8590 CRESTWAY DR, CONVERSE, TX 78109-3425",,,no,"no confident match (name similarity 0.17 < 0.5). top result: ""Northeast Church of Christ"" — 8195 FM78, Converse, TX 78109, USA"
El Sendero De La Cruz Assembly Of God,,"5408 DAUGHTRY DR, SAN ANTONIO, TX 78238-1957",,,no,"no confident match (name similarity 0.43 < 0.5). top result: ""Sendero Assembly Of God"" — 5408 Daughtry Dr, San Antonio, TX 78238, USA"
Greater Corinth Baptist Church,Baptist,"500 S NEW BRAUNFELS AVE, SAN ANTONIO, TX 78203-1739",(210) 533-7991,http://gcbc-sa.org/,yes,"Corinth Baptist Church — 500 S New Braunfels Ave, San Antonio, TX 78203, USA"
Oasis Of Life Church,,"PO BOX 37252, SAN ANTONIO, TX 78237-0252",,,yes,"Oasis of Life Church — 5411 W Commerce St, San Antonio, TX 78237, USA"
Our Lady Of Fatima Roman Catholic Chapel,Catholic,"2203 GREENCREST DR, SAN ANTONIO, TX 78213-4443",,,no,"no confident match (name similarity 0.33 < 0.5). top result: ""St. Joseph’s Roman Catholic Chapel"" — 7815 Orland, San Antonio, TX 78213, USA"
St Margarets Episcopal Church,Episcopal,"5310 STAHL RD, SAN ANTONIO, TX 78247-1522",(210) 657-3328,http://stmargs.org/,yes,"St Margarets Episcopal Church — 5310 Stahl Rd, San Antonio, TX 78247, USA"
The Transformation Place Worship Center,,"903 S PALMETTO AVE, SAN ANTONIO, TX 78210-2037",,,no,"no confident match (name similarity 0.40 < 0.5). top result: ""The Transformation Place SA"" — 903 S Palmetto Ave, San Antonio, TX 78210, USA"
Familia Church,,"106 DODGE RD, BOERNE, TX 78006-8525",(830) 443-0390,https://www.myfamiliachurch.com/,yes,"Familia Church — 5440 Vance Jackson Rd, San Antonio, TX 78230, USA"
First Assembly Of God,,"13435 WEST AVE, SAN ANTONIO, TX 78216-2006",(210) 496-9977,http://www.firstagsa.com/,yes,"First Assembly of God San Antonio — 13435 West Ave, San Antonio, TX 78216, USA"
Born Again Temple Inc,,"3802 W SALINAS ST, SAN ANTONIO, TX 78207-2719",,,no,"no confident match (name similarity 0.29 < 0.5). top result: ""Born Again Ministries of San Antonio"" — 4071 N Foster Rd Bldg. B, San Antonio, TX 78244, USA"
Crown Of Life Lutheran Church,Lutheran,"19291 STONE OAK PKWY, SAN ANTONIO, TX 78258-3254",(210) 490-6886,http://www.crownoflifesa.org/,yes,"Crown of Life Lutheran Church — 19291 Stone Oak Pkwy, San Antonio, TX 78258, USA"
Northeast Baptist Church,Baptist,"2930 MACARTHUR VW, SAN ANTONIO, TX 78217-4506",(210) 651-5462,https://nebc.ch/,yes,"Northeast Bible Church — 19185 FM 2252, Garden Ridge, TX 78266, USA"
Boerne Bible Evangelical Free Church,Protestant / Evangelical,"1026 E BLANCO RD, BOERNE, TX 78006-1802",(830) 249-2343,http://www.boernebiblechurch.org/,yes,"Boerne Bible Church — 1026 E Blanco Rd, Boerne, TX 78006, USA"
San Antonio Metropolitan Ministry Inc,Christian / General,"1919 NW LOOP 410 STE 100A, SAN ANTONIO, TX 78213-2307",(210) 340-0302,https://www.samm.org/,yes,"San Antonio Metropolitan Ministry — 910 W Commerce St, San Antonio, TX 78207, USA"
Abiding Presence Lutheran Church,Lutheran,"14700 SAN PEDRO AVE, SAN ANTONIO, TX 78232-4352",(210) 494-8884,http://aplc.org/,yes,"Abiding Presence Lutheran Church and Day School — 14700 San Pedro Ave, San Antonio, TX 78232, USA"
Real Life Community Church,,"1615 FM 1044, NEW BRAUNFELS, TX 78130-1225",,,no,"no confident match (name similarity 0.20 < 0.5). top result: ""RealLife Church"" — 1615 FM1044, New Braunfels, TX 78130, USA"
Las Misione District Of The Rio Texas Conference United Methodist,Methodist,"16400 HUEBNER RD, SAN ANTONIO, TX 78248-1693",(210) 408-4500,http://www.riotexas.org/,yes,"Rio Texas Annual Conference - United Methodist Church — 16400 Huebner Rd, San Antonio, TX 78248, USA"
Expect A Miracle Church,,"2707 DAY CRK, SAN ANTONIO, TX 78251-2374",(210) 432-7090,https://expectamiraclechurch.org/,yes,"Expect A Miracle Church — 1438 E Sunshine Dr, San Antonio, TX 78228, USA"
Rehoboth Temple No 2 Church Of Our Lord Jesus Christ,,"407 CRESWELL DR, SAN ANTONIO, TX 78220-2607",,,no,"no Places results for: Rehoboth Temple No 2 Church Of Our Lord Jesus Christ, SAN ANTONIO, TX"
Bellaire Church Of Christ,Church of Christ,"BOX 21327, SAN ANTONIO, TX 78221-0327",(210) 818-5129,http://www.vfaith.org/,yes,"Bellaire Baptist Church — 105 Clovis Pl, San Antonio, TX 78221, USA"
Christian Methodist Episcopal Church,Methodist,"817 IOWA ST, SAN ANTONIO, TX 78203-1609",,,no,"no confident match (name similarity 0.40 < 0.5). top result: ""Christ Episcopal Church"" — 510 Belknap Pl, San Antonio, TX 78212, USA"
Somerset Baptist Church,Baptist,"19961 SOMERSET RD, SOMERSET, TX 78069-3338",(830) 429-3683,https://www.somersetbaptist.church/,yes,"Somerset Baptist Church — 19961 Somerset Rd, Somerset, TX 78069, USA"
Iglesia Bethel Ministries Inc,Christian / General,"8916 CHILMARK PATH, SAN ANTONIO, TX 78263-2007",(210) 922-8292,http://www.sabethel.com/,yes,"Iglesia Bethel — 1610 Gillette Blvd, San Antonio, TX 78224, USA"
Hindu Temple Of San Antonio,,"4831 WESLEYAN ST, SAN ANTONIO, TX 78249-1753",(210) 695-9400,http://www.hindutemplesatx.org/,yes,"Hindu Temple of San Antonio — 18518 Bandera Rd, Helotes, TX 78023, USA"
Mount Gilead Baptist Church,Baptist,"1319 E CROCKETT ST, SAN ANTONIO, TX 78202-2906",(210) 227-4835,https://www.facebook.com/groups/560396992044898/,yes,"Mt Gilead Baptist Church SATX — 1319 E Crockett St, San Antonio, TX 78202, USA"
San Antonio Christian Church,Christian / General,"6487 WHITBY RD, SAN ANTONIO, TX 78240-2131",(210) 818-8603,https://www.sacctx.org/,yes,"San Antonio Christian Church — 6487 Whitby Rd, San Antonio, TX 78240, USA"
Armenian Church Of San Antonio,,"13807 LAUREL HOLLOW, SAN ANTONIO, TX 78232-5410",,,no,"no confident match (name similarity 0.14 < 0.5). top result: ""St Ephraim Orthodox Church"" — 5600 Vance Jackson Rd, San Antonio, TX 78230, USA"
Word Of Life Bible Church,,"5430 SCHERTZ RD # 32, SAN ANTONIO, TX 78233-6023",,https://revivalwordoflifechurch.org/,yes,"Revival Word of Life Church — 1307 Blanco Woods, San Antonio, TX 78248, USA"
Wayside Chapel Evangelical Free Church,Protestant / Evangelical,"1705 NW LOOP 410, SAN ANTONIO, TX 78213-2423",(210) 344-1203,http://waysidechapel.org/,yes,"Wayside Chapel — 1705 Northwest Loop 410, San Antonio, TX 78213, USA"
Lilly Of The Valley Missionary Baptist Church,Baptist,"134 CARDIFF AVE, SAN ANTONIO, TX 78220-1307",(210) 223-5975,http://lilly-missionary.jany.io/,yes,"Lilly of the Valley Missionary — 134 Cardiff Ave, San Antonio, TX 78220, USA"
Catholic Center For Charismatic Renewal,Catholic,"1707 S FLORES ST, SAN ANTONIO, TX 78204-1926",(210) 226-7545,https://cccrsa.net/charismaticcenter/,yes,"Catholic Center-Charismatic — 1707 S Flores St, San Antonio, TX 78204, USA"
Northwest Assembly Of God,,"2714 HUNTERS GREEN ST, SAN ANTONIO, TX 78231-1613",(210) 492-5531,http://www.northwestag.org/,yes,"Northwest Assembly of God — 2714 Hunters Grn Dr, San Antonio, TX 78231, USA"
Mt Sinai Baptist Church,Baptist,"2157 BURNET ST, SAN ANTONIO, TX 78202-2602",(210) 223-2819,,yes,"Mt Sinai Missionary Baptist Church — 2157 Burnet St, San Antonio, TX 78202, USA"
New Testament Apostolic Church Incorporated,Apostolic,"147 DOOLITTLE ST, SAN ANTONIO, TX 78211-4107",(210) 675-6155,,yes,"New Testament Church — 5518 Walzem Rd #100, San Antonio, TX 78218, USA"
Nehemiah House Fellowship Ministry,Christian / General,"2222 RIVAS ST, SAN ANTONIO, TX 78228-6442",,,no,"no confident match (name similarity 0.25 < 0.5). top result: ""My Friend’s House Christian Fellowship"" — 2222 Reyes Ln, San Antonio, TX 78245, USA"
Summit Christian Center,Christian / General,"2575 MARSHALL ROAD, SAN ANTONIO, TX 78259-1608",,,no,"no confident match (name similarity 0.25 < 0.5). top result: ""Summit Church"" — 2575 Summit Church Rd, San Antonio, TX 78259, USA"
Word Of Truth Ministries Inc,Christian / General,"RT 1 BOX 395-D, NEW BRAUNFELS, TX 78130-9801",,,yes,"Word of Truth Ministries-Texas — 1413 E Spring Valley Rd, Richardson, TX 75081, USA"
Christian Bible Fellowship,Christian / General,"2119 FORT DONELSON DR, SAN ANTONIO, TX 78245-2009",(210) 699-6511,http://www.fbcsatx.com/,yes,"Fellowship Bible Church — 8603 Huebner Rd, San Antonio, TX 78240, USA"
River City Living Church,,"702 DONALDSON AVE, SAN ANTONIO, TX 78201-4851",(210) 490-5262,http://www.reallife.org/,yes,"River City Community Church — 16765 Lookout Rd, Selma, TX 78154, USA"
Taiwanese Christian Church Of San Antonio,Christian / General,"4223 TALL ELM WOODS, SAN ANTONIO, TX 78249-2037",(210) 920-1871,http://sachinesechurch.org/,yes,"San Antonio Chinese Church — 7015 Wurzbach Rd, San Antonio, TX 78240, USA"
Hope Center Church,,"4545 N LOOP 1604 W, SAN ANTONIO, TX 78249-1318",(210) 764-3100,http://www.hopecenterchurch.com/,yes,"Hope Center Church — 4545 N Loop 1604 W, San Antonio, TX 78249, USA"
El Shaddai Life Ministries Church,Christian / General,"107 SCENIC LOOP RD, BOERNE, TX 78006-8609",(713) 640-2852,http://shaddaiministries.org/,yes,"El Shaddai Ministries of Houston — 1002 Forest Oaks Dr, Houston, TX 77017, USA"
Faith Apostolic Church Of Selma Texas Inc,Apostolic,"4720 E FM 1518 N, SCHERTZ, TX 78154-1737",(210) 651-9014,,yes,"Faith Apostolic Church — 4720 FM1518, Selma, TX 78154, USA"
Grace First Baptist Church,Baptist,"2514 OBSERVATION DR, SAN ANTONIO, TX 78227-3323",(210) 674-3652,http://gracefbc.org/,yes,"Grace First Baptist Church — 2514 Observation Dr, San Antonio, TX 78227, USA"
Anointed Word Ministries Inc,Christian / General,"PO BOX 190009, SAN ANTONIO, TX 78220-7000",,,no,"no confident match (name similarity 0.33 < 0.5). top result: ""Anointed Word Bible Church"" — 3220 Northwestern Dr, San Antonio, TX 78238, USA"
Redeeming Life Church,,"26707 SAGITARIUS LN, SAN ANTONIO, TX 78260-2226",,,no,"no confident match (name similarity 0.40 < 0.5). top result: ""Redeeming Grace Christian Church"" — 4500 N Foster Rd, San Antonio, TX 78244, USA"
New Creation Christian Fellowship,Christian / General,"8700 FOURWINDS DR, WINDCREST, TX 78239-1917",(210) 646-7997,http://www.nccfonline.org/,yes,"New Creation Christian Fellowship Windcrest — 8700 Fourwinds Dr, Windcrest, TX 78239, USA"
Northwest Community Evangelical Free Church,Protestant / Evangelical,"8900 GUILBEAU RD, SAN ANTONIO, TX 78250-2650",(210) 680-3041,http://www.nwchurch.org/,yes,"Northwest Community Church — 8900 Guilbeau Rd, San Antonio, TX 78250, USA"
Iglesia Bautista La Gracia Of San Antonio Texas,,"524 RUIZ ST, SAN ANTONIO, TX 78207-1751",,,yes,"Iglesia Bautista la Gracia Church — 524 Ruiz St, San Antonio, TX 78207, USA"
New Life Assembly Ministries,Christian / General,"9965 KRIEWALD RD, SAN ANTONIO, TX 78245-2704",,,no,"no confident match (name similarity 0.40 < 0.5). top result: ""New Life Church"" — 1240 Holbrook Rd, San Antonio, TX 78218, USA"
Everlasting Word Baptist Church,Baptist,"7007 BANDERA RD STE 3, LEON VALLEY, TX 78238-1264",,,yes,"Everlasting Word Baptist Church — San Antonio, TX 78250, USA"
Church Of The Revivist,,"PO BOX 17255, SAN ANTONIO, TX 78217-0255",,,no,"no confident match (name similarity 0.33 < 0.5). top result: ""Revive Church"" — 15909 San Pedro Ave #105, San Antonio, TX 78232, USA"
Believers Christian Fellowship Of Smithson Valley Inc,Christian / General,"36200 FM 3159, NEW BRAUNFELS, TX 78132-5908",(830) 885-2224,https://www.facebook.com/BCFofSV?mibextid=ZbWKwL,yes,"Believers Christian Fellowship — 36200 FM3159, New Braunfels, TX 78132, USA"
La Iglesia Ven A Cristo,,"4475 S FLORES RD, ELMENDORF, TX 78112-9762",,,no,"no confident match (name similarity 0.40 < 0.5). top result: ""Iglesia de Cristo"" — 14125 S U.S. Hwy 181, Elmendorf, TX 78112, USA"
Templo Puerto Del Cielo Inc,,"139 H ST, SAN ANTONIO, TX 78210-2626",,,no,"no confident match (name similarity 0.29 < 0.5). top result: ""Iglesia Puerta Del Cielo"" — 1847 W Thompson Pl, San Antonio, TX 78226, USA"
The Church In San Antonio Inc,,"6193 BABCOCK RD, SAN ANTONIO, TX 78240-2511",(210) 314-4188,,yes,"The church in San Antonio Meeting Hall — 6193 Babcock Rd, San Antonio, TX 78240, USA"
Japanese Bible Church Inc,,"2369 BENRUS BLVD, SAN ANTONIO, TX 78228-2353",,,no,"no confident match (name similarity 0.33 < 0.5). top result: ""Japanese Megumi International Church"" — 10603 Culebra Rd, San Antonio, TX 78251, USA"
Fellowship Bible Church Of San Antonio,Christian / General,"8603 HUEBNER RD, SAN ANTONIO, TX 78240-1806",(210) 699-6511,http://www.fbcsatx.com/,yes,"Fellowship Bible Church — 8603 Huebner Rd, San Antonio, TX 78240, USA"
Word Ministries,Christian / General,"PO BOX 699, BOERNE, TX 78006-0699",,,no,"no confident match (name similarity 0.00 < 0.5). top result: ""God Will Provide"" — 28703 Frontage Rd, Boerne, TX 78006, USA"
Church Of Christ,Church of Christ,"5860 US HIGHWAY 87 E, SAN ANTONIO, TX 78222-1609",(210) 494-1907,https://www.nscoc.org/,yes,"Northside Church of Christ — 19818 US-281, San Antonio, TX 78258, USA"
The Truthseekers Universal Spiritualist Church Of San Antonio,,"10523 POSTHOUSE CIR, SAN ANTONIO, TX 78216-3724",,,no,"no confident match (name similarity 0.00 < 0.5). top result: ""New Living Spiritual Center"" — 702 Donaldson Ave #111, San Antonio, TX 78201, USA"
Bible Faith Christian Church,Christian / General,"12019 GRAPEVINE ST, SAN ANTONIO, TX 78245-3321",(210) 923-8211,http://www.faithbiblechurchsa.org/,yes,"Faith Bible Church — 423 E Ashley Rd, San Antonio, TX 78221, USA"
St Anthony The Great Coptic Orthodox Church Of San Antonio,Orthodox,"PO BOX 13100, SAN ANTONIO, TX 78213-0100",,,no,"no confident match (name similarity 0.45 < 0.5). top result: ""St. Antony The Great Coptic Orthodox Church & Retreat Center"" — 153 Borgfeld Dr, San Antonio, TX 78260, USA"
Air Force Village Protestant Church,,"4917 RAVENSWOOD DR, SAN ANTONIO, TX 78227-4320",,,no,"no confident match (name similarity 0.25 < 0.5). top result: ""Air Force Villages Charitable Foundation"" — 5100 John D Ryan Blvd, San Antonio, TX 78245, USA"
Star Of Hope Ministries,Christian / General,"6900 N VANDIVER RD APT H104, SAN ANTONIO, TX 78209-4323",(210) 251-4348,http://www.wegivehopesa.org/,yes,"Hope House Ministries — 430 N Cherry St, San Antonio, TX 78202, USA"
Emmanuel Baptist Church,Baptist,"891 YUCCA ST, SAN ANTONIO, TX 78220-4242",(210) 337-3993,,yes,"Emmanuel Baptist Church — 891 Yucca St, San Antonio, TX 78220, USA"
Dhammabucha Buddist Temple Of San Antonio,,"6201 SAWYER RD, SAN ANTONIO, TX 78238-2206",,,no,"no confident match (name similarity 0.29 < 0.5). top result: ""Wat Dhammabucha Buddhist Temple"" — 6105 Sawyer Rd, San Antonio, TX 78238, USA"
The Shady Oaks Church Of Christ,Church of Christ,"25340 HWY 281 SOUTH, SAN ANTONIO, TX 78264-9212",(210) 479-3030,http://uococ.org/,yes,"University Oaks Church of Christ — 4687 Lockhill Selma Rd, San Antonio, TX 78249, USA"
Church Of Christ Bible Chair And Student Center San Antonio College,Church of Christ,"301 W DEWEY PL, SAN ANTONIO, TX 78212-3931",,,no,"no confident match (name similarity 0.44 < 0.5). top result: ""Church of Christ Student Center"" — 301 W Dewey Pl, San Antonio, TX 78212, USA"
Visitation House Ministries,Christian / General,"830 W MULBERRY AVE, SAN ANTONIO, TX 78212-3261",(210) 735-6910,https://visitationhouseministries.org/,yes,"Visitation House Ministries — 830 W Mulberry Ave, San Antonio, TX 78212, USA"
Live Oak Baptist Church,Baptist,"355 N WASHINGTON AVE, NEW BRAUNFELS, TX 78130-4462",(830) 609-2872,,yes,"Live Oak Baptist Church — 355 N Washington Ave, New Braunfels, TX 78130, USA"
El Templo Cristiano Assembly Of God,,"2304 EI PASO ST, SAN ANTONIO, TX 78207-0000",(210) 434-9474,,yes,"El Templo Cristiano — 2304 El Paso St, San Antonio, TX 78207, USA"
Christian Fellowship Church Of,Christian / General,"10814 MOUNT IDA, SAN ANTONIO, TX 78213-1741",,,no,"no confident match (name similarity 0.20 < 0.5). top result: ""The Fellowship of San Antonio"" — 23755 Canyon Golf Rd, San Antonio, TX 78258, USA"
Air Force Village Ii Protestant Church,,"5100 JOHN D RYAN BLVD, SAN ANTONIO, TX 78245-3527",,,no,"no confident match (name similarity 0.22 < 0.5). top result: ""Air Force Villages Charitable Foundation"" — 5100 John D Ryan Blvd, San Antonio, TX 78245, USA"
Templo Armonia Cristiana Church,,"2611 ARBOR PL, SAN ANTONIO, TX 78228-6409",,,yes,"Templo Armonia Cristiana — 3402 Monterey St, San Antonio, TX 78207, USA"
Abundant Life Church,,"5626 RANDOLPH BLVD STE 1, SAN ANTONIO, TX 78233-6191",(210) 532-7722,http://www.alcogsa.com/,yes,"Abundant Life Church — 7431 S Presa St, San Antonio, TX 78223, USA"
Alamo City Christian Fellowship Church,Christian / General,"6434 IH35 N, SAN ANTONIO, TX 78218-4405",(210) 654-7880,https://alamocity.org/,yes,"Alamo City Church — 6434 N Interstate 35, San Antonio, TX 78218, USA"
Word Of Faith Church Of San Antonio,,"3130 CATO BLVD, SAN ANTONIO, TX 78223-3706",,,no,"no confident match (name similarity 0.29 < 0.5). top result: ""Word Of Faith Christian Center"" — 1928 Basse Rd, San Antonio, TX 78213, USA"
New Life Christian Ministry Inc,Christian / General,"6610 WEST US HWY 90, SAN ANTONIO, TX 78227-3702",(210) 679-6050,https://www.christiancenter.com/,yes,"New Life Christian Center — 6610 W US Hwy 90, San Antonio, TX 78227, USA"
Living Hope Church,,"603 FREY ST, BOERNE, TX 78006-3009",(830) 249-2174,http://www.lhcboerne.org/,yes,"Living Hope Church — 603 Frey St, Boerne, TX 78006, USA"
San Antonio Christ Fellowship,Christian / General,"6331 FOREST VLG, SAN ANTONIO, TX 78250-4070",,,no,"no confident match (name similarity 0.29 < 0.5). top result: ""Christ Fellowship United Methodist Church"" — 10915 Shaenfield Rd, San Antonio, TX 78254, USA"
Iglesia De Dios Rios De,,"8711 SLEEPY MDWS, CONVERSE, TX 78109-2529",,,no,"no confident match (name similarity 0.25 < 0.5). top result: ""Church of God Rios de Agua Viva"" — 4739 Rittiman Rd, San Antonio, TX 78218, USA"
Open Door Baptist Church,Baptist,"117 HAECKERVILLE RD, CIBOLO, TX 78108-3957",(210) 658-8069,http://www.opendoorchurch.com/,yes,"Open Door Baptist Church — 117 Haeckerville Rd, Cibolo, TX 78108, USA"
St Andrew Lutheran Church,Lutheran,"16320 HUEBNER RD, SAN ANTONIO, TX 78248-1690",(210) 824-2465,http://standrews09.org/,yes,"St. Andrew's Church & School — 722 Robinhood Pl, San Antonio, TX 78209, USA"
Church Of Acts Ministries,Christian / General,"9965 KRIEWALD RD, SAN ANTONIO, TX 78245-2704",,,no,"no confident match (name similarity 0.25 < 0.5). top result: ""ACTS Missions"" — 7711 Madonna Dr Suite 200, San Antonio, TX 78216, USA"
Maranatha Bible Church,,"7855 E LOOP 1604 N, CONVERSE, TX 78109-9733",(210) 821-5683,http://www.maranathasa.org/,yes,"Maranatha Bible Church — 7855 TX-1604 Loop, Converse, TX 78109, USA"
Full Gospel Korean Church Of San Antonio Assembly Of God Inc,,"2359 AUSTIN HWY, SAN ANTONIO, TX 78218-1982",,https://www.facebook.com/profile.php?id=61582168945996,yes,"San Antonio Full Gospel Korean Church — 12812 O'Connor Rd, San Antonio, TX 78233, USA"
Congregation Church Od God Seventh Day,,"4619 DIETRICH RD 4-C, SAN ANTONIO, TX 78219-2823",(210) 414-5126,http://www.cog7.org/,yes,"Church of God (Seventh-Day) — 1342 Ceralvo St, San Antonio, TX 78207, USA"
Faith Presbyterian Church,Presbyterian,"1307 BLANCO WOODS ST, SAN ANTONIO, TX 78248-1402",(210) 492-8038,http://faithpca.com/,yes,"Faith Presbyterian Church — 1307 Blanco Woods St, San Antonio, TX 78248, USA"
Crosspoint Fellowship Church,Christian / General,"2600 ROY RICHARD DR, SCHERTZ, TX 78154-2795",(210) 658-6240,https://crosspoint247.com/,yes,"Crosspoint Fellowship Church — 2600 Roy Richard Dr, Schertz, TX 78154, USA"
Harvest City Church,,"4906 STAHL RD, SAN ANTONIO, TX 78217-1116",(210) 590-9113,http://www.harvestcity.church/,yes,"Harvest City Church — 4906 Stahl Rd, San Antonio, TX 78217, USA"
City South Church Of The Assemblies Of God,,"503 MOURSUND BLVD, SAN ANTONIO, TX 78221-3938",,,no,"no confident match (name similarity 0.00 < 0.5). top result: ""CityChurch San Antonio"" — 9431 Bandera Rd, San Antonio, TX 78250, USA"
Spiritual Church Of The Open Doors,,"5446 ROOSEVELT AVE, SAN ANTONIO, TX 78214-3226",,,yes,"Spiritual Church of the Open Doors — 5446 Roosevelt Ave, San Antonio, TX 78214, USA"
Greater Ball Tabernacle A M F Church Inc,,"PO BOX 20082, SAN ANTONIO, TX 78220-0000",(210) 337-6545,,yes,"Greater Ball Tabernacle A.M.E. Church — 111 Dunaff St, San Antonio, TX 78219, USA"
Abundant Life Christian Church,Christian / General,"300 W QUILL DR, SAN ANTONIO, TX 78228-3815",(210) 532-7722,http://www.alcogsa.com/,yes,"Abundant Life Church — 7431 S Presa St, San Antonio, TX 78223, USA"
Redeeming Love Church,,"373 FENWICK DR, SAN ANTONIO, TX 78239-2420",,,no,"no confident match (name similarity 0.40 < 0.5). top result: ""Redeeming Grace Christian Church"" — 4500 N Foster Rd, San Antonio, TX 78244, USA"
Graves Memorial I M E Church,,"1606 HAYS ST, SAN ANTONIO, TX 78202-1534",,,no,"no confident match (name similarity 0.25 < 0.5). top result: ""Grant Memorial AME Church"" — 7667 Potranco Rd, San Antonio, TX 78251, USA"
Village Parkway Baptist Church Inc,Baptist,"3002 VILLAGE PKWY, SAN ANTONIO, TX 78251-1829",(210) 680-7813,http://www.vpbc.net/,yes,"Village Parkway Baptist Church — 3002 Village Pkwy, San Antonio, TX 78251, USA"
Eastwood Community Missionary Baptist Church,Baptist,"207 UPLAND RD, SAN ANTONIO, TX 78220-1656",(210) 333-1319,,yes,"Eastwood Community Baptist Church — 207 Upland Rd, San Antonio, TX 78220, USA"
Life Center Christian Fellowship,Christian / General,"12140 W US HIGHWAY 90, SAN ANTONIO, TX 78245-3633",(210) 677-8181,http://www.tlclifesa.com/,yes,"Life Center Christian Fellowship — 12140 US-90, San Antonio, TX 78245, USA"
Westover Hills Assembly Of God,,"9340 WESTOVER HILLS BLVD, SAN ANTONIO, TX 78251-2703",,,no,"no confident match (name similarity 0.40 < 0.5). top result: ""Westover Hills Church"" — 9340 Westover Hills Blvd, San Antonio, TX 78251, USA"
Ways Of Christ Church,,"1125 S ZARZAMORA ST, SAN ANTONIO, TX 78207-5853",(210) 435-3787,,yes,"Ways of Christ Church — 2106 Chihuahua St, San Antonio, TX 78207, USA"
Hope Of Life Christian Church,Christian / General,"1424 SAN FERNANDO ST, SAN ANTONIO, TX 78207-5529",(210) 229-9314,http://www.hopeoflife.cc/,yes,"Hope Of Life Christian church — 1424 San Fernando St, San Antonio, TX 78207, USA"
Iglesia Bethel Pentecostes Church Inc,,"385 N GRAPE, NEW BRAUNFELS, TX 78130-8009",(830) 708-4701,http://www.iglesiabethel-nb.org/,yes,"Iglesia Bethel — 385 N Grape Ave, New Braunfels, TX 78130, USA"
Messiah Lutheran Church,Lutheran,"9401 DIETZ ELKHORN RD, BOERNE, TX 78015-4933",(830) 755-4300,http://messiahboerne.org/,yes,"Messiah Lutheran Church — 9401 Dietz Elkhorn Rd, Boerne, TX 78015, USA"
Communion Chapel,,"5719 MOBUD ST, SAN ANTONIO, TX 78238-1820",(210) 523-5800,http://communionchapel.org/,yes,"Communion Chapel — 8603 Huebner Rd, San Antonio, TX 78240, USA"
Redeeming Grace Christian Church,Christian / General,"4500 N FOSTER RD, SAN ANTONIO, TX 78244-1499",(210) 661-5024,https://rgcsa.com/,yes,"Redeeming Grace Christian Church — 4500 N Foster Rd, San Antonio, TX 78244, USA"
Four Winds Ministries Of Texas Inc,Christian / General,"16614 WORTHINGTON, SAN ANTONIO, TX 78248-2212",(210) 737-3333,,yes,"Four Winds Ministries — 321 W Craig Pl, San Antonio, TX 78212, USA"
Fountains Of Living Water Christian Fellowship Inc,Christian / General,"PO BOX 291008, SAN ANTONIO, TX 78229-1608",(210) 523-1336,,yes,"Fountains-Living Water Christian — San Antonio, TX 78251, USA"
City Of Refuge Christian Fellowship,Christian / General,"1201 AUSTIN HWY 200, SAN ANTONIO, TX 78209-4858",(210) 829-1792,http://www.thecityofrefuge.church/,yes,"City of Refuge Christian Fellowship — 8800 Broadway #225, San Antonio, TX 78217, USA"
Alamo Heights United Methodist Church,Methodist,"825 E BASSE RD, SAN ANTONIO, TX 78209-1832",(210) 826-3215,http://www.ahumc.org/,yes,"Alamo Heights United Methodist Church — 825 E Basse Rd, San Antonio, TX 78209, USA"
Iglesia Pentecostes Cristo El Agua De Vida,,"231 KOEHLER CT, SAN ANTONIO, TX 78223-2523",,,no,"no confident match (name similarity 0.40 < 0.5). top result: ""IGLESIA DE DIOS PENTECOSTES RIOS DE AGUA VIVA"" — 4124 Blanco Rd, San Antonio, TX 78212, USA"
Community Bible Church,,"2477 N 1604 EAST, SAN ANTONIO, TX 78232-0000",(210) 496-5096,http://www.communitybible.com/,yes,"Community Bible Church — 2477 N Loop 1604 E, San Antonio, TX 78232, USA"
Make It Clear Ministries,Christian / General,"9810 SCENIC HILLS DR, SAN ANTONIO, TX 78255-3408",(210) 384-1176,https://makeitclearstudio.com/about-us/,yes,"Make It Clear Studio — 9810 Scenic Hills Dr, San Antonio, TX 78255, USA"
Oasis Of Life City Fellowship Inc,Christian / General,"PO BOX 691683, SAN ANTONIO, TX 78269-1683",,,no,"no confident match (name similarity 0.33 < 0.5). top result: ""Oasis of Life Church"" — 5411 W Commerce St, San Antonio, TX 78237, USA"
New Beginnings Ministries Church Of God,Church of God,"2711 E COMMERCE ST, SAN ANTONIO, TX 78203-2111",(210) 226-5674,http://nbmcog.org/,yes,"New Beginnings Ministries Church of God — 2711 E Commerce St, San Antonio, TX 78203, USA"
New Livingway House Of Prayer Christian Church,Christian / General,"2911 GUNSMOKE, SAN ANTONIO, TX 78227-4031",(210) 637-5000,http://www.livingwaychurch.net/,yes,"Livingway Christian Church — 13285 I-35 Frontage Rd, San Antonio, TX 78233, USA"
R M Sanchez Ministries Inc,Christian / General,"5655 CARY GRANT DR, SAN ANTONIO, TX 78240-2423",,,no,"no confident match (name similarity 0.14 < 0.5). top result: ""STCH Ministries Community Ministries"" — 1045 Central Pkwy N #103, San Antonio, TX 78232, USA"
San Antonio Community Church,,"1222 COUNTRY PATH, SAN ANTONIO, TX 78216-2346",,,no,"no confident match (name similarity 0.40 < 0.5). top result: ""Community Bible Church"" — 2477 N Loop 1604 E, San Antonio, TX 78232, USA"
Ekklasia Baptist Assembly,Baptist,"6130 ELM, SAN ANTONIO, TX 78242-1522",,,no,"no confident match (name similarity 0.00 < 0.5). top result: ""Ekklesia San Antonio"" — 14202 San Pedro Ave, San Antonio, TX 78232, USA"
Southeast Assembly Of God,,"347 HERMITAGE CT, SAN ANTONIO, TX 78223-2041",(210) 534-3434,https://www.facebook.com/pages/Southeast-Assembly-of-God-Church/121587667851723,yes,"Southeast Assembly of God Church — 347 Hermitage Ct, San Antonio, TX 78223, USA"
Upon This Rock Ministries,Christian / General,"8826 TIMBER WALK, SAN ANTONIO, TX 78250-4133",,,no,"no confident match (name similarity 0.33 < 0.5). top result: ""Living Upon The Rock Church"" — 9150 FM78, Converse, TX 78109, USA"
New Beginning Christian Church,Christian / General,"6703 WALNUT LAKE DR, SAN ANTONIO, TX 78244-1652",(210) 482-9291,http://nb-ccc.org/,yes,"New Beginnings Christian Community Church — 4126 E Horseshoe Bend, San Antonio, TX 78228, USA"
Family Life Christian Church,Christian / General,"5814 RITTIMAN PLZ, SAN ANTONIO, TX 78218-5231",,,no,"no confident match (name similarity 0.33 < 0.5). top result: ""Family Life International Minstries"" — 5814 Rittiman Plaza, San Antonio, TX 78218, USA"
Baptist University Of The Americas,Baptist,"2418 W ANSLEY BLVD, SAN ANTONIO, TX 78224-1438",(210) 924-4338,http://www.bua.edu/,yes,"Baptist University of the Americas — 2418 W Ansley Blvd, San Antonio, TX 78224, USA"
Church Of Reconciliation,,"PO BOX 6885, SAN ANTONIO, TX 78209-0885",(210) 655-2731,https://cor-satx.org/,yes,"Episcopal Church of Reconciliation — 8900 Starcrest Dr, San Antonio, TX 78217, USA"
Mission Point Christian Church,Christian / General,"PO BOX 47789, SAN ANTONIO, TX 78265-8789",,,no,"no confident match (name similarity 0.33 < 0.5). top result: ""Mission Church San Antonio"" — 2141 Northwest Loop 410, San Antonio, TX 78213, USA"
Jesus Christ Lives Church,,"6639 TAHOKA ST, SAN ANTONIO, TX 78227-3022",(210) 674-1995,http://jesuschristliveschurch.org/,yes,"Jesus Christ Lives Church — 6639 Tahoka Rd, San Antonio, TX 78227, USA"
San Antonio Church Inc,,"PO BOX 461308, SAN ANTONIO, TX 78246-1308",(210) 818-8603,https://www.sacctx.org/,yes,"San Antonio Christian Church — 6487 Whitby Rd, San Antonio, TX 78240, USA"
Mark Jones Ministries Inc,Christian / General,"11202 DISCO, SAN ANTONIO, TX 78216-2860",,,no,"no confident match (name similarity 0.25 < 0.5). top result: ""Jones Mark F. and Liberty Alliance Group"" — 11202 Disco, San Antonio, TX 78216, USA"
Walter Dub Jones Ministries Inc,Christian / General,"13923 BROOK HOLLOW BLVD, SAN ANTONIO, TX 78232-4703",,,no,"no confident match (name similarity 0.10 < 0.5). top result: ""Jones Mark F. and Liberty Alliance Group"" — 11202 Disco, San Antonio, TX 78216, USA"
Yeshuas Messianic Fellowship,Christian / General,"5002 PELICAN LN, SAN ANTONIO, TX 78217-1228",,,no,"no confident match (name similarity 0.00 < 0.5). top result: ""Baruch Hashem Congregation"" — 16320 Huebner Rd, San Antonio, TX 78248, USA"
Rose Of Sharon Christian Church,Christian / General,"1060 DONALDSON AVE, SAN ANTONIO, TX 78228-5159",,,no,"no confident match (name similarity 0.40 < 0.5). top result: ""Rose of Sharon Ministries"" — 2030 Bible St, San Antonio, TX 78220, USA"
Beth Simcha Messianic Synagogue,Jewish,"PO BOX 690981, SAN ANTONIO, TX 78269-0981",,,no,"no confident match (name similarity 0.40 < 0.5). top result: ""Congregation Beth Simcha"" — 9360 Abe Lincoln Rd, San Antonio, TX 78240, USA"
Bob And Sylvia Greiner Ministries Incorporated,Christian / General,"16734 HENDERSON PASS, SAN ANTONIO, TX 78232-3236",,,no,"no confident match (name similarity 0.11 < 0.5). top result: ""New Beginnings Ministries Church of God"" — 2711 E Commerce St, San Antonio, TX 78203, USA"
Hosanna Assembly Of God,,"PO BOX 761835, SAN ANTONIO, TX 78245-6835",(210) 618-4351,https://hosannaag.com/,yes,"Hosanna Assembly of God — 9855 Culebra Rd, San Antonio, TX 78251, USA"
Congregation Of Divine Providence Inc,,"603 SW 24TH ST, SAN ANTONIO, TX 78207-4621",(210) 434-1866,http://www.cdptexas.org/,yes,"CONGREGATION OF DIVINE PROVIDENCE — 603 SW 24th St, San Antonio, TX 78207, USA"
Spirit Of Life Lutheran Church,Lutheran,"1060 DONALDSON AVE, SAN ANTONIO, TX 78228-5159",(210) 490-6886,http://www.crownoflifesa.org/,yes,"Crown of Life Lutheran Church — 19291 Stone Oak Pkwy, San Antonio, TX 78258, USA"
The Turning Point Fellowship,Christian / General,"5730 MOBUD ST, SAN ANTONIO, TX 78238-1819",,,yes,"The Turning Point Church — 1803 Bentwood Dr, Floresville, TX 78114, USA"
Christ Church New Braunfels,,"1620 E COMMON ST, NEW BRAUNFELS, TX 78130-3156",(830) 625-3520,http://www.nbchurchfamily.org/,yes,"New Braunfels Church of Christ — 1665 S Business IH 35, New Braunfels, TX 78130, USA"
Rudy Guerra Ministries Inc,Christian / General,"PO BOX 380226, SAN ANTONIO, TX 78268-7226",(210) 509-8010,,yes,"Rudy Guerra Ministries Inc — San Antonio, TX 78229, USA"
Iglesia-Misian Bautista Cristo Jesus Peniel Inc,,"501 S HACKBERRY, SAN ANTONIO, TX 78203-1251",,,no,"no confident match (name similarity 0.44 < 0.5). top result: ""Cristo Jesús Peniel Iglesia Bautista"" — 501 S Hackberry St, San Antonio, TX 78203, USA"
Bandera Road Community Church,,"9355 BANDERA RD STE 124, SAN ANTONIO, TX 78250-2566",,,no,"no confident match (name similarity 0.00 < 0.5). top result: ""CityChurch San Antonio"" — 9431 Bandera Rd, San Antonio, TX 78250, USA"
Boerne Community Church,,"PO BOX 1635, BOERNE, TX 78006-6635",,,no,"no confident match (name similarity 0.40 < 0.5). top result: ""Cibolo Creek Community Church"" — 30395 Ralph Fair Rd, Boerne, TX 78015, USA"
Elevate Ministries,Christian / General,"130 SAIPAN PL, SAN ANTONIO, TX 78221-2927",(210) 444-9210,https://www.elevateministriessa.com/,yes,"Elevate Ministries — 130 Saipan Pl, San Antonio, TX 78221, USA"
Wise Builder Ministry,Christian / General,"PO BOX 240875, SAN ANTONIO, TX 78224-0875",,,no,"no confident match (name similarity 0.00 < 0.5). top result: ""HOUSE OF WORSHIP SAN ANTONIO"" — 5518 Walzem Rd UNIT #104, San Antonio, TX 78218, USA"
Undivided Heart Ministries,Christian / General,"PO BOX 312264, NEW BRAUNFELS, TX 78131-2264",,,no,"no confident match (name similarity 0.00 < 0.5). top result: ""Unitarian Universalists of New Braunfels"" — 135 Alves Ln, New Braunfels, TX 78130, USA"
Springs Fellowship,Christian / General,"21732 HYPERWOOD, SAN ANTONIO, TX 78259-0000",,,no,"no confident match (name similarity 0.25 < 0.5). top result: ""The Fellowship of San Antonio"" — 23755 Canyon Golf Rd, San Antonio, TX 78258, USA"
Calvary Christian Center,Christian / General,"138 CABOT ST, SAN ANTONIO, TX 78213-4411",,,no,"no confident match (name similarity 0.25 < 0.5). top result: ""Calvary Church"" — 3423 N Loop 1604 E, San Antonio, TX 78247, USA"
Grace Tabernacle Ph Church,,"PO BOX 10238, SAN ANTONIO, TX 78210-0238",(210) 534-7080,http://www.iamgtc.org/,yes,"Grace Tabernacle Church — 3630 SE Military Dr, San Antonio, TX 78223, USA"
Iglesia Calvario,,"PO BOX 37141, SAN ANTONIO, TX 78237-0141",,,no,"no confident match (name similarity 0.25 < 0.5). top result: ""Iglesia Bautista El Calvario / Calvary Mexican Baptist Church"" — 2522 W Houston St, San Antonio, TX 78207, USA"
Northside Bible Church,,"11865 1 H-10 WEST NO 600, SAN ANTONIO, TX 78230-0000",(210) 496-5096,https://www.communitybible.com/northside,yes,"Community Bible Church - Northside — 1400 Kinder Pkwy, San Antonio, TX 78260, USA"
Ministry Of Life Fellowship And Ministries Inc,Christian / General,"6537 KITCHENER ST, SAN ANTONIO, TX 78240-2503",,,no,"no confident match (name similarity 0.13 < 0.5). top result: ""Family Life International Minstries"" — 5814 Rittiman Plaza, San Antonio, TX 78218, USA"
Converse Hispanic Baptist Church,Baptist,"31 LEGION DR W, CONVERSE, TX 78109-0000",,,yes,"Converse Hispanic Baptist Church — 312 Legion Dr W, Converse, TX 78109, USA"
Church On The Rock-San Antonio Inc,,"8308 FREDERICKSBURG RD, SAN ANTONIO, TX 78229-3316",,http://myrockhq.com/,yes,"The Rock San Antonio — 8235 Vicar Dr, San Antonio, TX 78218, USA"
Immanuel Associated Ministries Inc,Christian / General,"370 FENWICK DR, WINDCREST, TX 78239-2419",,,no,"no confident match (name similarity 0.13 < 0.5). top result: ""Immanuel Seventh-day Adventist Church"" — 5800 Midcrown Dr, San Antonio, TX 78218, USA"
Ministries Of The Gospel Of Jesus Christ,Christian / General,"PO BOX 14619, SAN ANTONIO, TX 78214-0619",,,no,"no confident match (name similarity 0.20 < 0.5). top result: ""Hagee Ministries"" — 239 N Loop 1604 W, San Antonio, TX 78232, USA"
St Martin And St Rose Polish National Catholic Church,Catholic,"1007 W THEO AVE, SAN ANTONIO, TX 78225-1849",(210) 924-1043,http://www.smsrpncc.com/,yes,"St Martin & St Rose National Catholic Church — 1007 W Theo Ave, San Antonio, TX 78225, USA"
Christ In Us Ministries,Christian / General,"672 GILLETTE BLVD, SAN ANTONIO, TX 78221-3721",(210) 922-4140,,yes,"Christ In US Ministries — 672 Gillette Blvd, San Antonio, TX 78221, USA"
United Latin Ministries Inc,Christian / General,"4818 FORTUNA, SAN ANTONIO, TX 78237-1053",,,no,"no confident match (name similarity 0.13 < 0.5). top result: ""La Trinidad United Methodist Church"" — 300 San Fernando St, San Antonio, TX 78207, USA"
The Kings Mission Fellowship Church Inc,Christian / General,"610 MOURSUND BLVD, SAN ANTONIO, TX 78221-3939",(210) 922-5366,https://www.kmfchurch.com/,yes,"The Kings Mission Fellowship — 610 Moursund Blvd, San Antonio, TX 78221, USA"
Latin World Ministries Inc,Christian / General,"624 WHOOPING CRANE, NEW BRAUNFELS, TX 78130-1249",,,no,"no confident match (name similarity 0.14 < 0.5). top result: ""Framing Your World Ministry"" — 2405 Lifehaus Industrial Dr Ste 213, New Braunfels, TX 78130, USA"
Ministerio Manantial De Agua Viva Fountain Of Living Water Ministry,Christian / General,"6819 FAIRGROVE ST, SAN ANTONIO, TX 78227-2028",,,no,"no confident match (name similarity 0.15 < 0.5). top result: ""Iglesia Pentecostal Manantial de Aguas Vivas"" — 6758 Walzem Rd, San Antonio, TX 78239, USA"
Grissom Road Church Of Christ,Church of Christ,"5470 LOST LANE, SAN ANTONIO, TX 78238-0000",(210) 681-7999,http://www.grissomroadcoc.org/,yes,"Grissom Road Church of Christ — 5470 Lost Ln, San Antonio, TX 78238, USA"
Monte Calvario Baptist Church,Baptist,"2300 BASSE RD, SAN ANTONIO, TX 78213-4505",,,no,"no confident match (name similarity 0.17 < 0.5). top result: ""Iglesia Bautista Monte"" — 2300 Basse Rd, San Antonio, TX 78213, USA"
Christ The King Mercian Orthodox Catholic Church,Catholic,"1254 W MALONE AVE, SAN ANTONIO, TX 78225-1835",(210) 433-6301,http://ctksatx.com/,yes,"Christ the King Catholic Church — 2610 Perez St, San Antonio, TX 78207, USA"
Re-Formed Congregation Of The Goddess Inc,,"PO BOX 120131, SAN ANTONIO, TX 78212-9331",,,no,"no confident match (name similarity 0.00 < 0.5). top result: ""The Reformation Church"" — 18408 FM 2252 Ste 4, San Antonio, TX 78266, USA"
Mccauley Avenue Baptist Church,Baptist,"714 MCCAULEY BLVD, SAN ANTONIO, TX 78221-1333",,,no,"no confident match (name similarity 0.33 < 0.5). top result: ""Mc Cauley Baptist Church"" — 714 McCauley Ave, San Antonio, TX 78221, USA"
Unity Church-Northeast,,"PO BOX 33292, SAN ANTONIO, TX 78265-3292",,,no,"no confident match (name similarity 0.20 < 0.5). top result: ""Unity of San Antonio"" — 1723 W Lawndale Dr, San Antonio, TX 78209, USA"
El Shaddai-Rock Of Ages Church,,"906 PEABODY AVE, SAN ANTONIO, TX 78211-2842",(210) 209-2898,,yes,"El Shaddai Christian Church — 1414 Cupples Rd, San Antonio, TX 78226, USA"
Church Of Christ Of San Antonio N E,Church of Christ,"14210 SUSANCREST DR, SAN ANTONIO, TX 78232-4742",,,no,"no confident match (name similarity 0.29 < 0.5). top result: ""Northside Church of Christ"" — 19818 US-281, San Antonio, TX 78258, USA"
Iglesia Communidad Cristiana De San Antonio Inc,,"PO BOX 100784, SAN ANTONIO, TX 78201-8784",,,no,"no confident match (name similarity 0.30 < 0.5). top result: ""Comunidad Cristiana en San Antonio Tx"" — 1005 West Ave, San Antonio, TX 78201, USA"
Pv Ministries Inc,Christian / General,"5210 EBONY, SAN ANTONIO, TX 78228-2716",,,no,"no confident match (name similarity 0.20 < 0.5). top result: ""P V Ministries"" — 5215 W Commerce St, San Antonio, TX 78237, USA"
One Flesh Ministry,Christian / General,"7902 FLOWER TRL, SAN ANTONIO, TX 78244-2222",(210) 661-3828,,yes,"One Flesh Ministry — 7319 Longing Trail, San Antonio, TX 78244, USA [temporarily closed]"
Redemption Baptist Church,Baptist,"2122 RUIZ ST, SAN ANTONIO, TX 78207-2017",(210) 341-0188,,yes,"Redemption Independent Baptist — 218 Salem Dr, San Antonio, TX 78201, USA [temporarily closed]"
Destiny Ministries Of San Antonio Texas,Christian / General,"14080 NACOGDOCHES RD STE 151, SAN ANTONIO, TX 78247-1944",(210) 637-6394,,yes,"Destiny Ministries — 12521 Nacogdoches Rd #201, San Antonio, TX 78217, USA"
St Lukes Lutheran Health Ministries Inc,Lutheran,"PO BOX 6101, SAN ANTONIO, TX 78209-0101",(210) 820-3038,http://sllhm.org/,yes,"St Lukes Lutheran Health Minis — 321 W Summit Ave., San Antonio, TX 78212, USA"
Word Of God Church Of San Antonio,,"202 BLAZE AVE, SAN ANTONIO, TX 78218-2526",(210) 564-0001,,yes,"Word of God Church — 202 Blaze Ave, San Antonio, TX 78218, USA"
Execunet Ministries Inc,Christian / General,"129 2ND ST, BOERNE, TX 78006-2942",,,no,"no confident match (name similarity 0.00 < 0.5). top result: ""First United Methodist Church Boerne"" — 205 James St, Boerne, TX 78006, USA"
Fortress Church Of San Antonio,,"7760 PRUE RD, SAN ANTONIO, TX 78249-4103",,,no,"no confident match (name similarity 0.40 < 0.5). top result: ""Mighty Fortress Church"" — 725 Cedarhurst Dr, San Antonio, TX 78227, USA"
Sion Church Asambleas De Dios,,"131 HAZEL ST, SAN ANTONIO, TX 78207-7044",,,no,"no confident match (name similarity 0.17 < 0.5). top result: ""Sion Ministry"" — 4439 suite 4447, Walzem Rd, San Antonio, TX 78218, USA"
Real Life Ministries,Christian / General,"16765 LOOKOUT RD, SELMA, TX 78154-3809",,,no,"no confident match (name similarity 0.40 < 0.5). top result: ""Real Life Christian Assistance"" — 16765 Lookout Rd, Selma, TX 78154, USA"
San Antonio Baptist Church,Baptist,"6043 ROYAL CRK, SAN ANTONIO, TX 78239-1615",(210) 226-0363,http://www.fbcsa.org/?utm_source=google&utm_medium=seacr&utm_campaign=local,yes,"First Baptist Church of San Antonio — 515 McCullough Ave, San Antonio, TX 78215, USA"
Staples Baptist Church,Baptist,"6335 BARBAROSSA RD, NEW BRAUNFELS, TX 78130-1923",(737) 303-9658,http://staplesbaptistchurch.com/,yes,"Staples Baptist Church — 10020 FM 621, Staples, TX 78670, USA"
Iglesia Bautista Betania En San Antonio,,"606 KAREN LN, SAN ANTONIO, TX 78218-4226",(956) 585-5688,http://ministeriosbetania.com/,yes,"Iglesia Bautista Betania — 851 S Breyfogle Rd, Mission, TX 78572, USA"
Temple Of God,,"1307 DIVISION AVE, SAN ANTONIO, TX 78225-2535",,,no,"no confident match (name similarity 0.20 < 0.5). top result: ""San Antonio Texas Temple"" — 20080 Stone Oak Pkwy, San Antonio, TX 78258, USA"
Victory Gospel Chapel Inc,,"1603 MONTANA ST, SAN ANTONIO, TX 78203-1931",(210) 212-6545,http://www.victorygospelchapel.org/,yes,"Victory Gospel Chapel — 1603 Montana St, San Antonio, TX 78203, USA"
Christ Gospel Holiness Church Inc,,"4139 E HOUSTON ST APT 16B, SAN ANTONIO, TX 78220-1521",,,no,"no confident match (name similarity 0.14 < 0.5). top result: ""Victory Gospel Chapel"" — 1603 Montana St, San Antonio, TX 78203, USA"
Metropolitan Community Church Of San Antonio,,"611 E MYRTLE ST, SAN ANTONIO, TX 78212-4054",(210) 472-3597,http://www.mccofsanantonio.org/,yes,"Metropolitan Community Church (MCC) San Antonio — 611 E Myrtle St, San Antonio, TX 78212, USA"
Southern Baptists Of Texas Convention Inc,Baptist,"2928 MACARTHUR VW, SAN ANTONIO, TX 78217-4506",(817) 552-2500,https://sbtexas.com/,yes,"Southern Baptists of Texas Convention — 4500 TX-360, Grapevine, TX 76051, USA"
St Leos Church,,"919 PLEASANTON RD, SAN ANTONIO, TX 78214-1657",,,no,"no confident match (name similarity 0.20 < 0.5). top result: ""St. Leo the Great"" — 4415 S Flores St, San Antonio, TX 78214, USA"
Iglesia Biblica El Camino Iel,,"5719 MOBUD ST, SAN ANTONIO, TX 78238-1820",,,no,"no confident match (name similarity 0.20 < 0.5). top result: ""El Camino Bible Church, San Antonio, TX"" — 5719 Mobud St, San Antonio, TX 78238, USA"
United Church Of God - San Antonio,Church of God,"PO BOX 34424, SAN ANTONIO, TX 78265-4424",,,no,"no confident match (name similarity 0.33 < 0.5). top result: ""New Hope United Church of God (Seventh Day)"" — 13875 Higgins Rd, San Antonio, TX 78217, USA"
Sangha-Bucha Buddhist Temple,,"6201 SAWYER RD, SAN ANTONIO, TX 78238-2206",,,no,"no confident match (name similarity 0.18 < 0.5). top result: ""Lien Hoa Buddhist Temple (Đạo Tràng Liên Hoa)"" — 5043 Excalibur Dr, San Antonio, TX 78218, USA"
Catholic Daughters Of The Americas,Catholic,"160 TIMBER RDG, NEW BRAUNFELS, TX 78132-4698",(830) 372-3330,,yes,"Catholic Daughters of America — 616 S Austin St, Seguin, TX 78155, USA"
Vineyard Christian Fellowship Of San Antonio Incorporated,Christian / General,"7700 TEZEL RD, SAN ANTONIO, TX 78250-3001",,,no,"no confident match (name similarity 0.43 < 0.5). top result: ""Vineyard Church of San Antonio"" — 7700 Tezel Rd, San Antonio, TX 78250, USA"
Childrens Church Of God,Church of God,"505 W QUINCY ST, SAN ANTONIO, TX 78212-5147",,,no,"no confident match (name similarity 0.40 < 0.5). top result: ""Children's Church of God"" — 505 W Quincy St, San Antonio, TX 78212, USA"
Boerne Faith Fellowship,Christian / General,"111 STAFFEL ST, BOERNE, TX 78006-2547",,,no,"no confident match (name similarity 0.20 < 0.5). top result: ""Faith Bible Church"" — 1 Bergmann Rd, Boerne, TX 78006, USA"
Hephzibah City Of Gods Delight Ministries Inc,Christian / General,"22155 PRIEST RD, ELMENDORF, TX 78112-6012",,,no,"no Places results for: Hephzibah City Of Gods Delight Ministries Inc, ELMENDORF, TX"
Glorious Pentecostal Church,Pentecostal,"PO BOX 276369, SAN ANTONIO, TX 78227-6369",(210) 675-3830,https://www.faith4liferc.cc/,yes,"Glorious Pentecostal Church — 2323 Observation Dr, San Antonio, TX 78227, USA"
New Peace Fellowship Incorporated,Christian / General,"5555 TIMBER HILL NO 3, SAN ANTONIO, TX 78250-4208",,,no,"no confident match (name similarity 0.29 < 0.5). top result: ""New Creation Christian Fellowship Windcrest"" — 8700 Fourwinds Dr, Windcrest, TX 78239, USA"
New Birth Church Of God In Christ,Church of God,"479 FERRIS AVE, SAN ANTONIO, TX 78220-2313",,,no,"no confident match (name similarity 0.33 < 0.5). top result: ""Greater New Birth"" — 1719 Burleson St, San Antonio, TX 78202, USA"
Anointed Word Bible Church Of San Antonio Inc,,"3220 NORTHWESTERN, SAN ANTONIO, TX 78238-4043",(210) 680-7116,,yes,"Anointed Word Bible Church — 3220 Northwestern Dr, San Antonio, TX 78238, USA"
Strategic Alliance Ministries International,Christian / General,"PO BOX 310619, NEW BRAUNFELS, TX 78131-0619",(830) 620-0224,https://www.strategicalliance.org/,yes,"Strategic Alliance Ministries — 520 FM1863, New Braunfels, TX 78132, USA"
City Christian Fellowship Church,Christian / General,"623 LOCKHILL SELMA RD STE 110, SAN ANTONIO, TX 78216-5041",,,no,"no confident match (name similarity 0.40 < 0.5). top result: ""Alamo City Church"" — 6434 N Interstate 35, San Antonio, TX 78218, USA"
San Antonio Chinese Church,,"7031 WURZBACH RD, SAN ANTONIO, TX 78240-3835",(210) 920-1871,http://sachinesechurch.org/,yes,"San Antonio Chinese Church — 7015 Wurzbach Rd, San Antonio, TX 78240, USA"
Wat Saddhadhamma Buddist 1518 Temple,,"8000 E FM 1518 N, SCHERTZ, TX 78154-4514",(210) 566-5695,http://www.watsaddhadhamma.org/,yes,"Wat Saddhadhamma — 8000 FM1518, Schertz, TX 78154, USA"
Westlawn United Methodist Church,Methodist,"122 S SAN MANUEL ST, SAN ANTONIO, TX 78237-2051",(210) 433-6963,,yes,"Westlawn United Methodist — 122 San Manuel Ave, San Antonio, TX 78237, USA"
Robert Wilson Ministries,Christian / General,"14410 WATERMILL, SAN ANTONIO, TX 78217-6410",,,no,"no confident match (name similarity 0.00 < 0.5). top result: ""World Mission Society Church of God"" — 7150 Stahl Rd, San Antonio, TX 78247, USA"
Mission City Fellowship,Christian / General,"11108 BAXTERSHIRE, SAN ANTONIO, TX 78254-1024",,,no,"no confident match (name similarity 0.40 < 0.5). top result: ""Mission City Church – Central"" — 2220 NW Military Hwy, San Antonio, TX 78213, USA"
House Of Refuge Ministries,Christian / General,"7500 ECKHERT RD, LEON VALLEY, TX 78240-3081",,,no,"no confident match (name similarity 0.25 < 0.5). top result: ""REFUGE CHURCH"" — 306 E Mitchell St, San Antonio, TX 78210, USA"
Believers Christian Center Inc,Christian / General,"1440 S WW WHITE RD, SAN ANTONIO, TX 78220-3430",(210) 648-5152,,yes,"Believers Christian Center — 1440 S WW White Rd, San Antonio, TX 78220, USA"
Cibolo Creek Community Church Of Fair Oaks Ranch Inc,,"30395 RALPH FAIR RD, BOERNE, TX 78015-4286",(830) 981-8989,https://www.cibolocreek.com/,yes,"Cibolo Creek Community Church — 30395 Ralph Fair Rd, Boerne, TX 78015, USA"
Onword Christian Ministries,Christian / General,"PO BOX 312264, NEW BRAUNFELS, TX 78131-2264",,,no,"no confident match (name similarity 0.29 < 0.5). top result: ""New Braunfels Christian Ministries - Volunteers in Medicine"" — 1239 W San Antonio St, New Braunfels, TX 78130, USA"
New Jerusalem Missionary Baptist Church,Baptist,"629 BURNET ST, SAN ANTONIO, TX 78202-1943",,,no,"no confident match (name similarity 0.29 < 0.5). top result: ""New Jerusalem Worship Center"" — 6500 Woodlake Pkwy, San Antonio, TX 78244, USA"
Lion Of Judah Christian Church,Christian / General,"826 W MAYFIELD BLVD, SAN ANTONIO, TX 78211-0000",(210) 977-9286,,yes,"Lion of Judah Christian Church — 826 W Mayfield Blvd, San Antonio, TX 78211, USA"
Church Of The Living God Temple 2,,"PO BOX 201881, SAN ANTONIO, TX 78220-8881",(210) 434-6423,,yes,"Church of the Living God Temple — 435 SW 42nd St, San Antonio, TX 78237, USA"
International Pentecostal Holiness Church,Pentecostal,"227 SHADY RILL, SAN ANTONIO, TX 78213-2927",(210) 226-4797,,yes,"True Holiness Pentecostal Church — 1315 N Walters St, San Antonio, TX 78202, USA"
House Of Judah Ministries Incorporated,Christian / General,"442 FORREST OAKS DR, SOMERSET, TX 78069-3705",,,no,"no confident match (wrong state). top result: ""The House of Judah"" — 7870 Anselmo Ln, Baton Rouge, LA 70810, USA"
Dominion Church Of San Antonio,,"24891 BOERNE STAGE RD, SAN ANTONIO, TX 78255-9564",,,no,"no confident match (name similarity 0.33 < 0.5). top result: ""Dominion Church-God In Christ"" — 3023 Martin Luther King Dr, San Antonio, TX 78220, USA"
New Hope United Church Of God Seventh Day,Church of God,"13875 HIGGINS RD, SAN ANTONIO, TX 78217-1292",(210) 863-6603,http://www.newhopeunitedchurch.org/,yes,"New Hope United Church of God (Seventh Day) — 13875 Higgins Rd, San Antonio, TX 78217, USA"
Oasis Ministry,Christian / General,"14122 KINT CIRCLE ST, SAN ANTONIO, TX 78247-3166",,,no,"no confident match (name similarity 0.33 < 0.5). top result: ""Oasis Ministries"" — 14122 Kint Cir St, San Antonio, TX 78247, USA"
Evangel Assembly Of God,,"PO BOX 312213, NEW BRAUNFELS, TX 78131-2213",,,no,"no confident match (name similarity 0.00 < 0.5). top result: ""Greater Life Church"" — 130 Enchantment Ln, New Braunfels, TX 78130, USA"
Calvary Chapel North San Antonio,,"7410 BLANCO RD STE 390, SAN ANTONIO, TX 78216-4363",(210) 658-8337,http://www.calvarysa.com/,yes,"Calvary Chapel of San Antonio — 2935 Pat Booker Rd Ste 118, Universal City, TX 78148, USA"
Evidence Ministries,Christian / General,"PO BOX 690371, SAN ANTONIO, TX 78269-0371",(210) 340-8783,http://www.evidenceministries.org/,yes,"Evidence Ministries Missionary — San Antonio, TX 78279, USA"
Miracle Center Ministries Inc,Christian / General,"3751 COMMERCIAL AVE, SAN ANTONIO, TX 78221-3118",(210) 927-9196,,yes,"Miracle Center — 3751 Commercial Ave, San Antonio, TX 78221, USA"
Arc Catholics,Catholic,"7400 CRESTWAY RD APT 928, SAN ANTONIO, TX 78239-3086",,,no,"no confident match (name similarity 0.17 < 0.5). top result: ""St Joan of Arc Catholic Church"" — 2829 Ackerman Rd, Kirby, TX 78219, USA"
Galvan Revival Church,,"2731 IRWIN DR, SAN ANTONIO, TX 78222-1327",(210) 648-1822,http://www.galvanrevivalchurch.org/,yes,"Galvan Revivals Church — 2731 Irwin Dr #1, San Antonio, TX 78222, USA"
Iglesia Bautista Fundamental Agape,,"4131 BRETTON RDG, SAN ANTONIO, TX 78217-4209",,,no,"no confident match (name similarity 0.33 < 0.5). top result: ""Agape Fundamental Baptist Church"" — San Antonio, TX 78206, USA"
Cannan Latin American Ministries Inc,Christian / General,"1323 BROOKSTONE, SAN ANTONIO, TX 78248-1414",,,no,"no confident match (name similarity 0.00 < 0.5). top result: ""La Cabaña (The Cabin) Worship Center"" — 231 E North Loop Rd, San Antonio, TX 78216, USA"
Miracle Temple Christian Church,Christian / General,"2369 AUSTIN HWY, SAN ANTONIO, TX 78218-1982",,,no,"no confident match (name similarity 0.40 < 0.5). top result: ""Expect A Miracle Church"" — 1438 E Sunshine Dr, San Antonio, TX 78228, USA"
New Covenant Missionary Baptist Church,Baptist,"PO BOX 201408, SAN ANTONIO, TX 78220-8408",(210) 661-0313,https://newcovenantbcsa.org/,yes,"New Covenant Baptist Church — 1107 SE Loop 410 Acc Rd, San Antonio, TX 78220, USA"
Southern Baptist Convention,Baptist,"6611 RIDGE PLACE ST, SAN ANTONIO, TX 78250-5029",,,no,"no confident match (name similarity 0.00 < 0.5). top result: ""SABA"" — 5807 I-10, San Antonio, TX 78201, USA"
On Eagles Wings Ministries,Christian / General,"6920 HALLIE HTS, SCHERTZ, TX 78154-6233",,,no,"no Places results for: On Eagles Wings Ministries, SCHERTZ, TX"
Regeneration Ministries,Christian / General,"135 MOON VALLEY ST, SAN ANTONIO, TX 78227-4548",(210) 674-8298,http://www.regeneration-ministries.org/,yes,"Regeneration Ministries — 1511 Meadow Way Dr, San Antonio, TX 78227, USA"
The Word Christian Ministry,Christian / General,"1128 E GRAYSON ST, SAN ANTONIO, TX 78208-1225",,,no,"no confident match (name similarity 0.20 < 0.5). top result: ""Christian World Ministries"" — 6633 Walzem Rd, San Antonio, TX 78239, USA"
Igleisia Emanuel Pentecostal,Pentecostal,"2908 MISSION RD, SAN ANTONIO, TX 78214-2257",,,no,"no confident match (name similarity 0.14 < 0.5). top result: ""Emmanuel Pentecostal Church Of God In Christ"" — 222 Spriggsdale Ave, San Antonio, TX 78220, USA"
Sharyn Dacbert-Stephens Ministries,Christian / General,"1207 VISTA DEL JUEZ, SAN ANTONIO, TX 78216-1779",,,no,"no confident match (name similarity 0.13 < 0.5). top result: ""STCH Ministries Counseling Ministries - San Antonio"" — 1045 Central Pkwy N #103, San Antonio, TX 78232, USA"
Fathers Love Fellowship,Christian / General,"PO BOX 1123, HELOTES, TX 78023-1123",,,no,"no confident match (name similarity 0.17 < 0.5). top result: ""Gateway Fellowship Church - Northwest"" — 10907 TX-1604 Loop, San Antonio, TX 78254, USA"
Inspirational Church Of God In Christ San Antonio,Church of God,"4542 E HOUSTON ST, SAN ANTONIO, TX 78220-1716",(210) 648-5430,http://www.netministries.org/see/churches/ch08215?frame=N,yes,"Inspirational Church — 4542 E Houston St, San Antonio, TX 78220, USA"
Chiffon Foster Ministries,Christian / General,"4218 ALGRUTH DR, SAN ANTONIO, TX 78220-1634",,,no,"no confident match (name similarity 0.00 < 0.5). top result: ""1HOPE for Kids"" — 11550 I-10 #255, San Antonio, TX 78230, USA"
Full Gospel Sarang Community Church,,"13665 TOEPPERWEIN RD, SAN ANTONIO, TX 78233-4007",(210) 378-9807,,yes,"Korean Full Gospel Community Church — 13665 Toepperwein Rd, San Antonio, TX 78233, USA"
Daily Bread Ministries,Christian / General,"3559 BELGIUM LN, SAN ANTONIO, TX 78219-2503",(210) 223-4707,http://www.dbmsa.org/,yes,"Daily Bread Ministries — 3559 Belgium Ln, San Antonio, TX 78219, USA"
Life Changing Word Ministries Inc,Christian / General,"6565 BABCOCK RD STE 11, SAN ANTONIO, TX 78249-2345",,,no,"no confident match (name similarity 0.29 < 0.5). top result: ""WORD WAY Ministries International"" — 1923 Lockhill Selma Rd #118-120, San Antonio, TX 78213, USA"
Only A Servant Ministries Inc,Christian / General,"PO BOX 700155, SAN ANTONIO, TX 78270-0155",,,no,"no confident match (name similarity 0.00 < 0.5). top result: ""Missionary Servants-St Anthony"" — 100 Peter Baque Rd, San Antonio, TX 78209, USA"
Whirlwind Ministries Of San Antonio,Christian / General,"18095 PLEASANTON RD, SAN ANTONIO, TX 78221-9694",,,no,"no confident match (name similarity 0.14 < 0.5). top result: ""WORD WAY Ministries International"" — 1923 Lockhill Selma Rd #118-120, San Antonio, TX 78213, USA"
Ephphatha Christian Ministries House Of Prayer Fellowship,Christian / General,"10559 ELDERPOND, SAN ANTONIO, TX 78254-5318",,,no,"no confident match (name similarity 0.43 < 0.5). top result: ""House of Prayer and Evangelism Ministries"" — 5121 Crestway Dr Ste 507, Windcrest, TX 78239, USA"
Agora Ministries Inc,Christian / General,"1103 MERIDA ST, SAN ANTONIO, TX 78207-7164",(210) 247-8494,https://agoraministries.com/,yes,"AGORA Ministries — 1807 San Fernando St, San Antonio, TX 78207, USA"
Iglesia Pentecostal Unida Del Nombre De Jesus,Pentecostal,"941 CINCINNATI AVE, SAN ANTONIO, TX 78201-6029",,,no,"no confident match (name similarity 0.00 < 0.5). top result: ""IPUH San Antonio #1"" — 854 Kendalia Ave, San Antonio, TX 78221, USA"
His Grace Church,,"6142 AMBER ROSE, SAN ANTONIO, TX 78253-6406",(210) 682-7700,http://www.hgc.church/,yes,"His Grace Church — 6995 Alamo Downs Pkwy, San Antonio, TX 78238, USA"
Agape Ministry,Christian / General,"PO BOX 18042, SAN ANTONIO, TX 78218-0042",(210) 590-6655,https://theagapeministryinc.org/,yes,"The Agape Ministry — 127 Lanark Dr, San Antonio, TX 78218, USA"
Believers In Christ Ministries Of San Antonio,Christian / General,"4249 SUNRISE CREEK DR, SAN ANTONIO, TX 78244-3304",(210) 251-2040,https://www.feedmysheepsa.com/,yes,"Believers in Christ Ministries — 820 N New Braunfels Ave, San Antonio, TX 78202, USA"
New Beginnings Christian Center Church,Christian / General,"28035 DELAFIELD DR, NEW BRAUNFELS, TX 78132-2616",(830) 629-6454,https://www.newbeginningschristian.com/about-us,yes,"New Beginnings Christian Center — 227 Courtyard Dr, New Braunfels, TX 78130, USA"
Church At Vineyard Hills,,"PO BOX 160667, SAN ANTONIO, TX 78280-2867",,,no,"no confident match (name similarity 0.40 < 0.5). top result: ""Vineyard Church of San Antonio"" — 7700 Tezel Rd, San Antonio, TX 78250, USA"
New Beginnings Church Of San Antonio,,"706 TEXAS AVE, SAN ANTONIO, TX 78201-6136",,,no,"no confident match (name similarity 0.43 < 0.5). top result: ""New Beginnings Christian Community Church"" — 4126 E Horseshoe Bend, San Antonio, TX 78228, USA"
Dorothy Delarosa Ministries,Christian / General,"339 W HUTCHINS PL, SAN ANTONIO, TX 78221-2745",,,no,"no confident match (name similarity 0.00 < 0.5). top result: ""Catholic Charities Archdiocese of San Antonio"" — 202 W French Pl, San Antonio, TX 78212, USA"
Mother Temple,,"CARE OF RAMA K RAO MD, SAN ANTONIO, TX 78205-0000",(726) 215-4913,https://chinmayasa.org/,yes,"Chinmaya Mission San Antonio (Sharadalaya/Mother Temple) — 9086 Vista Verde, San Antonio, TX 78255, USA"
Iglesia Cristiana Jehova Jireh,,"111 BAYWELL DR, SAN ANTONIO, TX 78227-4405",(210) 371-9868,http://www.iglesiacristianashammah.com/,yes,"Iglesia Cristiana Jehova Shammah — 1310 Texas Ave, San Antonio, TX 78201, USA"
Storehouse Ministry Fellowship Inc,Christian / General,"14145 NACOGDOCHES RD STE 2, SAN ANTONIO, TX 78247-1931",(210) 599-8136,https://www.storehousemf.org/about-us,yes,"Storehouse — 1331 S WW White Rd #103, San Antonio, TX 78220, USA"
Asher Ministries International Inc,Christian / General,"PO BOX 705, SAN ANTONIO, TX 78293-0705",,,no,"no confident match (wrong state). top result: ""Ashure Ministry, Inc."" — 245 E N St, Newton, NC 28658, USA"
Gods House For All Gods People Faith Church,,"PO BOX 10313, SAN ANTONIO, TX 78210-0313",(210) 264-1040,,yes,"Gods House Faith Church — 423 Morningview Dr, San Antonio, TX 78220, USA [temporarily closed]"
Master Key Ministries Inc,Christian / General,"7726 CLEAR RIDGE DR, SAN ANTONIO, TX 78239-3910",,,no,"no confident match (name similarity 0.20 < 0.5). top result: ""MasterKey Ministries"" — 209 S Heritage Pkwy, Sherman, TX 75092, USA"
San Antonio Korean Agape Presbyterian Church,Presbyterian,"6726 TABAK FARM, SAN ANTONIO, TX 78239-3258",,,no,"no confident match (name similarity 0.43 < 0.5). top result: ""First Korean Presbyterian Church"" — 4115 Eisenhauer Rd, San Antonio, TX 78218, USA"
Whole Life Christian Church,Christian / General,"8590 CRESTWAY DR, CONVERSE, TX 78109-3425",(210) 661-3030,https://wholelifechristianchurch.com/,yes,"Whole Life Christian Church — 8590 Crestway Dr, Converse, TX 78109, USA"
Iglesia De Jesucristo Palabra Miel Montesion,,"8619 BOUTRY HTS, SAN ANTONIO, TX 78254-2300",,http://www.palabramielsanantonio.com/,yes,"Iglesia de Jesucristo Palabra MIEL — 1101 W Woodlawn Ave, San Antonio, TX 78201, USA"
Rhema Christian Ministries Inc,Christian / General,"6768 SPEARWOOD, LIVE OAK, TX 78233-5472",,,no,"no confident match (name similarity 0.40 < 0.5). top result: ""Rhema Christian Church"" — 40117 FM 529, Brookshire, TX 77423, USA"
True Vine Baptist Church San Antonio,Baptist,"435 S ELLISON DR, SAN ANTONIO, TX 78245-1178",(210) 998-2329,https://tvbcsatx.org/,yes,"True Vine Baptist Church — 435 S Ellison Dr, San Antonio, TX 78245, USA"
Sammy Tippit Ministries,Christian / General,"14607 SAN PEDRO AVE STE 115, SAN ANTONIO, TX 78232-4356",(210) 492-7501,https://sammytippit.org/,yes,"Sammy Tippit Ministries — 14607 San Pedro Ave #115, San Antonio, TX 78232, USA"
The Joshua House Of Worship Ministries Inc Joshua Baptist,Baptist,"PO BOX 200103, SAN ANTONIO, TX 78220-0103",(210) 610-2338,http://joshuahouseofworship.org/,yes,"Joshua House of Worship — 4748 W Martin St, San Antonio, TX 78237, USA"
Jasper Stone Ministries Inc,Christian / General,"PO BOX 691953, SAN ANTONIO, TX 78269-1953",,,no,"no Places results for: Jasper Stone Ministries Inc, SAN ANTONIO, TX"
St Lukes Episcopal Church Permanent Endownment Tr,Episcopal,"11 SAINT LUKES LN, SAN ANTONIO, TX 78209-4445",,,no,"no confident match (name similarity 0.33 < 0.5). top result: ""St. Luke's Episcopal Church"" — 11 St Lukes Ln, Alamo Heights, TX 78209, USA"
Seek The Lost Ministries Inc,Christian / General,"5130 KAZEN DR, SAN ANTONIO, TX 78219-1340",,,no,"no confident match (wrong state). top result: ""Seeking The Lost Ministries"" — 529 Cabbage Creek Rd, Creston, NC 28615, USA"
Episcopal Church Corporation In West Texas,Episcopal,"PO BOX 6885, SAN ANTONIO, TX 78209-0885",(210) 824-5387,https://www.dwtx.org/,yes,"Episcopal Diocese of West Texas — 111 Torcido Dr, San Antonio, TX 78209, USA"
Texas-Oklahoma Latin District Church Of The Nazarene,,"137 JEANETTE DR, SAN ANTONIO, TX 78216-7307",,,no,"no confident match (name similarity 0.25 < 0.5). top result: ""Las Palmas Church Of The Nazarene"" — 402 SW 29th St, San Antonio, TX 78237, USA"
Community Of Churches For Social Action Ccsa,,"1023 N PINE ST, SAN ANTONIO, TX 78202-1203",(210) 460-2676,http://www.ccsasatx.org/,yes,"Community of Churches — 1023 N Pine St, San Antonio, TX 78202, USA"
Now Word Covenant Church Of San Antonio,,"12525 NACOGDOCHES RD STE 110, SAN ANTONIO, TX 78217-2112",(210) 490-9673,http://www.nowword.org/,yes,"Now Word Covenant Church — 12525 Nacogdoches Rd #110, San Antonio, TX 78217, USA"
Southside Victory Life Ministries,Christian / General,"PO BOX 14117, SAN ANTONIO, TX 78214-0117",,,no,"no confident match (name similarity 0.40 < 0.5). top result: ""Victorious life Ministries"" — 10807 Perrin Beitel #120, San Antonio, TX 78217, USA"
Iglesia De Dios Northwest,,"5914 SILVERCREST, SAN ANTONIO, TX 78228-2648",,,no,"no confident match (name similarity 0.25 < 0.5). top result: ""Church of God Ministry of Jesus Christ Intl.Iglesia de Dios Ministerial- IDMJI"" — 1929 La Manda Blvd, San Antonio, TX 78201, USA"
Prince Of Peace Baptist Church Of San Antonio Texas,Baptist,"526 RUNNELS AVE, SAN ANTONIO, TX 78208-2120",,,yes,"Prince of Peace Baptist Church — 526 Runnels Ave, San Antonio, TX 78208, USA"
Faith Harvest Non-Denominational Temple Of Christ Inc,,"6002 GLACIER SUN DR, SAN ANTONIO, TX 78244-1150",,,no,"no confident match (name similarity 0.11 < 0.5). top result: ""The Harvest Church SA"" — 6925 Crestway Rd, San Antonio, TX 78239, USA"
Word Of Life Fellowship - Lutheran Church Missouri Synod,Lutheran,"213 COY LN, CIBOLO, TX 78108-3020",(210) 566-2237,https://wordoflife4u.com/,yes,"Word of Life Fellowship Church — 213 Coy Ln, Cibolo, TX 78108, USA"
University Presbyterian Children Center,Presbyterian,"300 BUSHNELL AVE, SAN ANTONIO, TX 78212-5334",,,no,"no confident match (name similarity 0.40 < 0.5). top result: ""University Presbyterian Church"" — 300 Bushnell Ave, San Antonio, TX 78212, USA"
Salvation And Deliverance Church Of Texas,,"201 CHURCH ST, SCHERTZ, TX 78154-2129",,,no,"no confident match (name similarity 0.20 < 0.5). top result: ""Revolution Church"" — 9360 Corporate Dr #106, Selma, TX 78154, USA"
Grace Church New Braunfels,,"3240 FM 725, NEW BRAUNFELS, TX 78130-9101",(830) 626-3045,https://www.gracenb.com/,yes,"Grace Church New Braunfels — 3240 FM725, New Braunfels, TX 78130, USA"
Gateway Worship Center,,"2143 S WW WHITE RD, SAN ANTONIO, TX 78222-1121",,,no,"no confident match (name similarity 0.17 < 0.5). top result: ""Gateway Fellowship Church - Northwest"" — 10907 TX-1604 Loop, San Antonio, TX 78254, USA"
Christ Our Savior Luther Church,,"5323 BLANCO RD, SAN ANTONIO, TX 78216-7025",(210) 732-7223,http://coslc.org/,yes,"Christ Our Savior Lutheran Church — 5323 Blanco Rd, San Antonio, TX 78216, USA"
Iglesia El Jordan,,"13003 SW LOOP 410, SAN ANTONIO, TX 78224-3193",(210) 529-2970,,yes,"Iglesia El Jordan — 13003 SW Loop 410, San Antonio, TX 78224, USA"
John Levesque Ministries Inc,Christian / General,"PO BOX 395, CIBOLO, TX 78108-0395",,,no,"no Places results for: John Levesque Ministries Inc, CIBOLO, TX"
Spirit Of Life Christian Fellowship,Christian / General,"PO BOX 47952, SAN ANTONIO, TX 78265-8952",(210) 680-5856,,yes,"Spirit and Life Fellowship — 6401 Bandera Rd, Leon Valley, TX 78238, USA"
First Baptist Church Of New Braunfels Texas,Baptist,"230 S GUENTHER AVE, NEW BRAUNFELS, TX 78130-6271",(830) 625-9124,http://www.fbcnb.org/,yes,"First Baptist Church New Braunfels — 230 S Guenther Ave, New Braunfels, TX 78130, USA"
St John Baptist Church Of San Antonio,Baptist,"6800 EVERS RD, SAN ANTONIO, TX 78240-3100",(210) 822-3559,https://stjohnbaptist-sa.org/,yes,"St. John Baptist Church — 6800 Evers Rd, San Antonio, TX 78240, USA"
St Joseph Missionary Baptist Church,Baptist,"122 CORLISS ST, SAN ANTONIO, TX 78220-1238",(210) 225-4494,,yes,"St Joseph Baptist Church — 122 Corliss, San Antonio, TX 78220, USA"
Holy Spirit Outreach Ministries,Christian / General,"3022 EL PASO ST, SAN ANTONIO, TX 78207-4603",,,no,"no confident match (name similarity 0.40 < 0.5). top result: ""Holy Spirit Ministry"" — 1811 Perez St, San Antonio, TX 78207, USA"
Oasis Of Hope Familychurch,,"2 FRINGEWOOD, SAN ANTONIO, TX 78254-5575",,,no,"no confident match (name similarity 0.20 < 0.5). top result: ""Oasis of Life Church"" — 5411 W Commerce St, San Antonio, TX 78237, USA"
Mission Road Ministries,Christian / General,"8706 MISSION RD, SAN ANTONIO, TX 78214-3140",(210) 924-9265,http://missionroadministries.org/,yes,"Mission Road Ministries — 8706 Mission Rd, San Antonio, TX 78214, USA"
Abounding Hope Baptist Church,Baptist,"102 E CHERYL DR APT 6, SAN ANTONIO, TX 78228-3063",(210) 226-1949,,yes,"Abounding Hope Church — 1250 S Trinity St, San Antonio, TX 78207, USA"
Iglesia Bautista Nueva Esperanza,,"222 HIGHVIEW DR, SAN ANTONIO, TX 78228-1943",(210) 592-8009,,yes,"Iglesia Bautista Nueva Esperanza — 543 Pruitt Ave, San Antonio, TX 78204, USA"
Rock Of Revelation Church Inc,,"9215 WALHALLA AVE, SAN ANTONIO, TX 78221-4124",(210) 932-4651,http://rockofrevelationchurch.org/,yes,"The Rock of Revelation Church — 4714 Roosevelt Ave, San Antonio, TX 78214, USA"
Cross Community Chistian Church,,"PO BOX 1646, BOERNE, TX 78006-6646",,,no,"no confident match (name similarity 0.40 < 0.5). top result: ""Cross Mountain Church"" — 24891 Boerne Stage Rd, San Antonio, TX 78255, USA"
Word Of Deliverance Church Inc,,"425 ESSEX ST, SAN ANTONIO, TX 78210-2109",(210) 454-8538,,yes,"Word of Deliverance Ministry/Church — 935 Iowa St, San Antonio, TX 78203, USA"
Men Of Integrity Ministries Inc,Christian / General,"4339 BOXWOOD RD, SAN ANTONIO, TX 78222-1103",,,no,"no confident match (name similarity 0.20 < 0.5). top result: ""MTF Ministries"" — 2355 Delgado St, San Antonio, TX 78228, USA"
East Side Baptist Tabernacle,Baptist,"554 BELMONT, SAN ANTONIO, TX 78202-3233",,,no,"no confident match (name similarity 0.33 < 0.5). top result: ""Town East Baptist Church"" — 5866 US Hwy 87 E, San Antonio, TX 78222, USA"
Igniting The Harvest Christian Church Inc,Christian / General,"233 THOMPSON PL, SAN ANTONIO, TX 78225-1409",(210) 434-3473,https://www.ithchurch.com/,yes,"Igniting The Harvest Church — 2311 Castroville Rd, San Antonio, TX 78237, USA"
Hope Church,,"18850 REDLAND RD, SAN ANTONIO, TX 78259-3570",(210) 545-4673,http://www.hopeisreal.org/,yes,"Hope Church San Antonio — 18850 Redland Rd, San Antonio, TX 78259, USA"
A Woman After Gods Own Heart Ministries Inc,Christian / General,"18623 DOUBLE FORK RD, SAN ANTONIO, TX 78258-4639",,,no,"no confident match (name similarity 0.25 < 0.5). top result: ""Heart To Heart Ministries"" — 5526 Aspen Valley St, San Antonio, TX 78242, USA"
Grace Bible Chapel,,"PO BOX 592256, SAN ANTONIO, TX 78259-0162",(210) 499-1351,http://www.gbcsa.org/,yes,"Grace Bible Chapel — 18911 Redland Rd, San Antonio, TX 78259, USA"
Very Bold Ministries Inc,Christian / General,"425 MOONVINE WAY, NEW BRAUNFELS, TX 78130-5580",,,no,"no confident match (wrong state). top result: ""Bread of Life Development Ministries, Inc."" — 2826 GA-20, Conyers, GA 30013, USA"
Chapel Boychoir Of San Antonio,,"5909 WALZEM RD, WINDCREST, TX 78218-2112",,,no,"no confident match (name similarity 0.00 < 0.5). top result: ""Texas Children's Choir"" — 8409 Corto Cir, San Antonio, TX 78239, USA"
San Antonio Church Of Christ At Viewcrest,Church of Christ,"403 E VISTA RDG, SAN ANTONIO, TX 78260-1839",(210) 818-8603,https://www.sacctx.org/,yes,"San Antonio Christian Church — 6487 Whitby Rd, San Antonio, TX 78240, USA"
Cheryl Bible Chapel,,"135 W CHERYL DR, SAN ANTONIO, TX 78228-4038",,,no,"no confident match (name similarity 0.40 < 0.5). top result: ""San Antonio Bible Chapel"" — 135 W Cheryl Dr, San Antonio, TX 78228, USA"
Duncan Ministries,Christian / General,"531 S ACADEMY AVE, NEW BRAUNFELS, TX 78130-7603",,,no,"no confident match (wrong state). top result: ""Robert Duncan Ministries Mission Store"" — 1406 Golden Needles St, Wilkesboro, NC 28697, USA"
New Day Bible Church,,"8069 OLD AUSTIN RD, SELMA, TX 78154-3331",(210) 651-5968,,yes,"New Day Bible Church — 8069 Old Austin Rd, Selma, TX 78154, USA"
Somerset Church Of God,Church of God,"PO BOX 96, SOMERSET, TX 78069-0096",(210) 473-4912,,yes,"Somerset Church of God: Dios Restaura — 7730 E 6th St, Somerset, TX 78069, USA"
El Shaddai Christian Fellowship,Christian / General,"4116 MOUNTAIN PASS, VON ORMY, TX 78073-5187",(210) 209-2898,,yes,"El Shaddai Christian Church — 1414 Cupples Rd, San Antonio, TX 78226, USA"
Emmanuel Apostolic Temple Church,Apostolic,"223 FERRIS AVE, SAN ANTONIO, TX 78220-1217",(210) 337-6367,,yes,"Emmanuel Apostolic Temple — 531 Twohig Ave, San Antonio, TX 78220, USA"
Peace Apostolic Church,Apostolic,"1070 HONEY TREE ST, SAN ANTONIO, TX 78245-1646",(210) 434-3984,,yes,"Peace Apostolic Church — 339 Hortencia Ave, San Antonio, TX 78237, USA"
Bethel A M E Church Of San Antonio,,"225 N SWISS, SAN ANTONIO, TX 78202-2755",,,no,"no confident match (name similarity 0.29 < 0.5). top result: ""Bethel AME Church"" — 225 N Swiss St, San Antonio, TX 78202, USA"
Still Water Christian Ministries Inc,Christian / General,"PO BOX 1885, BOERNE, TX 78006-6885",,,no,"no confident match (name similarity 0.33 < 0.5). top result: ""Still Water Camps"" — 1015 N School St, Boerne, TX 78006, USA"
West Laurel Heights First Missionary Baptist Church,Baptist,"115 GUTHRIE ST, SAN ANTONIO, TX 78237-3237",(210) 434-2225,,yes,"West Laurel Heights First Missionary Baptist Church — 115 Guthrie St, San Antonio, TX 78237, USA"
Iglesia Olor Fragante,,"7647 SPANISH WOOD, SAN ANTONIO, TX 78249-4260",(210) 459-1000,,yes,"Iglesia Olor Fragante — 3842 Culebra Rd, San Antonio, TX 78228, USA"
Catholic Daughters Of The Americas,Catholic,"26023 KALKSTEINE LOOOP, NEW BRAUNFELS, TX 78132-0000",(830) 372-3330,,yes,"Catholic Daughters of America — 616 S Austin St, Seguin, TX 78155, USA"
Mountain Time Ministries,Christian / General,"10223 SOUTHCREEK, CONVERSE, TX 78109-1677",,,no,"no confident match (name similarity 0.29 < 0.5). top result: ""JOY MINISTRIES/Harvest Time Christian Fellowship"" — 10503 Roosevelt Ave, San Antonio, TX 78214, USA"
St Peters Baptist Church,Baptist,"651 LINCOLNSHIRE DR, SAN ANTONIO, TX 78220-3215",,,yes,"St Peters Baptist Church — 651 Lincolnshire Dr, San Antonio, TX 78220, USA"
Church Of The Firstborn Sa,,"909 E FM 1518 N, SCHERTZ, TX 78154-1718",,,no,"no confident match (name similarity 0.20 < 0.5). top result: ""Church of the First Born"" — 909 FM1518, Schertz, TX 78154, USA"
Christian Unity Ministries,Christian / General,"2827 QUAIL OAK ST, SAN ANTONIO, TX 78232-1816",,,no,"no confident match (name similarity 0.20 < 0.5). top result: ""Unity of San Antonio"" — 1723 W Lawndale Dr, San Antonio, TX 78209, USA"
Templo Nuestro Salvador,,"729 ATLANTA ST, SAN ANTONIO, TX 78212-4411",,,no,"no confident match (name similarity 0.17 < 0.5). top result: ""El Salvador Assembly of God"" — 201 Odell St, San Antonio, TX 78212, USA"
First Baptist Church Of Fair Oaks Ranch,Baptist,"31375 FM 3351 S, BOERNE, TX 78006-5888",(830) 438-8504,http://fbcfairoaks.org/,yes,"First Baptist Church of Fair Oaks Ranch — 31375 FM 3351 S, Fair Oaks Ranch, TX 78015, USA"
Holy Cross Lutheran Church,Lutheran,"3118 S NEW BRAUNFELS AVE, SAN ANTONIO, TX 78210-5254",(210) 532-1300,,yes,"Holy Cross Lutheran Church — 3118 S New Braunfels Ave, San Antonio, TX 78210, USA"
Mt Calvary Luthren Church,,"308 MOUNT CALVARY, SAN ANTONIO, TX 78209-4846",,,no,"no confident match (name similarity 0.33 < 0.5). top result: ""Mount Calvary Lutheran Church"" — 308 Mt Calvary Dr, San Antonio, TX 78209, USA"
Redeemer Lutheran Church,Lutheran,"2507 FREDERICKSBERG RD, SAN ANTONIO, TX 78201-3784",(210) 732-4112,http://www.redeemersatx.com/,yes,"Redeemer Lutheran Church — 2507 Fredericksburg Rd, San Antonio, TX 78201, USA"
Lutheran Church Missouri Synod St Paul Lutheran,Lutheran,"2302 S PRESA ST, SAN ANTONIO, TX 78210-2840",(210) 532-7341,http://www.stpaulsa.org/,yes,"St. Paul Lutheran Church — 2302 S Presa St, San Antonio, TX 78210, USA"
Second Baptist Church Incorporated Of San Antonio Texas,Baptist,"3310 E COMMERCE ST, SAN ANTONIO, TX 78220-1220",(210) 227-2605,http://secondbaptistsat.org/,yes,"Second Baptist Church — 3310 E Commerce St, San Antonio, TX 78220, USA"
St Stephens Episcopal Church,Episcopal,"4102 S NEW BRAUNFELS AVE STE 110, SAN ANTONIO, TX 78223-1717",(210) 534-5400,https://www.saintstephenssa.org/,yes,"St. Stephen's Episcopal Church — 631 Utopia Ln, San Antonio, TX 78223, USA"
Alamo Heights Christian Church,Christian / General,"6435 N NEW BRAUNFELS AVE, SAN ANTONIO, TX 78209-3851",(210) 828-5728,http://www.alamoheightscc.org/,yes,"Alamo Heights Christian Church — 6435 N New Braunfels Ave, San Antonio, TX 78209, USA"
Covenant Presbyterian Church,Presbyterian,"1761 NW LOOP 410, SAN ANTONIO, TX 78213-2423",(210) 342-5253,http://www.covenantcares.org/,yes,"Covenant Presbyterian Church — 1761 Northwest Loop 410, San Antonio, TX 78213, USA"
Castle Hills First Baptist Church,Baptist,"2220 NW MILITARY HWY, SAN ANTONIO, TX 78213-1815",(210) 344-7188,http://chccsa.com/,yes,"Castle Hills Christian Church — 6209 West Ave, San Antonio, TX 78213, USA"
Elizabeth Beitel Memorial Lutheran Church,Lutheran,"2515 AUSTIN HWY, SAN ANTONIO, TX 78218-2047",(210) 655-2574,,yes,"Beitel Lutheran Church — 2515 Austin Hwy, San Antonio, TX 78218, USA"
Eastside Baptist Church,Baptist,"983 HOLLY ST, NEW BRAUNFELS, TX 78130-3618",(830) 625-0718,http://www.ebcnbtx.com/,yes,"Eastside Baptist Church — 983 Holly St, New Braunfels, TX 78130, USA"
Church Of The Holy Cross,,"3726 S NEW BRAUNFELS AVE, SAN ANTONIO, TX 78223-1706",,,no,"no confident match (name similarity 0.40 < 0.5). top result: ""Holy Trinity Catholic Church"" — 20523 Huebner Rd, San Antonio, TX 78258, USA"
Greater Lincoln Park Temple Apostolic Faith Incorporated,Apostolic,"937 W MAGNOLIA AVE, SAN ANTONIO, TX 78201-5641",(210) 271-3795,,yes,"Greater Faith Temple Apostolic — 15549 Toepperwein Rd, San Antonio, TX 78233, USA"
House Of Prayer Lutheran Church San Antonio Texas,Lutheran,"10226 IRONSIDE DR, SAN ANTONIO, TX 78230-3253",(210) 696-1194,http://www.hoplcsa.org/,yes,"House of Prayer Lutheran Church — 10226 Ironside Dr, San Antonio, TX 78230, USA"
Tried Stone Baptist Church,Baptist,"551 CANTON, SAN ANTONIO, TX 78202-3104",(210) 226-1162,https://www.triedstonebcsa.org/,yes,"Tried Stone Baptist Church — 551 Canton, San Antonio, TX 78202, USA"
North American Lutheran Church,Lutheran,"PO BOX 1081, BOERNE, TX 78006-1081",,,no,"no confident match (name similarity 0.33 < 0.5). top result: ""St John Lutheran Church"" — 315 Rosewood Ave, Boerne, TX 78006, USA"
Faith Gospel Fellowship Church,Christian / General,"3737 ROOSEVELT AVE, SAN ANTONIO, TX 78214-2900",(210) 251-4932,https://lffcsa.org/,yes,"Living Faith Fellowship Church — 21654 Blanco Rd, San Antonio, TX 78260, USA"
Casa De Oracion Iglesia Espiritual De Jesucristo,,"3402 MONTEREY ST, SAN ANTONIO, TX 78207-4059",,,no,"no confident match (name similarity 0.20 < 0.5). top result: ""Casa De Oración San Antonio"" — 901 E Drexel Ave, San Antonio, TX 78210, USA"
Far East Apostolic Mission,Apostolic,"214 COLFAX ST, SAN ANTONIO, TX 78228-4732",,,no,"no confident match (name similarity 0.17 < 0.5). top result: ""Steadfast Apostolic Church"" — 643 Rice Rd, San Antonio, TX 78220, USA"
Leon Springs Presbyterian Church,Presbyterian,"23943 IH-10 WEST, SAN ANTONIO, TX 78257-1110",(210) 698-2325,http://www.leonspringspres.com/,yes,"Leon Springs Presbyterian Church — 23943 IH 10 West, 23943 US-87, San Antonio, TX 78257, USA"
Shenandoah Church Of Christ Inc,Church of Christ,"11026 WURSBACK RD, SAN ANTONIO, TX 78230-0000",(210) 986-8880,,yes,"Shenandoah Church of Christ — 11026 Wurzbach Rd, San Antonio, TX 78230, USA"
Genesis Full Life Fellowship Church Inc,Christian / General,"15549 TOEPPERWEIN RD, SAN ANTONIO, TX 78233-3991",(210) 655-8300,https://www.gflfc.org/,yes,"Genesis Full Life Fellowship — 15549 Toepperwein Rd, San Antonio, TX 78233, USA"
Our Lady Of Guadalupe Parish,,"13715 RIGGS RD, HELOTES, TX 78023-3917",(210) 695-8791,http://www.olghelotes.org/,yes,"Our Lady of Guadalupe Catholic Church — 13715 Riggs Rd, Helotes, TX 78023, USA"
Friendship Baptist Church,Baptist,"935 IOWA ST, SAN ANTONIO, TX 78203-1657",(800) 254-7876,http://friendship.com/,yes,"Friendship Church — 14015 San Pedro Ave, San Antonio, TX 78232, USA"
Faith Missionary Baptist Church Of San Antonio,Baptist,"7307 FRATT RD, SAN ANTONIO, TX 78218-2833",(210) 655-1941,,yes,"Faith Missionary Baptist Church — 7307 Fratt Rd, San Antonio, TX 78218, USA"
Willow Park Christian Church,Christian / General,"118 HONEY BLVD, SAN ANTONIO, TX 78220-1230",(210) 223-2516,,yes,"Willow Park Christian Church — 118 Honey Blvd, San Antonio, TX 78220, USA"
New Life Christian Fellowship,Christian / General,"2419 RIGSBY AVE, SAN ANTONIO, TX 78222-1014",(210) 945-8098,http://www.newlifesa.net,yes,"New Life Fellowship — 11225 E Loop 1604 N, Universal City, TX 78148, USA"
Christian Montessori Fellowship Inc,Christian / General,"24125 IH 10 WEST STE 217-117, SAN ANTONIO, TX 78257-0000",,,no,"no confident match (name similarity 0.13 < 0.5). top result: ""Christ Fellowship United Methodist Church"" — 10915 Shaenfield Rd, San Antonio, TX 78254, USA"
Beginning Experience International Ministry Inc,Christian / General,"103 BILTMORE ST STE 105, SAN ANTONIO, TX 78213-2260",,,no,"no confident match (wrong state). top result: ""Beginning Experience International Ministry, Inc."" — 7188 San Carmela Ct, Rancho Cucamonga, CA 91739, USA"
Daystar Church,,"8666 HUEBNER RD STE 204, SAN ANTONIO, TX 78240-1837",,,no,"no confident match (name similarity 0.33 < 0.5). top result: ""Cornerstone Church"" — 18755 Stone Oak Pkwy, San Antonio, TX 78258, USA"
Hardcore Evangelistic Ministries Inc,Christian / General,"13423 BLANCO RD, SAN ANTONIO, TX 78216-2187",,,no,"no Places results for: Hardcore Evangelistic Ministries Inc, SAN ANTONIO, TX"
At The Gate Ministries Inc,Christian / General,"7203 WILDER ST, SAN ANTONIO, TX 78250-3525",,,no,"no confident match (wrong state). top result: ""The Gate Ministries"" — Flat No: 1312, 3rd Floor, Kondli Gharoli, Mayur Vihar Phase III, New Delhi, Delhi, 110096, India"
Dick Senter Ministries Inc,Christian / General,"1703 BRAEBURN BND, SAN ANTONIO, TX 78258-4512",,,no,"no confident match (name similarity 0.00 < 0.5). top result: ""Ministry of the Third Cross"" — 222 S Comal St, San Antonio, TX 78207, USA"
Perrin Ministries,Christian / General,"26006 MISSION BLF, BOERNE, TX 78015-6554",,,no,"no confident match (name similarity 0.00 < 0.5). top result: ""Morningside at Menger Springs Independent Living"" — 1100 Grand Blvd, Boerne, TX 78006, USA"
Calvary Outreach Ministry Of New Braunfels,Christian / General,"3526 TURNABOUT LOOP, CIBOLO, TX 78108-2148",,,no,"no confident match (name similarity 0.38 < 0.5). top result: ""Riverview Calvary Chapel-New Braunfels,TX"" — 6804 FM306, New Braunfels, TX 78132, USA"
Wings Of A Dove Christian Church,Christian / General,"915 CINCINNATI AVE, SAN ANTONIO, TX 78201-6029",,,no,"no confident match (name similarity 0.33 < 0.5). top result: ""The Door Christian Fellowship Church"" — 1821 Bandera Rd Ste E, San Antonio, TX 78228, USA"
Pit Crew Ministries International,Christian / General,"166 CAVE LN, SAN ANTONIO, TX 78209-2209",,,no,"no confident match (name similarity 0.13 < 0.5). top result: ""Revive Ministries San Antonio Church"" — 303 W Ramsey Rd, San Antonio, TX 78216, USA"
The Vineyard Fellowship Church,Christian / General,"207 1ST ST, SCHERTZ, TX 78154-2101",(210) 658-0293,,yes,"Vineyard Fellowship Church — 207 1st St, Schertz, TX 78154, USA"
New Way Bible Fellowship,Christian / General,"4202 JARBET DR, SAN ANTONIO, TX 78220-1647",,,no,"no confident match (name similarity 0.40 < 0.5). top result: ""Fellowship Bible Church"" — 8603 Huebner Rd, San Antonio, TX 78240, USA"
Journey Church,,"6758 MONTGOMERY DR, SAN ANTONIO, TX 78239-3245",(210) 877-9045,https://journeychurchsa.com/,yes,"Journey Church San Antonio — 12758 Cimarron Path Ste. 112B, San Antonio, TX 78249, USA"
Church Of God Of Prophecy,Church of God,"634 SAIPAN PL, SAN ANTONIO, TX 78221-2937",,,no,"no confident match (name similarity 0.00 < 0.5). top result: ""Prophetic Life Ministry"" — 18303 Cabin Rd, San Antonio, TX 78258, USA"
House Of Peace Ministries,Christian / General,"116 WILLOW RUN, CIBOLO, TX 78108-2305",,,no,"no confident match (name similarity 0.17 < 0.5). top result: ""Peace at the Cross Outreach Ministry"" — 120 Flint Rd, Cibolo, TX 78108, USA"
Mobilization Ministries Corporation,Christian / General,"406 SUNRISE HL, SAN ANTONIO, TX 78260-5822",,,no,"no confident match (name similarity 0.20 < 0.5). top result: ""One By One Ministries"" — 1117 Patricia Dr # B, San Antonio, TX 78213, USA"
Bethel Community Ministries,Christian / General,"3447 NORTHEAST PKWY, SAN ANTONIO, TX 78218-3329",,,no,"no confident match (name similarity 0.20 < 0.5). top result: ""Bethel Covenant AG"" — 10802 W Loop 1604 N, San Antonio, TX 78254, USA"
Carpenters 12 Ministry,Christian / General,"6422 THISTLE, NEW BRAUNFELS, TX 78132-4894",,,no,"no confident match (name similarity 0.00 < 0.5). top result: ""New Braunfels Church of Christ"" — 1665 S Business IH 35, New Braunfels, TX 78130, USA"
Templo Elim Assembly Of God,,"607 SALDANA ST, SAN ANTONIO, TX 78225-1546",(210) 592-1189,,yes,"Templo Elim Assemblies of God — 607 Saldana St, San Antonio, TX 78225, USA"
Alamo Stone Church,,"C/O SALVATION CENTER 5719 MOBUD, SAN ANTONIO, TX 78238-0000",(210) 900-2752,http://www.alamostone.org/,yes,"Alamo Stone Church — 5719 Mobud St #2, San Antonio, TX 78238, USA"
New Wine Church Of San Antonio,,"PO BOX 27610, SAN ANTONIO, TX 78227-0610",,,no,"no confident match (name similarity 0.25 < 0.5). top result: ""New Wine Family Christian Center"" — 223 Clovis Pl, San Antonio, TX 78221, USA"
The Door Church Of New Braunfels,,"711 N WALNUT, NEW BRAUNFELS, TX 78130-7924",(210) 569-3494,https://www.thedoornbtx.com/,yes,"The Door Church of New Braunfels Tx — 711 N Walnut Ave Ste a, New Braunfels, TX 78130, USA"
Blessed Life Christian Church,Christian / General,"1524 RED OAK CV, SCHERTZ, TX 78154-3715",(210) 653-0307,,yes,"Blessed Life Christian Church — 6919 Montgomery Dr, San Antonio, TX 78239, USA"
Waters Church,,"9324 SCHOENTHAL ROAD, SAN ANTONIO, TX 78266-2740",,,no,"no confident match (name similarity 0.20 < 0.5). top result: ""Living Water Faith Church"" — 524 Ruiz St, San Antonio, TX 78207, USA"
Spirit Of Sharing Ministry,Christian / General,"9706 CREEKSIDE BLF, SAN ANTONIO, TX 78230-4615",,,no,"no confident match (name similarity 0.00 < 0.5). top result: ""She is Society"" — 5590 Summit Pkwy, San Antonio, TX 78229, USA"
Magdalena Ministries Inc,Christian / General,"PO BOX 692041, SAN ANTONIO, TX 78269-2041",,,no,"no confident match (name similarity 0.33 < 0.5). top result: ""The Magdalena"" — 388 W Craig Pl, San Antonio, TX 78212, USA"
Souled Out - Bfa - Bwoe Ministries,Christian / General,"2551 GROVE PARK, SCHERTZ, TX 78154-2652",(210) 862-5221,http://souledoutchristianministries.com/,yes,"Souled Out Ministries Inc — 19 E Grayson St, San Antonio, TX 78215, USA"
Amazing Grace Christian Church,Christian / General,"12118 EL SENDERO ST, SAN ANTONIO, TX 78233-6720",,,no,"no confident match (name similarity 0.40 < 0.5). top result: ""Amazing Church Texas"" — 5407 Bandera Rd #113, Leon Valley, TX 78238, USA"
Church At Boerne,,"107 SHOOTING CLUB RD, BOERNE, TX 78006-5954",,,yes,"The Church of Boerne — 1100 N Main St Unit 103, Boerne, TX 78006, USA"
World Embassy International Church,,"12266 BANDERA RD BLDG 200, HELOTES, TX 78023-4112",,,no,"no confident match (name similarity 0.40 < 0.5). top result: ""Embassy Church Ministries"" — 8510 Selby Heights, San Antonio, TX 78254, USA"
Chi Alpha Christian Fellowship,Christian / General,"7314 GREEN GLEN DR, SAN ANTONIO, TX 78255-1117",,,no,"no confident match (name similarity 0.33 < 0.5). top result: ""Chi Alpha At Texas State"" — 310 W Hutchison St, San Marcos, TX 78666, USA"
Cjc Global Ministries,Christian / General,"6401 BANDERA RD, SAN ANTONIO, TX 78238-1512",,,no,"no confident match (name similarity 0.00 < 0.5). top result: ""CJCLife Church"" — 6401 Bandera Rd Suite#200, San Antonio, TX 78238, USA"
Sold Out Believers Christian Fellowship,Christian / General,"1139 GEMBLER RD, SAN ANTONIO, TX 78219-3200",(877) 776-2415,,yes,"sold out believers cf — 1139 Gembler Rd, San Antonio, TX 78219, USA"
Revolution Church Of Schertz,,"17460 IH 35 N STE 430 307, SCHERTZ, TX 78154-1462",(210) 679-1001,https://www.revyourlife.com/,yes,"Revolution Church — 9360 Corporate Dr #106, Selma, TX 78154, USA"
Grace New Beginnings & Harvest Ministries,Christian / General,"PO BOX 201832, SAN ANTONIO, TX 78220-8832",,,no,"no confident match (name similarity 0.43 < 0.5). top result: ""New Beginnings Ministries Church of God"" — 2711 E Commerce St, San Antonio, TX 78203, USA"
Covenant Ministry Internationl Inc,Christian / General,"8426 CASCADE RIDGE DR, SAN ANTONIO, TX 78239-4038",,,no,"no confident match (name similarity 0.11 < 0.5). top result: ""Covenant Ministries International - Food Distribution Center"" — 6879 Montgomery Dr, San Antonio, TX 78239, USA"
La Nueva Jerusalem Baptist Church,Baptist,"2762 DIGNOWITY AVE, SAN ANTONIO, TX 78208-2107",,,no,"no confident match (name similarity 0.43 < 0.5). top result: ""Iglesia Bautista La Nueva Jerusalem"" — 2762 Dignowity Ave, San Antonio, TX 78208, USA"
Beauty Of The Cross Ministry Inc,Christian / General,"1402 ASH ST, SAN ANTONIO, TX 78208-1705",,,no,"no confident match (name similarity 0.40 < 0.5). top result: ""Ministry of the Third Cross"" — 222 S Comal St, San Antonio, TX 78207, USA"
Transformation Church,,"PO BOX 591417, SAN ANTONIO, TX 78259-0120",,,no,"no confident match (name similarity 0.25 < 0.5). top result: ""The Transformation Place SA"" — 903 S Palmetto Ave, San Antonio, TX 78210, USA"
New Life Church,,"4527 BRIARWICK ST, SAN ANTONIO, TX 78217-1424",(210) 362-1100,http://www.newlifechurchsa.com/,yes,"New Life Church — 1240 Holbrook Rd, San Antonio, TX 78218, USA"
S A Resurrection Ministries,Christian / General,"6902 TWIN LAKE DR, SAN ANTONIO, TX 78244-1651",,,no,"no confident match (name similarity 0.20 < 0.5). top result: ""Resurrection Baptist Church"" — 16875 Jones Maltsberger Rd, San Antonio, TX 78247, USA"
Japanese Megumi International Church Of San Antonio,,"10603 CULEBRA RD, SAN ANTONIO, TX 78251-1346",,https://jmicsa.wixsite.com/jmicsa-website,yes,"Japanese Megumi International Church — 10603 Culebra Rd, San Antonio, TX 78251, USA"
Faith Christian Fellowship Of San Antonio,Christian / General,"301 AVENUE D, CONVERSE, TX 78109-1410",,,no,"no confident match (name similarity 0.13 < 0.5). top result: ""Rock-Faith Missionary Baptist"" — 107 School St, Converse, TX 78109, USA"
Isa117 Ministries,Christian / General,"PO BOX 23909, SAN ANTONIO, TX 78223-0901",,,no,"no Places results for: Isa117 Ministries, SAN ANTONIO, TX"
Momentum Bible Church,,"24014 BUCKTHOM PASS, SAN ANTONIO, TX 78261-0000",(210) 496-5096,http://www.communitybible.com/,yes,"Community Bible Church — 2477 N Loop 1604 E, San Antonio, TX 78232, USA"
Defection Church Inc,,"515 BERYL DR, SAN ANTONIO, TX 78213-3410",(210) 896-4235,http://imadefector.com/,yes,"Defection Church — 2322 Blanco Rd, San Antonio, TX 78212, USA"
Christ Lifetouch Ministry Inc,Christian / General,"9330 CORPORATE DRIVE, SELMA, TX 78154-1251",,,no,"no confident match (name similarity 0.29 < 0.5). top result: ""Christ Life Touch Ministries Inc."" — 9330 Corporate Dr Ste 602, Selma, TX 78154, USA"
Thuff Ministries Inc,Christian / General,"5902 AKIN PL, SAN ANTONIO, TX 78261-2165",,,no,"no confident match (name similarity 0.25 < 0.5). top result: ""MTF Ministries"" — 2355 Delgado St, San Antonio, TX 78228, USA"
My Elevate Church Inc,,"420 BRANDENBURG LN, NEW BRAUNFELS, TX 78130-8214",,,no,"no confident match (name similarity 0.20 < 0.5). top result: ""Elevate Ministries"" — 130 Saipan Pl, San Antonio, TX 78221, USA"
Hillburn Drive Grace Baptist Church Inc,Baptist,"5426 HILLBURN DR, SAN ANTONIO, TX 78242-2360",(210) 675-5484,https://hdgbcsa.wordpress.com/,yes,"Hillburn Drive Grace Baptist Church — 5426 Hillburn Dr, San Antonio, TX 78242, USA"
City Of God Worship Center,,"8826 BRIDINGTON, SAN ANTONIO, TX 78239-2803",,,no,"no confident match (name similarity 0.40 < 0.5). top result: ""City of God SA"" — 622 Lanark Dr, San Antonio, TX 78218, USA"
Iglesia Catolica Apostolica Anglicana Inc,Apostolic,"1150 BABCOCK RD APT L10, SAN ANTONIO, TX 78201-6943",,,no,"no confident match (name similarity 0.00 < 0.5). top result: ""All Saints Anglican Church"" — 11122 Link, San Antonio, TX 78213, USA"
Mission Community Church- Efca,,"PO BOX 769493, SAN ANTONIO, TX 78245-9348",,https://missioncommunitysa.com/,yes,"Mission Community Church Collective — 8765 Texas 151 Access Rd, San Antonio, TX 78245, USA"
Wow Out Ministries,Christian / General,"12303 BRET SPRINGS ST, SAN ANTONIO, TX 78233-4603",,,no,"no confident match (name similarity 0.40 < 0.5). top result: ""Souled Out Ministries Inc"" — 19 E Grayson St, San Antonio, TX 78215, USA"
Encountering God Ministries,Christian / General,"8754 SILVER QUAIL, SAN ANTONIO, TX 78250-6216",,,no,"no confident match (name similarity 0.00 < 0.5). top result: ""ONE"" — 8023 Vantage Dr Ste 200, San Antonio, TX 78230, USA"
Ascension Church,,"8027 SHEPPARD KNL, SAN ANTONIO, TX 78227-4770",,,no,"no confident match (name similarity 0.17 < 0.5). top result: ""Shoreline City Church San Antonio"" — 400 Pearl Pkwy, San Antonio, TX 78215, USA"
202 Holland Avenue Fellowship Church,Christian / General,"4007 MCCULLOUGH AVE STE 470, SAN ANTONIO, TX 78212-2420",,,no,"no confident match (name similarity 0.14 < 0.5). top result: ""The Fellowship of San Antonio"" — 23755 Canyon Golf Rd, San Antonio, TX 78258, USA"
Christ Temple Tabernacle Inc,,"11722 BRIDGE HAMPTON, SAN ANTONIO, TX 78251-3203",(210) 317-8386,,yes,"Christ Temple Church/Tabernacle — 279 Tarasco St, San Antonio, TX 78227, USA"
Nacogdoches Road Church Of Christ Inc,Church of Christ,"12623 NACOGDOCHES RD, SAN ANTONIO, TX 78217-2111",(210) 422-9356,https://www.facebook.com/Nacogdoches.rd.Church.of.Christ/,yes,"Nacogdoches Road Church Of Christ — 12623 Nacogdoches Rd, San Antonio, TX 78217, USA"
In Christ Ministry,Christian / General,"5915 LARKSPUR VLY, SAN ANTONIO, TX 78218-2327",,,no,"no confident match (name similarity 0.25 < 0.5). top result: ""Christ In US Ministries"" — 672 Gillette Blvd, San Antonio, TX 78221, USA"
Universal Pentecostal Church In Mission Upcm Inc,Pentecostal,"5018 GALAHAD DR, SAN ANTONIO, TX 78218-2701",,,no,"no confident match (name similarity 0.25 < 0.5). top result: ""First United Pentecostal Church"" — 350 Utopia Ln, San Antonio, TX 78223, USA"
Girldefined Ministries Inc,Christian / General,"1910 NW MILITARY HWY, SAN ANTONIO, TX 78213-2128",,,no,"no Places results for: Girldefined Ministries Inc, SAN ANTONIO, TX"
Aaron Grijalva Ministries Inc,Christian / General,"12532 NEVILLE RNCH, SAN ANTONIO, TX 78245-3562",,,no,"no confident match (name similarity 0.00 < 0.5). top result: ""RISE Church"" — 13715 FM1560, Helotes, TX 78023, USA"
Faith Alive Ministries,Christian / General,"1311 INDUSTRIAL DR STE A, NEW BRAUNFELS, TX 78130-4499",(830) 312-7709,http://www.facnb.org/,yes,"Faith Alive — a and b, 1311 Industrial St, New Braunfels, TX 78130, USA"
Cleft Of The Rock Church,,"6041 WT MONTGOMERY, SAN ANTONIO, TX 78252-2234",(210) 517-0446,https://www.cleftoftherocksa.org/,yes,"Cleft Of The Rock Church — 6041 Wt Montgomery, San Antonio, TX 78252, USA"
Bibleuia Ministries,Christian / General,"6445 US HIGHWAY 87, SAN ANTONIO, TX 78222-1816",,,no,"no confident match (name similarity 0.00 < 0.5). top result: ""Messiah Bible Church"" — 551 E Nakoma Dr, San Antonio, TX 78216, USA"
Refuge Church At Lone Star,,"28 ARNOLD PALMER, SAN ANTONIO, TX 78257-1723",,http://therefuge.life/,yes,"REFUGE CHURCH — 306 E Mitchell St, San Antonio, TX 78210, USA"
Faith Bound Street Ministry Inc,Christian / General,"5214 STORMY BREEZE, SAN ANTONIO, TX 78247-1725",,,no,"no Places results for: Faith Bound Street Ministry Inc, SAN ANTONIO, TX"
My Church,,"1719 DEER RUN ST, SAN ANTONIO, TX 78232-4414",,,no,"no confident match (name similarity 0.20 < 0.5). top result: ""Mission City Church – Central"" — 2220 NW Military Hwy, San Antonio, TX 78213, USA"
Redemptive Grace Ministries,Christian / General,"2240 FM 725, NEW BRAUNFELS, TX 78130-9506",(830) 624-7223,https://www.redgrace.org/,yes,"Redemptive Grace Ministries — 2240 FM725, New Braunfels, TX 78130, USA"
Taproot Church,,"111 ADELAIDE OAKS, SAN ANTONIO, TX 78249-1528",(210) 570-3661,https://taprootsa.org/,yes,"Taproot Church — 107 Adelaide Oaks, San Antonio, TX 78249, USA"
Anchored By Hope Christian Ministry,Christian / General,"1307 W THEO AVE, SAN ANTONIO, TX 78225-1855",(210) 505-6508,,yes,"Anchored by Hope Christian Ministry — 1307 W Theo Ave, San Antonio, TX 78225, USA"
Lifeshare Church Inc,,"5814 CEDAR CV, SAN ANTONIO, TX 78249-3131",(210) 570-8682,https://www.lifeshare.church/,yes,"LifeShare Church — 5359 Casa Bella St, San Antonio, TX 78249, USA"
Rise Church Inc,,"12274 BANDERA RD STE 109, HELOTES, TX 78023-4386",(210) 310-3057,http://risechurchtx.com/,yes,"RISE Church — 13715 FM1560, Helotes, TX 78023, USA"
Hope Presbyterian Church,Presbyterian,"760 WOOD RD, NEW BRAUNFELS, TX 78130-6131",(225) 588-5300,http://www.hopenb.com/,yes,"Hope Presbyterian Church — 995 Mission Hills Dr, New Braunfels, TX 78130, USA"
Redemption Bible Church,,"311 FM 306 STE 201, NEW BRAUNFELS, TX 78130-2489",(830) 299-7505,http://redemption.bible/,yes,"Redemption Bible Church — 311 FM306, New Braunfels, TX 78130, USA"
One Church San Antonio,,"15003 PEOPLES DR, SAN ANTONIO, TX 78253-5415",,,no,"no confident match (name similarity 0.40 < 0.5). top result: ""The Holy One Church"" — 379 E Petaluma Blvd, San Antonio, TX 78221, USA"
Iglesia La Gloria De Dios,,"16847 INTERSTATE 35 N, SELMA, TX 78154-1266",,,yes,"Iglesia la Gloria de Dios — 16847 I-35 N, Selma, TX 78154, USA"
Trinity Grace Mission Church,,"6391 DE ZAVALA RD STE 106, SAN ANTONIO, TX 78249-2144",,,no,"no confident match (name similarity 0.43 < 0.5). top result: ""Trinity Grace Church San Antonio - A PCA Church"" — 18104 Babcock Rd, San Antonio, TX 78255, USA"
Prophetic Life Ministry,Christian / General,"18303 CABIN RD, SAN ANTONIO, TX 78258-4618",(888) 354-7770,https://www.propheticlife.com/,yes,"Prophetic Life Ministry — 18303 Cabin Rd, San Antonio, TX 78258, USA"
4 Cross Ministries Inc,Christian / General,"7402 GREAT LAKES DR, SAN ANTONIO, TX 78244-1345",,,no,"no confident match (name similarity 0.17 < 0.5). top result: ""Cross Mountain Church"" — 24891 Boerne Stage Rd, San Antonio, TX 78255, USA"
Logos Rhema Christian Ministries,Christian / General,"2402 PINK PEARL DR, SAN ANTONIO, TX 78224-2360",,,no,"no confident match (name similarity 0.33 < 0.5). top result: ""Logos Rhema Church of Houston"" — 16205 Westheimer Rd Ste 400, Houston, TX 77082, USA"
Xtreme Harvest Church,,"6727 NW LOOP 410, SAN ANTONIO, TX 78238-4504",(210) 710-2789,http://xtremeharvestchurch.com/,yes,"Xtreme Harvest Church — 6727 Northwest Loop 410, San Antonio, TX 78238, USA"
Ruths Haven Ministries,Christian / General,"2141 CONNER DR, NEW BRAUNFELS, TX 78130-3774",,,no,"no confident match (name similarity 0.20 < 0.5). top result: ""Redemptive Grace Ministries"" — 2240 FM725, New Braunfels, TX 78130, USA"
The New Covenant Ministry Of San Antonio Texas,Christian / General,"219 MORRILL AVE, SAN ANTONIO, TX 78214-1536",,,no,"no confident match (name similarity 0.25 < 0.5). top result: ""New Covenant Family Church"" — 4555 Walzem Rd #100, San Antonio, TX 78218, USA"
Harper Ministries International,Christian / General,"PO BOX 18792, SAN ANTONIO, TX 78218-0792",,,no,"no confident match (name similarity 0.20 < 0.5). top result: ""Harpers Chapel Ministries"" — 1111 Lombrano St, San Antonio, TX 78207, USA"
Experience Church San Antonio Inc,,"3127 PLEASANTON RD, SAN ANTONIO, TX 78221-2325",(210) 455-0025,http://www.experiencechurchsa.org/,yes,"Experience Church — 6894 US Hwy 87 E, San Antonio, TX 78263, USA"
Word Way Ministries International,Christian / General,"1923 LOCKHILL SELMA, SAN ANTONIO, TX 78213-1574",(210) 588-9322,http://www.wordwayministriesintl.org/,yes,"WORD WAY Ministries International — 1923 Lockhill Selma Rd #118-120, San Antonio, TX 78213, USA"
St Mary Ethiopian Orthodox Tewahido Church In San Antonio Texas,Orthodox,"8102 MIDCROWN DR, WINDCREST, TX 78239-2535",(210) 920-0871,http://facebook.com/StMarySanAntonio/,yes,"Debre Edom St. Mary Ethiopian Orthodox Tewahido Church — 8102 Midcrown Dr, Windcrest, TX 78239, USA"
St Chads Anglican Church,,"PO BOX 781432, SAN ANTONIO, TX 78278-1432",(210) 573-9860,https://stchadssatx.org/,yes,"St. Chad's Anglican Church — 11919 Orsinger Ln, San Antonio, TX 78230, USA"
Creative Impact Ministries Inc,Christian / General,"314 ORION DR, NEW BRAUNFELS, TX 78130-0073",,,no,"no confident match (wrong state). top result: ""Creative Ministries Inc"" — 937B W Kitty Hawk Rd, Kitty Hawk, NC 27949, USA"
Rebel Church Inc,,"15909 SAN PEDRO AVE STE 105, SAN ANTONIO, TX 78232-3743",,,no,"no confident match (name similarity 0.14 < 0.5). top result: ""Pearl St. Church - North Location"" — 15909 San Pedro Ave #105, Hollywood Park, TX 78232, USA"
Temple Chai,,"15316 HUEBNER RD BUILDING 3, SAN ANTONIO, TX 78248-0987",,,no,"no confident match (name similarity 0.20 < 0.5). top result: ""Shiloh Temple of San Antonio"" — 16322 Huebner Rd, San Antonio, TX 78248, USA"
4 His Glory Christian Fellowship Inc,Christian / General,"311 E FORMOSA BLVD, SAN ANTONIO, TX 78221-2912",(210) 551-3811,http://www.bethanysa.org/templates/default.asp?id=47347&PG=contact,yes,"FOR HIS GLORY Fellowship — 4102 Eisenhauer Rd, San Antonio, TX 78218, USA"
Kingdom Assembly Worship Center Inc,,"PO BOX 690245, SAN ANTONIO, TX 78269-0245",(210) 593-8821,,yes,"Kingdom Assembly Worship Center — 3511 Colony Dr, San Antonio, TX 78230, USA"
Word Of Life Gospel Church Inc,,"118 ROSWELL CYN, SAN ANTONIO, TX 78245-2871",,https://revivalwordoflifechurch.org/,yes,"Revival Word of Life Church — 1307 Blanco Woods, San Antonio, TX 78248, USA"
Hebrews1024 Coumminty Church,,"PO BOX 5250, SAN ANTONIO, TX 78201-0250",,,no,"no confident match (name similarity 0.11 < 0.5). top result: ""Hebrews 10:24 Community Church (Lutheran LCMC)"" — 120 Latch Dr, San Antonio, TX 78213, USA"
Ponder Ministries,Christian / General,"414 HICKMAN ST, BOERNE, TX 78006-2713",,,no,"no confident match (name similarity 0.00 < 0.5). top result: ""Morningside at Menger Springs Independent Living"" — 1100 Grand Blvd, Boerne, TX 78006, USA"
Messiah Bible Church,,"814 ARION PKWY STE 410, SAN ANTONIO, TX 78216-2837",(210) 920-6502,http://www.messiahbible.org/,yes,"Messiah Bible Church — 551 E Nakoma Dr, San Antonio, TX 78216, USA"
Wordview Ministries Inc,Christian / General,"215 W BANDERA RD STE 114 PMB 297, BOERNE, TX 78006-2842",,,no,"no confident match (name similarity 0.17 < 0.5). top result: ""WORD WAY Ministries International"" — 1923 Lockhill Selma Rd #118-120, San Antonio, TX 78213, USA"
Tea Pot Ministries Inc,Christian / General,"9039 BROADMOOR BND, SAN ANTONIO, TX 78251-4337",,,no,"no Places results for: Tea Pot Ministries Inc, SAN ANTONIO, TX"
San Antonio Christian Family Fellowship,Christian / General,"5919 OAK BLOSSOM, SAN ANTONIO, TX 78250-2615",(210) 253-7021,https://www.christianfamilychurchsa.com/,yes,"Christian Family Church San Antonio — 3607 N Loop 1604 E, San Antonio, TX 78247, USA"
Christfi Lutheran Mission,Lutheran,"3678 HIDDEN DR APT 2401, SAN ANTONIO, TX 78217-4671",,,no,"no confident match (name similarity 0.20 < 0.5). top result: ""Christ Lutheran Church"" — 6720 Broadway, San Antonio, TX 78209, USA"
Know God Ministries,Christian / General,"7884 SANDPIPER PARK DR, SAN ANTONIO, TX 78249-4494",,,no,"no confident match (name similarity 0.00 < 0.5). top result: ""Cornerstone Church"" — 18755 Stone Oak Pkwy, San Antonio, TX 78258, USA"
Crossroads Church Of South Texas,,"3910 WEST AVE, SAN ANTONIO, TX 78213-3079",(210) 377-0500,https://crossroadstx.church/,yes,"Crossroads Church of South Texas (English & Spanish) — 3910 West Ave, San Antonio, TX 78213, USA"
New Covenant Church San Antonio Inc,,"13203 LA VENTANA ST, SAN ANTONIO, TX 78233-5854",,,no,"no confident match (name similarity 0.43 < 0.5). top result: ""New Covenant Family Church"" — 4555 Walzem Rd #100, San Antonio, TX 78218, USA"
Destiny Center House Of Worship,,"108 CLAPBOARD RUN, CIBOLO, TX 78108-4334",(214) 598-1690,https://dchowchurch.com/contact-us/,yes,"Destiny Center House of Worship — 108 Clapboard Run, Cibolo, TX 78108, USA"
Sowers Church Of Christ Inc,Church of Christ,"5851 ARMSTRONG WL, SAN ANTONIO, TX 78249-2318",(210) 843-1954,https://sowers-sa.org/,yes,"SOWERS Church of Christ — 10822 FM1560 N, San Antonio, TX 78254, USA"
Iglesia De San Antonio,,"16320 HUEBNER RD, SAN ANTONIO, TX 78248-1690",,,no,"no confident match (name similarity 0.11 < 0.5). top result: ""St. Anthony de Padua Catholic Church"" — 102 Lorenz Rd, San Antonio, TX 78209, USA"
Restorative Christian Counseling & Training Ministry,Christian / General,"3923 MAHOGANY CV, SAN ANTONIO, TX 78261-2740",(830) 714-7335,http://restorativechristian.org/,yes,"Restorative Christian Counseling and Training — 20403 Encino Ledge #592054, San Antonio, TX 78259, USA"
Mir Ministries,Christian / General,"PO BOX 2122, BOERNE, TX 78006-3602",,,no,"no confident match (name similarity 0.00 < 0.5). top result: ""Revive House of Messiah"" — 603 Frey St, Boerne, TX 78006, USA"
Fellowship Of Believers Community Church,Christian / General,"1210 BOLING BROOK ST, SAN ANTONIO, TX 78245-1640",(210) 656-2000,http://bfsatx.org/,yes,"Believers Fellowship — 13714 Lookout Rd, San Antonio, TX 78233, USA"
New Center Of Faith Church,,"6414 ROBIN FRST, SAN ANTONIO, TX 78239-3219",,,yes,"New Center of Faith Church - Food Distribution Center — 2127 S Zarzamora St, San Antonio, TX 78207, USA"
Kings Community Church,,"5231 FM 482 STE B STE 200, NEW BRAUNFELS, TX 78132-5432",(737) 344-0683,https://kingscommunity.ch/,yes,"Kings Community Church — 5231 FM482 Bldg B, Suite 200, New Braunfels, TX 78132, USA"
Deaf 316 Ministries Inc,Christian / General,"621 PASEO CANADA ST, SAN ANTONIO, TX 78232-1110",,,no,"no confident match (name similarity 0.17 < 0.5). top result: ""Family Deaf Church"" — 901 E Drexel Ave, San Antonio, TX 78210, USA"
Whartons Dock Family Worship Center,,"13223 BITTERROOT, HELOTES, TX 78023-4369",(830) 314-2009,https://www.facebook.com/share/1EhXJnBMYr/,yes,"Whartons Dock Family Worship Center — 8963 Whartons Dock Rd, Bandera, TX 78003, USA"
Iglesia Cristiana Voz Que Clama,,"9531 STATE HWY 151 APT 9202, SAN ANTONIO, TX 78251-4450",,,yes,"Iglesia Cristiana Voz Que Clama — 7790 Mainland Dr, San Antonio, TX 78250, USA"
Kingdom International Fellowship Of Christian Churches Inc,Christian / General,"24385 WILDERNESS OAK APT 8407, SAN ANTONIO, TX 78258-7766",,,no,"no confident match (name similarity 0.38 < 0.5). top result: ""Kingdom Life Christian Ministries Inc."" — 10635 I-35, San Antonio, TX 78233, USA"
Mar Thoma Congregation Of San Antonio,,"5410 RODGERS RD, SAN ANTONIO, TX 78251-0000",(210) 740-7173,https://www.sanantoniomtc.org/,yes,"Mar Thoma Congregation of San Antonio — 5410 Rogers Rd, San Antonio, TX 78251, USA"
Live Oak Vineyard Church,,"13318 LOMA BONITA, SAN ANTONIO, TX 78233-5396",(210) 240-2010,,yes,"Live Oak Vineyard Wedding Venue — 15327 S Skaggs Rd, Atascosa, TX 78002, USA"
New Beginnings Ministries Of Schertz,Christian / General,"6747 IVY MTN, SCHERTZ, TX 78154-2184",,,yes,"New Beginnings Ministries of Schertz — 5317 Walzem Rd, San Antonio, TX 78218, USA"
Mike Q Daniel Ministries,Christian / General,"19141 STONE OAK PKWY STE 104, SAN ANTONIO, TX 78258-3367",,,no,"no confident match (name similarity 0.00 < 0.5). top result: ""His Grace Church"" — 6995 Alamo Downs Pkwy, San Antonio, TX 78238, USA"
Meta Church Inc,,"1207 RICHLAND HILLS DR, SAN ANTONIO, TX 78251-2013",,,no,"no confident match (name similarity 0.00 < 0.5). top result: ""MetaChurch Potranco"" — 1207 Richland Hills Dr, San Antonio, TX 78251, USA"
The Midst Church & Retreat,,"614 S BUSINESS IH35 C-257, NEW BRAUNFELS, TX 78130-4741",(210) 651-2602,https://the-midst.org/,yes,"The Midst — 35 Nafta Cir Ste 115, New Braunfels, TX 78132, USA"
Christ Of The Hills Church,,"104 W LULLWOOD AVE, SAN ANTONIO, TX 78212-2318",(210) 674-5613,http://www.thehillssa.org/,yes,"The Hills Church — 2255 Horal St, San Antonio, TX 78227, USA"
Alamohills Church,,"7914 CREEK TRAIL ST, SAN ANTONIO, TX 78254-2607",,,no,"no confident match (name similarity 0.25 < 0.5). top result: ""Alamo City Church"" — 6434 N Interstate 35, San Antonio, TX 78218, USA"
Freedom Hill Church Inc,,"3950 EISENHAUER RD, SAN ANTONIO, TX 78218-3407",(210) 655-4643,https://fhsa.church/,yes,"Freedom Hill Church — 3950 Eisenhauer Rd, San Antonio, TX 78218, USA"
Its Already Done Ministries Llc,Christian / General,"13550 DONOP RD, ELMENDORF, TX 78112-5585",,,no,"no confident match (name similarity 0.00 < 0.5). top result: ""iadministries"" — 4102 S New Braunfels Ave Ste 110-401, San Antonio, TX 78223, USA"
Kingdom Business Women Ministry,Christian / General,"543 RICE RD, SAN ANTONIO, TX 78220-3417",(210) 836-5260,https://kingdomwomen2018.wixsite.com/mysite,yes,"Kingdom Business Women's Ministry — 543 Rice Rd, San Antonio, TX 78220, USA"
Gods Family Church International Inc,,"9650 POTRANCO ROAD, SAN ANTONIO, TX 78251-0000",,,no,"no confident match (name similarity 0.13 < 0.5). top result: ""God's Family Ministries"" — 6214 Pecan Valley Dr, San Antonio, TX 78223, USA"
Leadership&Vision Of Christ Ministries Ministerio Liderazgo&Vi,Christian / General,"PO BOX 100845, SAN ANTONIO, TX 78201-0000",,,no,"no confident match (name similarity 0.10 < 0.5). top result: ""Biblical Leadership for Excellence, Inc."" — 2201 NW Military Hwy Ste 100, San Antonio, TX 78213, USA"
1 Church 1 Soul Ministry,Christian / General,"214 BLUE BONNET ST, SAN ANTONIO, TX 78202-2406",,,no,"no confident match (name similarity 0.00 < 0.5). top result: ""ONE"" — 8023 Vantage Dr Ste 200, San Antonio, TX 78230, USA"
Word Ministry Baptist Church,Baptist,"11869 POTRANCO RD APT 4111, SAN ANTONIO, TX 78253-7532",,,no,"no confident match (name similarity 0.14 < 0.5). top result: ""WORD WAY Ministries International"" — 1923 Lockhill Selma Rd #118-120, San Antonio, TX 78213, USA"
Celebrate Hope Ministry Usa,Christian / General,"26254 IH 10 WESTSUITE 210, BOERNE, TX 78006-6554",,,no,"no confident match (name similarity 0.17 < 0.5). top result: ""Living Hope Church"" — 603 Frey St, Boerne, TX 78006, USA"
Iglesia Vida Nueva Stone Oak Incorporation,,"20024 CRESCENT OAKS, SAN ANTONIO, TX 78258-3218",(210) 294-9427,https://www.vidanuevaso.com/,yes,"Iglesia Vida Nueva Stone Oak — 20024 Crescent Oaks, San Antonio, TX 78258, USA"
Iglesia Cristiana La Esposa Del Cordero Inc,,"6214 S ZARZAMORA ST, SAN ANTONIO, TX 78211-3217",,,no,"no confident match (name similarity 0.33 < 0.5). top result: ""Iglesia Cristiana Tierra Prometida Inc."" — 2718 Frontier Dr Block #3, San Antonio, TX 78227, USA"
Logos Christian Church,Christian / General,"10631 JANET LEE DR, SAN ANTONIO, TX 78230-4215",(502) 509-9333,https://www.logoscrc.org/,yes,"Logos Christian Reformed Church — 23943 IH 10 West, 23943 US-87, San Antonio, TX 78257, USA"
United Fellowship Church Texas Inc,Christian / General,"7722 CITADEL PEAK, CONVERSE, TX 78109-1047",,,yes,"United Fellowship Church — 202 W Byrd Blvd, Universal City, TX 78148, USA"
Activate Ministries,Christian / General,"25821 VELVET CRK, SAN ANTONIO, TX 78255-4441",,,no,"no confident match (name similarity 0.33 < 0.5). top result: ""Elevate Ministries"" — 130 Saipan Pl, San Antonio, TX 78221, USA"
Basic Truth Ministry,Christian / General,"7422 SIRIUS MESA, SAN ANTONIO, TX 78252-2255",,,no,"no confident match (name similarity 0.40 < 0.5). top result: ""Free By The Truth Ministry"" — 1119 Churing Dr, San Antonio, TX 78210, USA"
Life Community Church Sa Inc,,"PO BOX 91301, ALAMO HEIGHTS, TX 78209-9099",,,no,"no confident match (name similarity 0.29 < 0.5). top result: ""Life Church of San Antonio"" — 2483 W Southcross Blvd, San Antonio, TX 78211, USA"
Revive Church San Antonio Inc,,"5034 MUSTANG VW, SAN ANTONIO, TX 78244-3532",,https://www.revivechurchsa.com/,yes,"Revive Church — 15909 San Pedro Ave #105, San Antonio, TX 78232, USA"
Journey Fellowship San Antonio,Christian / General,"16847 INTERSTATE 35 N, SELMA, TX 78154-1266",(210) 651-1463,https://myjf.church/,yes,"Journey Fellowship — 16847 I-35, Selma, TX 78154, USA"
Spiritual Love Ministry,Christian / General,"10718 BUTTERFLY FLT, SAN ANTONIO, TX 78254-5461",,,no,"no confident match (name similarity 0.17 < 0.5). top result: ""New Living Spiritual Center"" — 702 Donaldson Ave #111, San Antonio, TX 78201, USA"
North Central Fellowship,Christian / General,"26114 WOOD CHUCK, SAN ANTONIO, TX 78260-5376",(210) 331-4145,https://www.ncfellowship.church/,yes,"North Central Fellowship — 700 El Portal Dr, Hollywood Park, TX 78232, USA"
First Love Christian Church,Christian / General,"11 COTSWOLD LN, SAN ANTONIO, TX 78257-1221",(210) 249-6452,https://firstlovechristianchurchsa.weebly.com/contact.html,yes,"First Love Christian Church — 7923 Donore Pl, San Antonio, TX 78229, USA"
Templo Agua Viva,,"1139 BARCLAY, SAN ANTONIO, TX 78207-7136",(210) 367-4608,,yes,"Templo Agua Viva — 5447 Justo Ln, San Antonio, TX 78227, USA"
R C Freedom Ministries,Christian / General,"4243 E PIEDRAS DR, SAN ANTONIO, TX 78228-1421",,,no,"no confident match (name similarity 0.33 < 0.5). top result: ""RC Freedom Ministries Inc."" — 4243 E Piedras Dr #115, San Antonio, TX 78228, USA"
Connection Covenant Church,,"PO BOX 701332, SAN ANTONIO, TX 78270-1332",(210) 490-2949,http://mycovenantcc.com/,yes,"Covenant Community Church — 15651 Bulverde Rd, San Antonio, TX 78247, USA"
Asha Ministries,Christian / General,"PO BOX 276615, SAN ANTONIO, TX 78227-6615",,,no,"no confident match (name similarity 0.00 < 0.5). top result: ""SA Hope Center"" — 321 N General McMullen Dr, San Antonio, TX 78237, USA"
Church Of Wind Fire And Living Water,,"PO BOX 796, SOMERSET, TX 78069-0796",,,yes,"Living Water Fellowship Church — 2995 TX-97, Pleasanton, TX 78064, USA"
The Rim Church,,"10401 WEST I-10, SAN ANTONIO, TX 78230-0000",,http://therim.church/,yes,"The Rim Church — 4114 Lockhill Selma Rd, San Antonio, TX 78249, USA"
International Pentecostal Church Of Evangelism Inc,Pentecostal,"7723 SHINING GLOW, SAN ANTONIO, TX 78244-3524",,,no,"no confident match (name similarity 0.33 < 0.5). top result: ""Global Evangelism Inc"" — 18755 Stone Oak Pkwy, San Antonio, TX 78258, USA"
Launch Church,,"7619 CEDAR FARM, SAN ANTONIO, TX 78239-3260",,,yes,"LAUNCH CHURCH — 300 E Ramsey Rd, San Antonio, TX 78216, USA"
Embrace Church Of San Antonio,,"4515 FREDERICKSBURG RD STE 8, SAN ANTONIO, TX 78201-6503",(210) 647-6053,https://www.embracechurchsa.org/,yes,"Embrace! Church of San Antonio — 4515 Fredericksburg Rd Ste 8, Balcones Heights, TX 78201, USA"
Trailblazers Legends Of Faith Temple Inc,,"7933 SPLINTERED OAK, SAN ANTONIO, TX 78233-2814",,,no,"no confident match (name similarity 0.00 < 0.5). top result: ""Live the Life Church"" — 5595 US Hwy 87 E, San Antonio, TX 78222, USA"
Relational Impact Ministries,Christian / General,"123 OAK GROVE DR, BOERNE, TX 78006-1734",(210) 636-1776,https://riministries.org/,yes,"Relational Impact Ministries — 631 S School St, Boerne, TX 78006, USA"
Lutheran Parish Of Northwest San Antonio,Lutheran,"5714 CALLAGHAN RD, SAN ANTONIO, TX 78228-1101",,,no,"no confident match (name similarity 0.14 < 0.5). top result: ""Hope Lutheran Church"" — 5714 Callaghan Rd, San Antonio, TX 78228, USA"
New Braunfels Central Tx Foursquare Church,,"360 MCKENNA AVE, NEW BRAUNFELS, TX 78130-7822",,,no,"no confident match (name similarity 0.43 < 0.5). top result: ""Life Church New Braunfels"" — 360 McKenna Ave, New Braunfels, TX 78130, USA"
Starfish Ministry Of Texas,Christian / General,"155 MORNING CIR, BOERNE, TX 78006-8265",,,no,"no confident match (wrong state). top result: ""Starfish Orphan Ministry"" — 1000 Broadway St, Paducah, KY 42001, USA"
Marigold Church,,"2126 SANDY BND, SAN ANTONIO, TX 78264-4653",,,no,"no confident match (name similarity 0.25 < 0.5). top result: ""Mary Mother of the Church"" — 311 Seascape Dr, San Antonio, TX 78251, USA"
Pave The Way For The Lord Ministries,Christian / General,"300 MONTICELLO CT, SAN ANTONIO, TX 78223-2084",,,no,"no confident match (name similarity 0.33 < 0.5). top result: ""WORD WAY Ministries International"" — 1923 Lockhill Selma Rd #118-120, San Antonio, TX 78213, USA"
Metro Church Sa Inc,,"20784 BLUEHILL PASS, HELOTES, TX 78023-3318",,,no,"no confident match (name similarity 0.00 < 0.5). top result: ""MetaChurch Helotes"" — 12132 Leslie Rd, Helotes, TX 78023, USA"
Center Cross Ministries International,Christian / General,"2615 ROGERS CIR, SAN ANTONIO, TX 78258-4605",,,no,"no confident match (name similarity 0.17 < 0.5). top result: ""Ministry of the Third Cross"" — 222 S Comal St, San Antonio, TX 78207, USA"
Newhope Ministries Of Texas,Christian / General,"PO BOX 769398, SAN ANTONIO, TX 78245-9343",,,no,"no confident match (name similarity 0.00 < 0.5). top result: ""New Hope San Antonio"" — 6331 Robin Forest, San Antonio, TX 78239, USA"
Restoration Power Ministries,Christian / General,"3101 CAMERON RIV, SCHERTZ, TX 78108-2366",,,no,"no Places results for: Restoration Power Ministries, SCHERTZ, TX"
All Nations Worship Assembly Of San Antonio,,"8235 VICAR, SAN ANTONIO, TX 78218-1549",(210) 653-2270,http://onnurisa.com/,yes,"All Nations Church - San Antonio — 1250 Holbrook Rd, San Antonio, TX 78218, USA"
D Michael Copeland Ministries Inc,Christian / General,"8700 FOURWINDS DR, WINDCREST, TX 78239-1917",,,no,"no confident match (name similarity 0.33 < 0.5). top result: ""Claudette Copeland Ministries"" — 8700 Fourwinds Dr, San Antonio, TX 78239, USA"
Church On The Dirt Inc,,"1110 CRYSTAL SPG, SAN ANTONIO, TX 78258-6909",,,no,"no confident match (name similarity 0.17 < 0.5). top result: ""Church Unlimited - Stone Oak"" — 24610 US-281, San Antonio, TX 78258, USA"
360 Inner City Church - San Antonio Tx,,"4511 SHAY CIR, SAN ANTONIO, TX 78251-3740",,,no,"no confident match (name similarity 0.25 < 0.5). top result: ""CityChurch San Antonio"" — 9431 Bandera Rd, San Antonio, TX 78250, USA"
Afaayo Africa Ministries Inc,Christian / General,"PO BOX 781044, SAN ANTONIO, TX 78278-1044",(832) 293-1270,https://afaayoafrica.org/contact-us/,yes,"Afaayo Africa Ministries — 102 Woodall Dr, Georgetown, TX 78628, USA"
New Family Iglesia Inc,,"9708 MARBACH PASS, SAN ANTONIO, TX 78245-4719",(210) 544-0837,https://www.newfamilyiglesia.org/,yes,"New Family Iglesia — 5714 Callaghan Rd, San Antonio, TX 78228, USA"
Impact Family Church Of New Braunfels Inc,,"17460 IH 35 NORTH SUITE 430 BOX 422, SCHERTZ, TX 78154-1462",,,no,"no confident match (name similarity 0.33 < 0.5). top result: ""Impact Church"" — 8453 E FM 1518 North, Schertz, TX 78154, USA"
Reclaim Church San Antonio,,"47 SILVERHORN DR, SAN ANTONIO, TX 78216-7888",,https://reclaimsanantonio.com/,yes,"Reclaim Church — 1123 Patricia Dr, San Antonio, TX 78213, USA"
Friends Of Dolph Briscoe Prison Ministry Inc,Christian / General,"4403 BAYBERRY ROW, SAN ANTONIO, TX 78249-2089",,,no,"no Places results for: Friends Of Dolph Briscoe Prison Ministry Inc, SAN ANTONIO, TX"
Mission Of Mercy Outreach Church Inc,,"PO BOX 830215, SAN ANTONIO, TX 78283-0215",,,no,"no confident match (name similarity 0.29 < 0.5). top result: ""Mercy Church San Antonio"" — 8311 S Zarzamora St, San Antonio, TX 78224, USA"
Love Abides Ministry,Christian / General,"7830 MOUNTAIN FRST, SAN ANTONIO, TX 78239-3211",,,no,"no confident match (name similarity 0.25 < 0.5). top result: ""Greater Love"" — 10942 Wye Dr #200, San Antonio, TX 78217, USA"
Grateful Hearts Ministry,Christian / General,"25951 MAHOGONY TRL, SAN ANTONIO, TX 78255-3445",,,no,"no confident match (name similarity 0.25 < 0.5). top result: ""Hearts in Healing"" — 204 Bobcat Bend, Shavano Park, TX 78231, USA"
Communion In The Garden Church Inc,,"14 FABRA OAKS RD, BOERNE, TX 78006-7901",,https://www.thegardensa.org/,yes,"The Garden Church — 9650 Huebner Rd, San Antonio, TX 78240, USA"
First Century Ministry Alliance,Christian / General,"7113 WILD COYOTE LN, BOERNE, TX 78015-2107",,,no,"no confident match (name similarity 0.00 < 0.5). top result: ""nineteen:ten church"" — 130 Sisterdale Rd, Boerne, TX 78006, USA"
Reflection International Ministries,Christian / General,"1525 W BRIDGE ST, NEW BRAUNFELS, TX 78130-6207",,,no,"no confident match (name similarity 0.40 < 0.5). top result: ""New Reflection Church International"" — 305 Wells Fargo Dr Suite A5, Houston, TX 77090, USA"
Providence Reformed Baptist Church,Baptist,"214 LONG COVE DR, CIBOLO, TX 78108-3329",(210) 201-5546,http://prbctx.com/,yes,"Providence Reformed Baptist Church — 214 Long Cove Dr, Cibolo, TX 78108, USA"
Outer West Community Church Inc,,"12280 ALAMO RANCH PKWY, SAN ANTONIO, TX 78253-6677",(210) 807-5400,http://outerwest.org/,yes,"Outer West Community Church — 12280 Alamo Ranch Pkwy, San Antonio, TX 78253, USA"
The City Of God Christian Fellowship Inc,Christian / General,"2622 KERRYBROOK CT APT 104E, SAN ANTONIO, TX 78230-4501",,,no,"no confident match (name similarity 0.33 < 0.5). top result: ""City of God SA"" — 622 Lanark Dr, San Antonio, TX 78218, USA"
Grace Redemption Community Church Inc,,"322 MENLO BLVD, SAN ANTONIO, TX 78223-2412",(210) 222-2030,https://gccsatx.com/,yes,"Grace Community Church — 311 Hedges St, San Antonio, TX 78203, USA"
Moriah Church,,"166 MAVERICK, NEW BRAUNFELS, TX 78132-2414",,,no,"no confident match (name similarity 0.20 < 0.5). top result: ""Mt Moriah Christian Fellowship"" — 839 Sewanee St, San Antonio, TX 78210, USA"
La Vernia Primitive Baptist Church,Baptist,"115 PENNS WAY, SAN ANTONIO, TX 78231-1400",(210) 558-3456,https://www.bethanypbc.church/,yes,"Bethany Primitive Baptist Church — 14203 Babcock Rd, San Antonio, TX 78249, USA"
Garden Church Of New Braunfels,,"23 LA MESA DR, NEW BRAUNFELS, TX 78130-6617",,http://www.gardenchurchnb.com/,yes,"The Garden Church — 220 FM1863, New Braunfels, TX 78132, USA"
Mary Mother Of The Church Catholic Parish,Catholic,"2718 W WOODLAWN AVE, SAN ANTONIO, TX 78228-5124",(210) 395-5137,https://www.mary-our-mother.org/,yes,"Mary Mother of the Church — 311 Seascape Dr, San Antonio, TX 78251, USA"
Fresh Start Church Of San Antonio Inc,,"2419 THOUSAND OAKS DR, SAN ANTONIO, TX 78232-3206",,,no,"no confident match (name similarity 0.25 < 0.5). top result: ""Fresh Start Moving Company"" — 3619 Paesanos Pkwy, San Antonio, TX 78231, USA"
Thelost-Church,,"11910 LOST MEADOWS DR, SCHERTZ, TX 78108-3816",,,no,"no confident match (name similarity 0.14 < 0.5). top result: ""Our Lady of Perpetual Help Catholic Church"" — 16075 N Evans Rd, Selma, TX 78154, USA"
Landonor Youth Ministries Inc,Christian / General,"215 W BANDERA RD STE 114 PMB 141, BOERNE, TX 78006-2842",,,no,"no confident match (name similarity 0.00 < 0.5). top result: ""Living Hope Church"" — 603 Frey St, Boerne, TX 78006, USA"
Windsong Christian Center Umc,Christian / General,"12099 ROBERT GLENN, SAN ANTONIO, TX 78252-0000",(210) 622-3376,,yes,"Windsong Christian Center UMC — 12099 Robert Glenn Rd, San Antonio, TX 78252, USA"
Medical Ministry International Us,Christian / General,"20079 STONE OAK PARKWAY STE 1105-19, SAN ANTONIO, TX 78258-6943",,,no,"no confident match (name similarity 0.00 < 0.5). top result: ""MMI/IR"" — 4100 E Piedras Dr, San Antonio, TX 78228, USA"
Lets Talk Jesus Ministry,Christian / General,"6927 WATERFALL PASS, CONVERSE, TX 78109-3445",,,no,"no confident match (name similarity 0.00 < 0.5). top result: ""Not Just for Sunday"" — 10115 Outlaw Bend, Converse, TX 78109, USA"
Mas Vida Iglesia Cristiana,,"2506 STRATFORD CT, SAN ANTONIO, TX 78223-2246",,https://masvidasa.com/,yes,"MÁS VIDA IGLESIA CRISTIANA — 2143 S WW White Rd, San Antonio, TX 78222, USA"
Abundant Grace Baptist Church And Ministries Inc,Baptist,"7515 RUSTIC TRL, SAN ANTONIO, TX 78244-2410",,,no,"no confident match (name similarity 0.25 < 0.5). top result: ""Abundant Life Church of God"" — 8759 Grissom Rd, San Antonio, TX 78251, USA"
Rescue Point Church,,"8522 WINCHESTER WAY, SAN ANTONIO, TX 78254-1862",,http://rescuepoint.church/,yes,"Rescue Point Church — 6820 Ingram Rd, San Antonio, TX 78238, USA"
Legacy Of Grace Ministries Inc,Christian / General,"PO BOX 790631, SAN ANTONIO, TX 78279-0631",,,yes,"Legacy Of Grace Ministries — 7795 Mainland Dr Ste 107, San Antonio, TX 78250, USA"
Iglesia Ciudad De Dios Luz Y Esperanza,,"7911 GATE BRG, SELMA, TX 78154-3882",,,no,"no confident match (name similarity 0.45 < 0.5). top result: ""Iglesia de Dios Pentecostal M.I. Luz de Esperanza 2"" — 40303 FM 1488, Hempstead, TX 77445, USA"
Jason Sides Ministries,Christian / General,"6633 WALZEM RD, SAN ANTONIO, TX 78239-3612",,,no,"no confident match (name similarity 0.20 < 0.5). top result: ""Christian World Ministries"" — 6633 Walzem Rd, San Antonio, TX 78239, USA"
Lead Like Jesus Ministries,Christian / General,"1606 BRAEBURN BND, SAN ANTONIO, TX 78258-4511",,,no,"no confident match (name similarity 0.17 < 0.5). top result: ""His Life Ministries"" — 1307 Blanco Woods, San Antonio, TX 78248, USA"
We Will Do You Good Ministries,Christian / General,"3023 MARTIN LUTHER KING DR, SAN ANTONIO, TX 78220-3143",,,no,"no confident match (name similarity 0.14 < 0.5). top result: ""The Way Ministries"" — 319 E Mulberry Ave, San Antonio, TX 78212, USA"
Hop Ministry House Of Prayer Ministry,Christian / General,"6323 HIGBEE ML, SAN ANTONIO, TX 78247-6205",(210) 224-5265,,yes,"House of Prayer Christian Ministry — 317 Gorman, San Antonio, TX 78202, USA"
Disciple Community Church,,"10650 CULEBRA RD STE 104, SAN ANTONIO, TX 78251-4950",(210) 570-7653,https://dccsanantonio.com/,yes,"Disciple Community Church — 10619 Westover Hills Blvd, San Antonio, TX 78251, USA"
3 Bird Ministries,Christian / General,"43 CRAVEY RD, BOERNE, TX 78006-7726",(210) 382-0870,http://3birdacres.org/,yes,"3 Bird Acres — 43-101 Cravey Rd, Boerne, TX 78006, USA"
Checotah Ministries,Christian / General,"13710 FRENCH OAKS, HELOTES, TX 78023-4582",(210) 328-0376,https://www.checotahministries.org/,yes,"Checotah Ministries — 5620 Mount Helen Dr, San Antonio, TX 78251, USA"
Real Word Ministries,Christian / General,"PO BOX 761722, SAN ANTONIO, TX 78245-6722",,,no,"no confident match (name similarity 0.40 < 0.5). top result: ""WORD WAY Ministries International"" — 1923 Lockhill Selma Rd #118-120, San Antonio, TX 78213, USA"
Emmaunel Pentecoatal Christian Ministries,Christian / General,"1423 RIVAS ST, SAN ANTONIO, TX 78207-1352",,,no,"no confident match (name similarity 0.00 < 0.5). top result: ""Emmanuel Pentecostal Church Of God In Christ"" — 222 Spriggsdale Ave, San Antonio, TX 78220, USA"
Kyle And Lindsay Ministries,Christian / General,"2654 RED BUD WAY, NEW BRAUNFELS, TX 78132-4283",,,no,"no confident match (name similarity 0.17 < 0.5). top result: ""Kyle Family Therapy LLC"" — 1289 E Common St, New Braunfels, TX 78130, USA"
I Am Channels Of Truth Ministry Inc,Christian / General,"8930 WOODLAND PKWY, BOERNE, TX 78015-6532",,,no,"no confident match (name similarity 0.25 < 0.5). top result: ""Free By The Truth Ministry"" — 1119 Churing Dr, San Antonio, TX 78210, USA"
Race For Life Ministries,Christian / General,"8507 PEGASUS DR, SELMA, TX 78154-3412",,,no,"no confident match (name similarity 0.20 < 0.5). top result: ""Prophetic Life Ministry"" — 18303 Cabin Rd, San Antonio, TX 78258, USA"
Fountain Of Truth Church San Antonio,,"15002 TRADESMAN DRIVE SUITE 103, SAN ANTONIO, TX 78249-1375",,,yes,"Fountain of Truth Church San Antonio — 15002 Tradesman Dr, San Antonio, TX 78249, USA"
Dingil Mariyam Ethiopian Orthodox Tewahedo Church In San Antonio,Orthodox,"6243 LOWRIE, SAN ANTONIO, TX 78239-4408",(773) 931-4570,,yes,"Debre Genet Kidist Dingil Mariyam Ethiopian Orthodox Tewahedo Church San Antonio — 5400 Callaghan Rd, San Antonio, TX 78228, USA"
Pursuit Church Sa,,"27207 STARRY MOUNTAIN ST, SAN ANTONIO, TX 78260-1830",(830) 350-5516,https://pursuitchurchsa.com/,yes,"Pursuit Church SA — 4337 Vance Jackson Rd Ste 100, 102, San Antonio, TX 78230, USA"
St Jose Luis Sanchez Del Rio Catholic Church,Catholic,"21140 GATHERING OAK, SAN ANTONIO, TX 78260-3196",,,no,"no confident match (name similarity 0.31 < 0.5). top result: ""St. José Sánchez del Río Catholic Church"" — 21140 Gathering Oak, San Antonio, TX 78260, USA"
Local Church San Antonio,,"12138 DAWSON CIR, SAN ANTONIO, TX 78253-6395",(210) 487-9723,https://localchurch.life/,yes,"Local Church San Antonio — 7530 Bandera Rd #140, San Antonio, TX 78238, USA"
Queens Of Valor Ministry,Christian / General,"11335 MORINO PARK, SAN ANTONIO, TX 78249-4276",(210) 243-6849,https://www.queensofvalorministry.org/contact-us,yes,"Queens of Valor Ministry — 11335 Morino Park, San Antonio, TX 78249, USA"
Light Of The World Ministry Inc,Christian / General,"4606 TAMARON PARK, SAN ANTONIO, TX 78253-5413",,,no,"no confident match (name similarity 0.40 < 0.5). top result: ""The Light of the World Church"" — 5710 I-10, San Antonio, TX 78201, USA"
Home Church San Antonio,,"11215 OCATE, HELOTES, TX 78023-4187",(210) 201-7087,https://www.homechurchsa.com/,yes,"Home Church San Antonio — 16148 Bandera Rd, Helotes, TX 78023, USA"
Congregation Shalom Of San Antonio,,"PO BOX 700187, SAN ANTONIO, TX 78270-0187",,,no,"no confident match (name similarity 0.17 < 0.5). top result: ""Congregation Rodfei Sholom"" — 3003 Sholom Dr, San Antonio, TX 78230, USA"
Season Church Inc,,"2386 DOVE CROSSING DR, NEW BRAUNFELS, TX 78130-3070",(210) 452-4097,https://seasonchurch.org/,yes,"Season Church — 410 W Coll St, New Braunfels, TX 78130, USA"
Reflection Of Christ Ministry,Christian / General,"PO BOX 1222, BOERNE, TX 78006-1222",(346) 550-2295,https://www.reflectionofchrist.org/,yes,"Reflection of Christ Ministries — 4740 Spring Cypress Rd D, Spring, TX 77379, USA"
Lovenaction Ministries,Christian / General,"716 POTOMAC, SAN ANTONIO, TX 78202-3057",,,no,"no confident match (name similarity 0.00 < 0.5). top result: ""Love in Action | Amor en Acción"" — 614 Chalmers Ave, San Antonio, TX 78214, USA"
Gifts Of The Spirit Ministry Inc,Christian / General,"13042 GROVE PT, SAN ANTONIO, TX 78253-5755",,,no,"no confident match (name similarity 0.20 < 0.5). top result: ""Gifts of Faith"" — 6301 Northwest Loop 410, San Antonio, TX 78238, USA"
Alamo Community Church Downtown,,"729 E WOODLAWN AVE, SAN ANTONIO, TX 78212-3136",,,no,"no confident match (name similarity 0.40 < 0.5). top result: ""Alamo City Church"" — 6434 N Interstate 35, San Antonio, TX 78218, USA"
El Camino Christian Church Tx Inc,Christian / General,"8118 TEZEL RD, SAN ANTONIO, TX 78250-3032",,,no,"no confident match (name similarity 0.44 < 0.5). top result: ""El Camino Bible Church, San Antonio, TX"" — 5719 Mobud St, San Antonio, TX 78238, USA"
Redeemed Fellowship Of New Braunfels,Christian / General,"803 MCGAR ST, NEW BRAUNFELS, TX 78130-6256",,,no,"no confident match (name similarity 0.17 < 0.5). top result: ""Freedom Fellowship Church"" — 410 Oak Run Point, New Braunfels, TX 78132, USA"
Raw Ministries,Christian / General,"727A JOHNS RD, BOERNE, TX 78006-3230",,,no,"no confident match (name similarity 0.00 < 0.5). top result: ""Revive House of Messiah"" — 603 Frey St, Boerne, TX 78006, USA"
Hes Alive Ministries Inc,Christian / General,"6430 GREEN APPLE DR, SAN ANTONIO, TX 78233-3901",,,no,"no Places results for: Hes Alive Ministries Inc, SAN ANTONIO, TX"
Worthy People Ministries,Christian / General,"3700 FREDRICKSBURG ROAD STE 152, SAN ANTONIO, TX 78201-3269",,,no,"no confident match (name similarity 0.00 < 0.5). top result: ""Prophetic Life Ministry"" — 18303 Cabin Rd, San Antonio, TX 78258, USA"
Orchard A Mission Of The Church Of God 7Th Day,Church of God,"20345 STATE HWY 16 S, VON ORMY, TX 78073-4807",,,no,"no confident match (name similarity 0.33 < 0.5). top result: ""The Orchard Church"" — 2839 Woodbury Dr, San Antonio, TX 78217, USA"
Faithwallet Ministries,Christian / General,"7927 HIGHLAND PARK, SAN ANTONIO, TX 78250-5132",,,no,"no confident match (name similarity 0.00 < 0.5). top result: ""FaithWalk Fellowship San Antonio"" — 18011 Redriver Sky, San Antonio, TX 78259, USA"
Wellspring Fellowship Church,Christian / General,"6531 FM 78 STE 110 PMB 411, SAN ANTONIO, TX 78244-1456",(210) 389-4970,https://wellspringchurchsa.org/,yes,"WellSpring Fellowship Church Converse, Texas — 6531 FM78 Ste 110 PMB 411, San Antonio, TX 78244, USA"
Jim Rion Ministries,Christian / General,"4827 RANCHERS RDG, SAN ANTONIO, TX 78251-4350",,,no,"no confident match (name similarity 0.00 < 0.5). top result: ""Westover Hills Church"" — 9340 Westover Hills Blvd, San Antonio, TX 78251, USA"
Tapestry Free Methodist Church,Methodist,"8311 OAK HARVEST DR, SAN ANTONIO, TX 78254-4540",,,no,"no confident match (name similarity 0.29 < 0.5). top result: ""Travis Park United Methodist Church"" — 230 E Travis St, San Antonio, TX 78205, USA"
All Nations Worship Assembly Of Houston,,"8235 VICAR, SAN ANTONIO, TX 78218-1549",,,no,"no confident match (name similarity 0.25 < 0.5). top result: ""All Nations Church - San Antonio"" — 1250 Holbrook Rd, San Antonio, TX 78218, USA"
Calvary Temple Global Ministries,Christian / General,"2330 WINNING COLORS, SAN ANTONIO, TX 78248-2515",,,no,"no confident match (name similarity 0.25 < 0.5). top result: ""ct|church (Calvary Temple Assembly of God)"" — 14335 O'Connor Rd, San Antonio, TX 78247, USA"
Boerne River Church Inc,,"309 WATER ST STE 105, BOERNE, TX 78006-2866",(830) 331-9755,http://www.boerneriverchurch.org/,yes,"Boerne River Church — 17 Old San Antonio Rd, Boerne, TX 78006, USA"
Women Of Faith And Wisdom Ministry,Christian / General,"25926 MISSION BLF, BOERNE, TX 78015-6553",,,no,"no Places results for: Women Of Faith And Wisdom Ministry, BOERNE, TX"
Gam Yachad Congregation,,"1846 MUSK ROSE, CONVERSE, TX 78109-4391",(210) 264-4976,https://gamyachad.com/,yes,"Gam Yachad Congregation — 8800 Broadway #245, San Antonio, TX 78217, USA"
Sheila Ortiz Diaz Ministries,Christian / General,"11934 DEVIN CHASE, SAN ANTONIO, TX 78253-5821",,,no,"no confident match (name similarity 0.17 < 0.5). top result: ""His Life Ministries"" — 1307 Blanco Woods, San Antonio, TX 78248, USA"
Impact Community Church Of New Braunfels,,"2141 CONNER DR, NEW BRAUNFELS, TX 78130-3774",,,no,"no confident match (name similarity 0.40 < 0.5). top result: ""Impact Church"" — 8453 E FM 1518 North, Schertz, TX 78154, USA"
Kingdom Legacy Worship Center,,"15610 HENDERSON PASS UNIT 701512, SAN ANTONIO, TX 78270-0859",(210) 593-8821,,yes,"Kingdom Assembly Worship Center — 3511 Colony Dr, San Antonio, TX 78230, USA"
True Worshippers Of Hashem Fellowship Limited,Christian / General,"632 MUSKOGEE BND, NEW BRAUNFELS, TX 78132-5008",(830) 302-9964,,yes,"True Worshippers Fellowship — 632 Muskogee Bend, New Braunfels, TX 78132, USA"
International Church Of Faith Inc,,"23111 HICKORY PASS, SAN ANTONIO, TX 78264-4240",,,yes,"International Faith Temple Church — 327 Balboa Ave, San Antonio, TX 78237, USA"
Pillar Church Of San Antonio,,"3331 CHEROKEE CV, SAN ANTONIO, TX 78253-6358",,https://pillarsanantonio.com/,yes,"Pillar Church of San Antonio — 12260 Rockwall Mill, San Antonio, TX 78253, USA"
Garden City Church Inc,,"516 WILLOW, SAN ANTONIO, TX 78202-1244",,http://www.garden-city.church/,yes,"Garden City Church — 515 Willow St, San Antonio, TX 78202, USA"
Jc Homeless Ministries,Christian / General,"2804 BETHANY DR, SCHERTZ, TX 78108-3557",,,no,"no Places results for: Jc Homeless Ministries, SCHERTZ, TX"
Milton K Smith Ministries Inc,Christian / General,"25910 KALKSTEINE LOOP, NEW BRAUNFELS, TX 78132-2794",,,no,"no confident match (name similarity 0.10 < 0.5). top result: ""New Braunfels Christian Ministries - Kids Club"" — 169 S Hickory Ave, New Braunfels, TX 78130, USA"
City Of Refuge Church Ministry,Christian / General,"8800 BROADWAY STE 225, SAN ANTONIO, TX 78217-6383",,,no,"no confident match (name similarity 0.33 < 0.5). top result: ""City of Refuge Christian Fellowship"" — 8800 Broadway #225, San Antonio, TX 78217, USA"
Green Pastures & Still Waters Ministries,Christian / General,"2179 AUGUST AVE, NEW BRAUNFELS, TX 78132-0113",,,no,"no confident match (wrong state). top result: ""Green Pastures and Still Waters Barn LLC"" — 7126 Blue Grass Rd, Durham, NC 27703, USA"
Rugged Peak Ministries,Christian / General,"1411 NOLAN ST, SAN ANTONIO, TX 78202-2440",,,no,"no confident match (wrong state). top result: ""Rugged Faith Ministries"" — 11410 S Juniper St, Jenks, OK 74037, USA"
Fireworks Church,,"129 BRISTOW WAY, BOERNE, TX 78006-8597",,,no,"no confident match (name similarity 0.17 < 0.5). top result: ""Fireman's Finest Fireworks - Boerne"" — 826 Johns Rd, Boerne, TX 78006, USA"
Post-Apocalyptic Catholic Church Corp,Catholic,"1906 MARCO POLO, WINDCREST, TX 78239-1854",,,no,"no confident match (name similarity 0.22 < 0.5). top result: ""Our Lady of Perpetual Help Catholic Church"" — 16075 N Evans Rd, Selma, TX 78154, USA"
Rhema Bible Fellowship Of San Antonio,Christian / General,"6834 SPRING GARDEN ST, SAN ANTONIO, TX 78249-2914",,,no,"no confident match (name similarity 0.33 < 0.5). top result: ""Fellowship Bible Church"" — 8603 Huebner Rd, San Antonio, TX 78240, USA"
Healing For You Ministries,Christian / General,"563 CHERRY RIDGE DR, SAN ANTONIO, TX 78213-2850",,,no,"no confident match (name similarity 0.00 < 0.5). top result: ""ONE"" — 8023 Vantage Dr Ste 200, San Antonio, TX 78230, USA"
Fly Ministries,Christian / General,"15223 COMANCHE GARD, SAN ANTONIO, TX 78233-3033",,,no,"no confident match (name similarity 0.00 < 0.5). top result: ""Flye's Christian Store & More"" — 552 S WW White Rd, San Antonio, TX 78220, USA"
Belong Church San Antonio Inc,,"7429 LINKWOOD ST, SAN ANTONIO, TX 78240-3050",,https://belongchurchsa.com/,yes,"Belong Church — 7790 Mainland Dr Ste 101, San Antonio, TX 78250, USA"
Hope Of Life Methodist Ministries Inc,Methodist,"2607 SALLY GAY DR, SAN ANTONIO, TX 78223-2239",,,no,"no confident match (name similarity 0.29 < 0.5). top result: ""Hope Of Life Christian church"" — 1424 San Fernando St, San Antonio, TX 78207, USA"
Arabic Baptist Church Of San Antonio,Baptist,"718 WILDGROVE LN, SAN ANTONIO, TX 78258-0000",(210) 237-6744,,yes,"ARABIC BAPTIST CHURCH OF SAN ANTONIO — 10915 Vance Jackson Rd, San Antonio, TX 78230, USA"
Shine Bright Ministries Inc,Christian / General,"43360 IH 10 WEST, BOERNE, TX 78006-7948",,,no,"no confident match (name similarity 0.40 < 0.5). top result: ""Light Shine Ministries"" — 2295 Bulverde Rd, Bulverde, TX 78163, USA"
Resource Center For Congregational Mental Health,,"140 W SUNSET RD, SAN ANTONIO, TX 78209-2633",,,no,"no confident match (name similarity 0.17 < 0.5). top result: ""The Ecumenical Center"" — 8310 Ewing Halsell Dr, San Antonio, TX 78229, USA"
Miracle Workers Ministry,Christian / General,"407 MESA HL, SAN ANTONIO, TX 78258-4837",,,no,"no confident match (name similarity 0.25 < 0.5). top result: ""Miracle Ministries"" — 3115 Knight Robin Dr, San Antonio, TX 78209, USA"
Rivers Of Hope Ministries,Christian / General,"PO BOX 40064, SAN ANTONIO, TX 78229-1064",(210) 693-0124,https://riversofhopeministries.com/,yes,"Rivers of Hope Ministries — 7015 Wurzbach Rd, San Antonio, TX 78240, USA"
Full Gospel Thanksgiving Church,,"PO BOX 18231, SAN ANTONIO, TX 78218-0231",(210) 316-2408,,yes,"Full Gospel Thanksgiving Church(Korean ) — 2367 Austin Hwy #102, San Antonio, TX 78218, USA"
Northcliffe Interdenominational Community Church,,"8590 CRESTWAY RD, CONVERSE, TX 78109-3425",,,no,"no confident match (name similarity 0.17 < 0.5). top result: ""Northeast Church of Christ"" — 8195 FM78, Converse, TX 78109, USA"
Grace Episcopal Church,Episcopal,"6275 CAMP BULLIS RD, SAN ANTONIO, TX 78257-9731",(210) 606-5599,http://gracechurchsa.org/,yes,"Grace Church — 20459 Carrie Louise St, San Antonio, TX 78257, USA"
Faith Christian Center,Christian / General,"13383 GREENSTONE, SAN ANTONIO, TX 78249-4507",(210) 785-9238,https://wofsa.com/,yes,"Word Of Faith Christian Center — 1928 Basse Rd, San Antonio, TX 78213, USA"
Iglesia De Dios Ministerial De Jesucristo International Inc,,"HOTEL INN AND SUITES AIRPORT, SAN ANTONIO, TX 78216-0000",,,no,"no confident match (name similarity 0.29 < 0.5). top result: ""Church of God Ministry of Jesus Christ Intl.Iglesia de Dios Ministerial- IDMJI"" — 1929 La Manda Blvd, San Antonio, TX 78201, USA"
Liberty Grace Community Church,,"4331 SOMERVILLE BAY, SAN ANTONIO, TX 78244-1350",(210) 573-6693,https://libertygracecommunitychurch.com/about-us/,yes,"Liberty Grace Community Church — 8801 FM1976 Ste 114, Converse, TX 78109, USA"
Laodicean Hope Lay Ministry Corp,Christian / General,"9326 VALLEY WAY DR, SAN ANTONIO, TX 78250-5721",,,no,"no confident match (name similarity 0.33 < 0.5). top result: ""Hope and Healing Ministry"" — 722 Robinhood Pl, San Antonio, TX 78209, USA"
Catholic Daughters Of The Americas,Catholic,"8500 CROSS MOUNTAIN TRL, SAN ANTONIO, TX 78255-2026",(210) 844-8941,https://sthelenacda.com/contact-us/,yes,"Catholic Daughters of the Americas — 4014 Bentway St, San Antonio, TX 78217, USA"
Life Impact Ministries Inc,Christian / General,"9204 CENTRO BONITO, SAN ANTONIO, TX 78245-1294",,,no,"no confident match (name similarity 0.17 < 0.5). top result: ""Impact Church SA"" — 3703 W Martin St, San Antonio, TX 78207, USA"
Your Blessed Life Ministries Inc,Christian / General,"8126 CEDAR KNOLL DR, SAN ANTONIO, TX 78255-2204",,,no,"no confident match (name similarity 0.29 < 0.5). top result: ""Blessed Life Christian Church"" — 6919 Montgomery Dr, San Antonio, TX 78239, USA"
See The Light Ministries,Christian / General,"28295 I H 10 W 4 230, BOERNE, TX 78006-0000",(830) 438-8483,,yes,"Light Shine Ministries — 2295 Bulverde Rd, Bulverde, TX 78163, USA"
Crossover Victory Church - San Antonio Texas,,"230 MOUNT VERNON CT, SAN ANTONIO, TX 78223-2054",,,yes,"Crossover Victory Church — 230 Mt Vernon Ct, San Antonio, TX 78223, USA"
Chosen4Service Community Church,,"PO BOX 762211, SAN ANTONIO, TX 78245-7211",,,no,"no confident match (name similarity 0.25 < 0.5). top result: ""Chosen4Service Ministries"" — 1323 Brookstone, San Antonio, TX 78248, USA"
Psalm 67 And 2 Ministries,Christian / General,"12207 LOST RNCH, SAN ANTONIO, TX 78254-6313",,,no,"no Places results for: Psalm 67 And 2 Ministries, SAN ANTONIO, TX"
Redemption Church Sa,,"140 PLACID DR, SAN ANTONIO, TX 78228-5027",,,yes,"Redemption Church SA — 914 McCauley Blvd, San Antonio, TX 78221, USA"
We Are Here 2 Help Ministry Inc,Christian / General,"6707 VELMA PATH, SAN ANTONIO, TX 78253-7429",,,no,"no confident match (name similarity 0.00 < 0.5). top result: ""The Way Ministries"" — 319 E Mulberry Ave, San Antonio, TX 78212, USA"
Family Mosaic Ministries Inc,Christian / General,"7500 PARADISE RD LOT 41, SAN ANTONIO, TX 78244-2255",,,no,"no confident match (name similarity 0.17 < 0.5). top result: ""Mosaic Church SA"" — 6703 W Commerce St, San Antonio, TX 78227, USA"
One Calling Global Ministries Inc,Christian / General,"PO BOX 1500, HELOTES, TX 78023-1500",,,no,"no Places results for: One Calling Global Ministries Inc, HELOTES, TX"
Kingdom Ministries Global,Christian / General,"11710 PARLIAMENT ST APT 102, SAN ANTONIO, TX 78213-1165",,,no,"no confident match (name similarity 0.33 < 0.5). top result: ""Kingdom Life Christian Ministries Inc."" — 10635 I-35, San Antonio, TX 78233, USA"
South City Church San Antonio,,"4215 DESERT GOLD DR, SAN ANTONIO, TX 78222-4847",,,no,"no confident match (name similarity 0.33 < 0.5). top result: ""CityChurch San Antonio"" — 9431 Bandera Rd, San Antonio, TX 78250, USA"
Foxhole Ministries,Christian / General,"8323 CULEBRA RD STE 103, SAN ANTONIO, TX 78251-1682",,,no,"no confident match (name similarity 0.00 < 0.5). top result: ""Community Bible Church"" — 2477 N Loop 1604 E, San Antonio, TX 78232, USA"
Iglesia Biblica La Puerta,,"15310 HUEBNER RD, SAN ANTONIO, TX 78248-0986",,https://www.iglesiabiblicalapuerta.org/,yes,"Iglesia Biblica La Puerta — 15310 Huebner Rd, San Antonio, TX 78248, USA"
Christ Community Church Satx,,"1300 EVANS RD, SAN ANTONIO, TX 78258-6916",(210) 741-9949,http://www.christcommunitysa.org/,yes,"Christ Community Church — 1300 Evans Rd, San Antonio, TX 78258, USA"
Walkin The Walk Ministries Inc,Christian / General,"PO BOX 700983, SAN ANTONIO, TX 78270-0983",,,no,"no confident match (name similarity 0.00 < 0.5). top result: ""FaithWalk Fellowship San Antonio"" — 18011 Redriver Sky, San Antonio, TX 78259, USA"
Garden Church Of San Antonio,,"7143 SPRING POINT ST, SAN ANTONIO, TX 78249-2600",,https://www.thegardensa.org/,yes,"The Garden Church — 9650 Huebner Rd, San Antonio, TX 78240, USA"
Lynette Janine Ministries,Christian / General,"2186 JACKSON KELLER RD PMB 3068, SAN ANTONIO, TX 78213-2723",,,no,"no confident match (name similarity 0.25 < 0.5). top result: ""Luminary Ministries"" — 5210 Thousand Oaks Dr, San Antonio, TX 78233, USA"
Nouel Ministries,Christian / General,"17227 ROCK FLS, SAN ANTONIO, TX 78248-1524",,,no,"no confident match (name similarity 0.00 < 0.5). top result: ""Ministry Center"" — 4306 Naco Pass, San Antonio, TX 78217, USA"
Compassionate Recovery On Purpose Ministries,Christian / General,"5827 NW LOOP 410 APT 1801, SAN ANTONIO, TX 78238-2513",,,no,"no confident match (name similarity 0.00 < 0.5). top result: ""Compassion Church"" — 2862 Thousand Oaks Dr #4193, San Antonio, TX 78232, USA"
Texas Emmanuel Baptist Church,Baptist,"5955 FARM TO MARKET RD 78, SAN ANTONIO, TX 78244-0000",(716) 903-6058,https://www.texasemmanuelbaptistchurch.com/,yes,"Texas Emmanuel Baptist Church — 5955 FM78, San Antonio, TX 78244, USA"
Behold 1 Church & Ministries,Christian / General,"701 SW 24TH ST, SAN ANTONIO, TX 78207-4669",(210) 451-7057,,yes,"Behold 1 Church & Ministries — 701 SW 24th St, San Antonio, TX 78207, USA"
Beauty From Ashes Ministries,Christian / General,"3111 SOLEDAD LN, NEW BRAUNFELS, TX 78132-2866",,,no,"no Places results for: Beauty From Ashes Ministries, NEW BRAUNFELS, TX"
Order My Steps Ministries International Inc,Christian / General,"3626 MELODY FLDS, CONVERSE, TX 78109-3678",(210) 348-3795,https://www.omsmi.org/pastoral-counseling,yes,"Order My Steps Ministries International — 2717 E Commerce St, San Antonio, TX 78203, USA"
Iglesia Baustista Hispana Luz Y Vida Inc,,"12606 LOST RIDGE DR, LIVE OAK, TX 78233-3212",,,no,"no confident match (wrong state). top result: ""Comunidad Cristiana Luz y Vida"" — 1218 N Rockwell Ave, Oklahoma City, OK 73127, USA"
Church Of Collectiveism,,"6347 SUNSET HAVEN ST, SAN ANTONIO, TX 78249-2435",,,no,"no confident match (name similarity 0.33 < 0.5). top result: ""The CLLXTV Church"" — 3265 Roosevelt Ave, San Antonio, TX 78214, USA"
Iglesia Cristiana Roca De Refugio,,"409 FLORIDA ST, SAN ANTONIO, TX 78210-1517",(210) 544-1970,http://www.icrssanantoniotx.org/,yes,"Iglesia Cristiana Roca De Salvacion — 7326 Harlow Dr, San Antonio, TX 78218, USA"
Lions Den Church,,"7606 WESTROCK DR, SAN ANTONIO, TX 78227-3402",,,no,"no confident match (name similarity 0.17 < 0.5). top result: ""Lion of Judah Christian Church"" — 826 W Mayfield Blvd, San Antonio, TX 78211, USA"
Campus Advancement Ministries,Christian / General,"50 RUST LN, BOERNE, TX 78006-8200",,,no,"no confident match (name similarity 0.20 < 0.5). top result: ""La Cantera Ministries"" — 136 Maravillas, Boerne, TX 78006, USA"
Grace Life Church Of San Antonio,,"517 LIVINGSTON DR, SCHERTZ, TX 78108-3480",,https://thegracelife.church/,yes,"Grace Life Church — 1230 Borgfeld Rd, Schertz, TX 78154, USA"
Debre Sahle St Michael Eritrean Ort Hodox Tewahdo Church,,"PO BOX 1021, HELOTES, TX 78023-1021",,,no,"no confident match (name similarity 0.25 < 0.5). top result: ""DEBRE SAHL KIDUS MICHAEL ERITREANS CHURCH"" — 4990 View Dr, San Antonio, TX 78228, USA"
Zion Apostolic Center,Apostolic,"13326 WIND RDG, HELOTES, TX 78023-3980",,https://www.facebook.com/profile.php,yes,"Zion Apostolic Center (Sion Centro Apostolico) — 806 W Ridgewood Ct, San Antonio, TX 78212, USA"
Grace Vision Ministry,Christian / General,"1681 RIVER RD APT 3113, BOERNE, TX 78006-8317",,,no,"no confident match (name similarity 0.17 < 0.5). top result: ""Grace Bible Church of Boerne"" — 120 Cascade Cavern, Boerne, TX 78015, USA"
Living Water Community Church San Antonio Inc,,"9423 RAINBOW CRK, SAN ANTONIO, TX 78245-1483",(210) 920-7010,https://mylivingwater.church/,yes,"Living Water Community Church SA — 6812 Bandera Rd #215, Leon Valley, TX 78238, USA"
Ecclesia United Church,,"6802 CIVILIAN, SAN ANTONIO, TX 78223-4855",(210) 570-3040,https://www.facebook.com/EcclesiaUnited,yes,"Ecclesia United Church — 2143 S WW White Rd, San Antonio, TX 78222, USA"
Hl Liberated Ministries,Christian / General,"4331 SOMERVILLE BAY, SAN ANTONIO, TX 78244-1350",,,no,"no confident match (wrong state). top result: ""Liberated Living Ministries"" — 494 E 141st St, Glenpool, OK 74033, USA"
Big Homie Street Mentoring Ministry,Christian / General,"9414 GRAZE BR, SAN ANTONIO, TX 78211-1209",,,no,"no Places results for: Big Homie Street Mentoring Ministry, SAN ANTONIO, TX"
Harpers Chapel Ministries,Christian / General,"10823 YAUPON HOLLY, HELOTES, TX 78023-4286",(210) 732-5931,http://www.harperscbc.com/,yes,"Harpers Chapel Ministries — 1111 Lombrano St, San Antonio, TX 78207, USA"
Hearts Connections Ministries,Christian / General,"1919 KINDER RUN, SAN ANTONIO, TX 78260-2177",,,no,"no confident match (name similarity 0.25 < 0.5). top result: ""Hearts in Healing"" — 204 Bobcat Bend, Shavano Park, TX 78231, USA"
Bible Study Fellowship,Christian / General,"18756 STONE OAK PARKWAY, SAN ANTONIO, TX 78258-4790",,,no,"no confident match (name similarity 0.00 < 0.5). top result: ""BSF International HQ"" — San Antonio, TX 78258, USA"
San Antonio North Foursquare Church,,"20825 WILDERNESS OAK, SAN ANTONIO, TX 78258-2627",,,no,"no confident match (name similarity 0.17 < 0.5). top result: ""Lifehouse Church"" — 20825 Wilderness Oak, San Antonio, TX 78258, USA"
Love Fellowship Christian Ctr,Christian / General,"8523 TANBARK DR, SAN ANTONIO, TX 78240-3709",,,no,"no confident match (name similarity 0.14 < 0.5). top result: ""Love Family Worship Center"" — 7500 Eckhert Rd #420, San Antonio, TX 78240, USA"
Thelma Gospel Christian Church,Christian / General,"22131 PLEASANTON RD, SAN ANTONIO, TX 78264-3731",(210) 626-3494,,yes,"Thelma Gospel Christian Church — 22131 Pleasanton Rd, San Antonio, TX 78264, USA"
Korean Grace Baptist Church,Baptist,"5838 JOINER, SAN ANTONIO, TX 78238-1810",(210) 612-5414,https://sites.google.com/site/kgbc2009/,yes,"Korean Grace Baptist Church — 5838 Joiner Dr, San Antonio, TX 78238, USA"
The River Church,,"18118 CERCA PIEDRA, SAN ANTONIO, TX 78259-3530",(210) 490-5262,http://www.reallife.org/,yes,"River City Community Church — 16765 Lookout Rd, Selma, TX 78154, USA"
Hope And Healing Ministries,Christian / General,"722 ROBINHOOD PL, SAN ANTONIO, TX 78209-3400",(210) 373-1437,https://hopehealingministries.org/,yes,"Hope and Healing Ministry — 722 Robinhood Pl, San Antonio, TX 78209, USA"
Soul Winners Ministry,Christian / General,"3922 TURNING PINE EDGE, CONVERSE, TX 78109-1580",,,no,"no Places results for: Soul Winners Ministry, CONVERSE, TX"
Mercifully Broken Ministries,Christian / General,"6010 VENADO TRCE, SAN ANTONIO, TX 78240-3367",,,no,"no confident match (name similarity 0.00 < 0.5). top result: ""Ministry of Mercy"" — 3325 Single Peak, San Antonio, TX 78261, USA"
Gateway Fellowship Espanol,Christian / General,"10907 W LOOP 1604 N, SAN ANTONIO, TX 78254-3300",,,no,"no confident match (name similarity 0.40 < 0.5). top result: ""Gateway Fellowship Church - Northwest"" — 10907 TX-1604 Loop, San Antonio, TX 78254, USA"
Gateway Fellowship Church Westside,Christian / General,"11439 TURMOIL CURV, SAN ANTONIO, TX 78254-4580",(210) 852-2081,http://www.mygateway.tv/westside,yes,"Gateway Fellowship Church—Westside Assemblies of God — 1103 Merida St, San Antonio, TX 78207, USA"
Adonais Fragrance Ministry,Christian / General,"4138 SOUTHTON TARN, SAN ANTONIO, TX 78223-2473",,,no,"no confident match (name similarity 0.00 < 0.5). top result: ""Adonai Church"" — 7250 Bandera Rd, San Antonio, TX 78238, USA"
Samaritans In Christ Motorcycle Ministry Incorporated,Christian / General,"13519 AUBURN OAKS, SAN ANTONIO, TX 78247-3708",,,no,"no confident match (name similarity 0.00 < 0.5). top result: ""Samministries"" — 5922 Blanco Rd, San Antonio, TX 78216, USA"
You Feed Them Fellowship,Christian / General,"16200 NACOGDOCHES RD, SAN ANTONIO, TX 78247-1003",,,no,"no confident match (name similarity 0.17 < 0.5). top result: ""The Fellowship of San Antonio"" — 23755 Canyon Golf Rd, San Antonio, TX 78258, USA"
New Creation Church International,,"9010 LUNAR LNDG, SAN ANTONIO, TX 78252-4674",,,no,"no confident match (name similarity 0.29 < 0.5). top result: ""New Creation Christian Fellowship Windcrest"" — 8700 Fourwinds Dr, Windcrest, TX 78239, USA"
Veterans For Christ Ministry,Christian / General,"13418 CORAM PEAK ST, SAN ANTONIO, TX 78248-1202",(210) 273-5976,https://www.mvfc-us.org/,yes,"Military Veterans for Christ — 4603 St John's Way Portable Room #3, San Antonio, TX 78212, USA"
Fresh Oil Ministries Of San Antonio Tx Inc,Christian / General,"7333 POTRANCO RD APT 30103, SAN ANTONIO, TX 78251-1505",,,no,"no confident match (name similarity 0.17 < 0.5). top result: ""Fresh Anointing Church AKA City of Truth Ministries"" — 1507 Cupples Rd, San Antonio, TX 78226, USA"
Assemble Ministries Inc,Christian / General,"235 ARENDES DR, NEW BRAUNFELS, TX 78132-5125",,,no,"no confident match (name similarity 0.20 < 0.5). top result: ""Strategic Alliance Ministries"" — 520 FM1863, New Braunfels, TX 78132, USA"
Open Heavens International Ministries,Christian / General,"212 HINGE CRK, CIBOLO, TX 78108-3351",,,no,"no Places results for: Open Heavens International Ministries, CIBOLO, TX"
Abound Catholic,Catholic,"210 SAINT ANN, SAN ANTONIO, TX 78201-6357",,,no,"no confident match (name similarity 0.20 < 0.5). top result: ""Holy Trinity Catholic Church"" — 20523 Huebner Rd, San Antonio, TX 78258, USA"
Storehouse Church Inc,,"14503 GOLD RUSH PASS, SAN ANTONIO, TX 78254-4470",(210) 599-8136,https://www.storehousemf.org/about-us,yes,"Storehouse — 1331 S WW White Rd #103, San Antonio, TX 78220, USA"
Bethany Prayer Ministries Inc,Christian / General,"7700 BROADWAY STE 104 PMB 1040, SAN ANTONIO, TX 78209-3260",,,no,"no confident match (name similarity 0.20 < 0.5). top result: ""Bethany Church"" — 1322 Brookstone, San Antonio, TX 78248, USA"
Sam Nobles Ministries,Christian / General,"26108 OVERLOOK PARKWAY, SAN ANTONIO, TX 78260-6046",,,no,"no confident match (name similarity 0.00 < 0.5). top result: ""SAMMinistries Administration Offices"" — 1919 Northwest Loop 410 #100, San Antonio, TX 78213, USA"
Inspiration Moments And Ministry,Christian / General,"688 COLT TRL, SCHERTZ, TX 78154-2081",,,no,"no confident match (name similarity 0.25 < 0.5). top result: ""Inspiration Center"" — 8930 Fourwinds Dr #103, Windcrest, TX 78239, USA"
Find The Lost Ministry Incorporated,Christian / General,"6847 SCHILLINGS KY, SAN ANTONIO, TX 78252-2377",,,no,"no confident match (name similarity 0.14 < 0.5). top result: ""Free By The Truth Ministry"" — 1119 Churing Dr, San Antonio, TX 78210, USA"
Waymakers Ministries Inc,Christian / General,"11620 HOLLERING PASS, SCHERTZ, TX 78154-6147",(512) 419-7729,https://waymakers.org/,yes,"WayMakers — 6701 Arroyo Seco, Austin, TX 78757, USA"
Church Of The Redeemer - Anglican,,"244 FM 306 STE 120 PMB 321, NEW BRAUNFELS, TX 78130-5487",(830) 491-2501,https://www.redeemernb.net/,yes,"Church of the Redeemer — Homewood Suites Meeting Room, 620 Oxford Dr, New Braunfels, TX 78130, USA"
Food And The Word Outreach Ministry,Christian / General,"10730 POTRANCO RD STE 122 PMB 134, SAN ANTONIO, TX 78251-3330",,,no,"no confident match (name similarity 0.33 < 0.5). top result: ""Word of Deliverance Ministry/Church"" — 935 Iowa St, San Antonio, TX 78203, USA"
New Storehouse Ministries,Christian / General,"27715 BORDELON WAY, SAN ANTONIO, TX 78260-1451",(210) 599-8136,https://www.storehousemf.org/about-us,yes,"Storehouse — 1331 S WW White Rd #103, San Antonio, TX 78220, USA"
Mess 2 Message Ministries,Christian / General,"PO BOX 32, SOMERSET, TX 78069-0032",,,no,"no Places results for: Mess 2 Message Ministries, SOMERSET, TX"
Cancer Care Ministries,Christian / General,"CANCER CARE MINISTRIES, SAN ANTONIO, TX 78213-0000",,,no,"no confident match (name similarity 0.10 < 0.5). top result: ""UT Health San Antonio MD Anderson Cancer Center"" — 7979 Wurzbach Rd, San Antonio, TX 78229, USA"
Faith Living Church Corporation,,"1308 E COMMON ST STE 205, NEW BRAUNFELS, TX 78130-3561",(830) 305-1804,https://www.faithlivingchurchnbtx.com/,yes,"Faith Living Church — 7037 FM1044 Bldg 8 suite 802, Marion, TX 78124, USA"
Rise To Faith Church,,"16207 GARDEN OAKS ST, SAN ANTONIO, TX 78232-2503",(210) 681-8723,https://www.faithchurchsa.com/,yes,"Faith Church — 8023 Huebner Rd, San Antonio, TX 78240, USA"
